text,label,label_id
Abscess found near tooth 19; endodontic treatment is needed.,root_canal_form,8
"Patient says food gets stuck in tooth 14, possible cavity requiring filling.",filling_form,5
Patient cannot sleep because tooth 7 has constant pulsing pain.,root_canal_form,8
Patient has gum inflammation and periodontal assessment is required.,periodontal_form,7
Tooth 8 hurts when eating sweets and may need filling.,filling_form,5
Patient broke a crown while chewing and needs crown evaluation.,crown_bridge_form,2
Broken tooth 17 has poor prognosis and extraction is planned.,extraction_form,4
"Patient reports bad breath and plaque buildup, cleaning recommended.",cleaning_form,0
Scaling and root planing recommended due to gum disease.,periodontal_form,7
Deep pockets and bleeding gums suggest periodontal disease.,periodontal_form,7
Patient has bite issue and may need orthodontic treatment.,orthodontic_form,6
Patient is due for regular hygiene cleaning appointment.,cleaning_form,0
Severe nerve pain in tooth 20; root canal treatment recommended.,root_canal_form,8
Patient is unsure which tooth hurts and needs examination.,consultation_form,1
Patient needs crown placement on damaged tooth 4.,crown_bridge_form,2
Patient reports jaw pain and needs dental consultation.,consultation_form,1
Deep decay reached nerve of tooth 8; root canal therapy planned.,root_canal_form,8
Abscess found near tooth 20; endodontic treatment is needed.,root_canal_form,8
Tooth 31 cannot be restored and should be removed.,extraction_form,4
Patient needs orthodontic consultation for crowded teeth.,orthodontic_form,6
Scaling and root planing recommended due to gum disease.,periodontal_form,7
Patient has general tooth discomfort and requests dental evaluation.,consultation_form,1
Patient requires root canal treatment on tooth 27 because of infection.,root_canal_form,8
Patient broke a crown while chewing and needs crown evaluation.,crown_bridge_form,2
Patient has general tooth discomfort and requests dental evaluation.,consultation_form,1
Bridge replacement required due to fractured dental restoration.,crown_bridge_form,2
Scaling and root planing recommended due to gum disease.,periodontal_form,7
"Patient reports loose teeth and gum recession, periodontal treatment needed.",periodontal_form,7
"Patient reports loose teeth and gum recession, periodontal treatment needed.",periodontal_form,7
Tooth 29 extraction is needed due to severe decay.,extraction_form,4
Facial swelling and severe tooth pain require urgent dental care.,emergency_form,3
Patient has gum inflammation and periodontal assessment is required.,periodontal_form,7
Braces consultation requested due to misaligned teeth.,orthodontic_form,6
"Patient reports loose painful tooth 29, removal may be needed.",extraction_form,4
Patient needs orthodontic consultation for crowded teeth.,orthodontic_form,6
Patient came for general dental assessment and treatment planning.,consultation_form,1
Patient has dental trauma after accident and needs emergency evaluation.,emergency_form,3
Tartar accumulation found during exam; dental cleaning is required.,cleaning_form,0
Deep decay reached nerve of tooth 11; root canal therapy planned.,root_canal_form,8
Consultation needed for ongoing mouth pain and sensitivity.,consultation_form,1
Tooth 20 extraction is needed due to severe decay.,extraction_form,4
"Bleeding gums observed, cleaning and oral hygiene instructions recommended.",cleaning_form,0
Tooth 6 hurts when eating sweets and may need filling.,filling_form,5
Patient broke a crown while chewing and needs crown evaluation.,crown_bridge_form,2
Patient has bite issue and may need orthodontic treatment.,orthodontic_form,6
Clear aligner assessment requested for teeth alignment.,orthodontic_form,6
"Patient says food gets stuck in tooth 9, possible cavity requiring filling.",filling_form,5
"Patient reports loose painful tooth 12, removal may be needed.",extraction_form,4
Deep decay reached nerve of tooth 8; root canal therapy planned.,root_canal_form,8
Patient has swelling and pain around tooth 15; extraction may be required.,extraction_form,4
Patient cannot sleep because tooth 9 has constant pulsing pain.,root_canal_form,8
Tooth 24 extraction is needed due to severe decay.,extraction_form,4
Patient has swelling and pain around tooth 21; extraction may be required.,extraction_form,4
"Bleeding gums observed, cleaning and oral hygiene instructions recommended.",cleaning_form,0
Scaling and root planing recommended due to gum disease.,periodontal_form,7
"Patient reports bad breath and plaque buildup, cleaning recommended.",cleaning_form,0
Patient woke up with swollen face and severe mouth pain.,emergency_form,3
Deep decay reached nerve of tooth 21; root canal therapy planned.,root_canal_form,8
"Patient reports bad breath and plaque buildup, cleaning recommended.",cleaning_form,0
Patient cannot sleep because tooth 8 has constant pulsing pain.,root_canal_form,8
"Patient says food gets stuck in tooth 20, possible cavity requiring filling.",filling_form,5
Patient requires root canal treatment on tooth 10 because of infection.,root_canal_form,8
Consultation needed for ongoing mouth pain and sensitivity.,consultation_form,1
Patient came for general dental assessment and treatment planning.,consultation_form,1
Patient has general tooth discomfort and requests dental evaluation.,consultation_form,1
"Dental exam showed tooth decay on tooth 8, restorative filling recommended.",filling_form,5
Tooth 31 hurts when eating sweets and may need filling.,filling_form,5
Tooth 18 hurts when eating sweets and may need filling.,filling_form,5
Patient requires root canal treatment on tooth 29 because of infection.,root_canal_form,8
Patient is unsure which tooth hurts and needs examination.,consultation_form,1
Deep pockets and bleeding gums suggest periodontal disease.,periodontal_form,7
Patient has gum inflammation and periodontal assessment is required.,periodontal_form,7
"Patient reports bad breath and plaque buildup, cleaning recommended.",cleaning_form,0
Consultation needed for ongoing mouth pain and sensitivity.,consultation_form,1
Patient reports sensitivity to cold drinks and filling is needed on tooth 3.,filling_form,5
Patient has gum inflammation and periodontal assessment is required.,periodontal_form,7
Patient has dental trauma after accident and needs emergency evaluation.,emergency_form,3
Deep decay reached nerve of tooth 8; root canal therapy planned.,root_canal_form,8
Bridge replacement required due to fractured dental restoration.,crown_bridge_form,2
Abscess found near tooth 14; endodontic treatment is needed.,root_canal_form,8
Patient needs orthodontic consultation for crowded teeth.,orthodontic_form,6
"Patient reports loose teeth and gum recession, periodontal treatment needed.",periodontal_form,7
"Patient reports loose teeth and gum recession, periodontal treatment needed.",periodontal_form,7
"Dental exam showed tooth decay on tooth 30, restorative filling recommended.",filling_form,5
Patient reports sensitivity to cold drinks and filling is needed on tooth 6.,filling_form,5
Patient has swelling and pain around tooth 17; extraction may be required.,extraction_form,4
"Dental exam showed tooth decay on tooth 28, restorative filling recommended.",filling_form,5
Facial swelling and severe tooth pain require urgent dental care.,emergency_form,3
Braces consultation requested due to misaligned teeth.,orthodontic_form,6
Facial swelling and severe tooth pain require urgent dental care.,emergency_form,3
Patient says teeth are shifting and wants orthodontic advice.,orthodontic_form,6
Patient has dental trauma after accident and needs emergency evaluation.,emergency_form,3
Patient cannot sleep because tooth 15 has constant pulsing pain.,root_canal_form,8
Clear aligner assessment requested for teeth alignment.,orthodontic_form,6
"Patient reports bad breath and plaque buildup, cleaning recommended.",cleaning_form,0
Facial swelling and severe tooth pain require urgent dental care.,emergency_form,3
Deep pockets and bleeding gums suggest periodontal disease.,periodontal_form,7
Patient has gum inflammation and periodontal assessment is required.,periodontal_form,7
"Dental exam showed tooth decay on tooth 20, restorative filling recommended.",filling_form,5
Patient says teeth are shifting and wants orthodontic advice.,orthodontic_form,6
Clear aligner assessment requested for teeth alignment.,orthodontic_form,6
"Patient reports bad breath and plaque buildup, cleaning recommended.",cleaning_form,0
Tartar accumulation found during exam; dental cleaning is required.,cleaning_form,0
Scaling and root planing recommended due to gum disease.,periodontal_form,7
Patient is unsure which tooth hurts and needs examination.,consultation_form,1
Patient has dental trauma after accident and needs emergency evaluation.,emergency_form,3
Braces consultation requested due to misaligned teeth.,orthodontic_form,6
Tooth 31 hurts when eating sweets and may need filling.,filling_form,5
"Bleeding gums observed, cleaning and oral hygiene instructions recommended.",cleaning_form,0
Patient reports sensitivity to cold drinks and filling is needed on tooth 15.,filling_form,5
Patient has swelling and pain around tooth 1; extraction may be required.,extraction_form,4
Patient came for general dental assessment and treatment planning.,consultation_form,1
Patient needs crown placement on damaged tooth 32.,crown_bridge_form,2
Braces consultation requested due to misaligned teeth.,orthodontic_form,6
Patient has dental trauma after accident and needs emergency evaluation.,emergency_form,3
"Dental exam showed tooth decay on tooth 23, restorative filling recommended.",filling_form,5
"Patient says food gets stuck in tooth 16, possible cavity requiring filling.",filling_form,5
Tooth 11 cannot be restored and should be removed.,extraction_form,4
"Patient reports loose teeth and gum recession, periodontal treatment needed.",periodontal_form,7
Periodontal charting required because of bleeding and bone loss.,periodontal_form,7
Tooth 28 cannot be restored and should be removed.,extraction_form,4
Patient has gum inflammation and periodontal assessment is required.,periodontal_form,7
Patient needs orthodontic consultation for crowded teeth.,orthodontic_form,6
Bridge replacement required due to fractured dental restoration.,crown_bridge_form,2
"Patient reports loose painful tooth 22, removal may be needed.",extraction_form,4
Deep pockets and bleeding gums suggest periodontal disease.,periodontal_form,7
"Bleeding gums observed, cleaning and oral hygiene instructions recommended.",cleaning_form,0
Tooth 19 extraction is needed due to severe decay.,extraction_form,4
Patient needs crown placement on damaged tooth 3.,crown_bridge_form,2
Severe nerve pain in tooth 17; root canal treatment recommended.,root_canal_form,8
Patient needs crown placement on damaged tooth 28.,crown_bridge_form,2
Facial swelling and severe tooth pain require urgent dental care.,emergency_form,3
Patient reports jaw pain and needs dental consultation.,consultation_form,1
Old crown on tooth 8 is loose and needs replacement.,crown_bridge_form,2
Tooth 31 cannot be restored and should be removed.,extraction_form,4
Patient broke tooth 7 yesterday and reports sharp pain.,emergency_form,3
Bridge replacement required due to fractured dental restoration.,crown_bridge_form,2
Patient reports jaw pain and needs dental consultation.,consultation_form,1
"Dental exam showed tooth decay on tooth 9, restorative filling recommended.",filling_form,5
"Bleeding gums observed, cleaning and oral hygiene instructions recommended.",cleaning_form,0
Patient came for general dental assessment and treatment planning.,consultation_form,1
Clear aligner assessment requested for teeth alignment.,orthodontic_form,6
"Patient reports loose painful tooth 28, removal may be needed.",extraction_form,4
Scaling and root planing recommended due to gum disease.,periodontal_form,7
Patient has cavity on tooth 27 and needs composite filling.,filling_form,5
Abscess found near tooth 21; endodontic treatment is needed.,root_canal_form,8
Patient has general tooth discomfort and requests dental evaluation.,consultation_form,1
Patient reports jaw pain and needs dental consultation.,consultation_form,1
Scaling and root planing recommended due to gum disease.,periodontal_form,7
"Dental exam showed tooth decay on tooth 14, restorative filling recommended.",filling_form,5
"Dental exam showed tooth decay on tooth 5, restorative filling recommended.",filling_form,5
"Dental exam showed tooth decay on tooth 4, restorative filling recommended.",filling_form,5
Clear aligner assessment requested for teeth alignment.,orthodontic_form,6
Patient broke tooth 26 yesterday and reports sharp pain.,emergency_form,3
Clear aligner assessment requested for teeth alignment.,orthodontic_form,6
Patient reports jaw pain and needs dental consultation.,consultation_form,1
Scaling and root planing recommended due to gum disease.,periodontal_form,7
Patient needs crown placement on damaged tooth 29.,crown_bridge_form,2
Patient requires root canal treatment on tooth 13 because of infection.,root_canal_form,8
Patient has gum inflammation and periodontal assessment is required.,periodontal_form,7
Severe nerve pain in tooth 6; root canal treatment recommended.,root_canal_form,8
Bridge replacement required due to fractured dental restoration.,crown_bridge_form,2
Scaling and root planing recommended due to gum disease.,periodontal_form,7
Patient broke a crown while chewing and needs crown evaluation.,crown_bridge_form,2
Deep pockets and bleeding gums suggest periodontal disease.,periodontal_form,7
Patient has general tooth discomfort and requests dental evaluation.,consultation_form,1
Tooth 2 hurts when eating sweets and may need filling.,filling_form,5
Patient has gum inflammation and periodontal assessment is required.,periodontal_form,7
Patient came for general dental assessment and treatment planning.,consultation_form,1
Patient has cavity on tooth 27 and needs composite filling.,filling_form,5
Patient reports jaw pain and needs dental consultation.,consultation_form,1
"Patient reports loose teeth and gum recession, periodontal treatment needed.",periodontal_form,7
Broken tooth 19 has poor prognosis and extraction is planned.,extraction_form,4
Braces consultation requested due to misaligned teeth.,orthodontic_form,6
"Patient reports loose painful tooth 22, removal may be needed.",extraction_form,4
Patient has cavity on tooth 1 and needs composite filling.,filling_form,5
"Patient reports bad breath and plaque buildup, cleaning recommended.",cleaning_form,0
Patient broke tooth 31 yesterday and reports sharp pain.,emergency_form,3
Bridge replacement required due to fractured dental restoration.,crown_bridge_form,2
Patient has swelling and pain around tooth 10; extraction may be required.,extraction_form,4
Patient cannot sleep because tooth 11 has constant pulsing pain.,root_canal_form,8
Tooth 32 hurts when eating sweets and may need filling.,filling_form,5
Patient has dental trauma after accident and needs emergency evaluation.,emergency_form,3
Patient has plaque buildup and needs dental cleaning.,cleaning_form,0
Patient came for general dental assessment and treatment planning.,consultation_form,1
Patient reports sensitivity to cold drinks and filling is needed on tooth 14.,filling_form,5
Braces consultation requested due to misaligned teeth.,orthodontic_form,6
Scaling and root planing recommended due to gum disease.,periodontal_form,7
Facial swelling and severe tooth pain require urgent dental care.,emergency_form,3
Consultation needed for ongoing mouth pain and sensitivity.,consultation_form,1
Patient needs crown placement on damaged tooth 14.,crown_bridge_form,2
Patient needs orthodontic consultation for crowded teeth.,orthodontic_form,6
Patient has dental trauma after accident and needs emergency evaluation.,emergency_form,3
Deep decay reached nerve of tooth 7; root canal therapy planned.,root_canal_form,8
Tooth 2 extraction is needed due to severe decay.,extraction_form,4
"Dental exam showed tooth decay on tooth 13, restorative filling recommended.",filling_form,5
Scaling and root planing recommended due to gum disease.,periodontal_form,7
"Patient reports bad breath and plaque buildup, cleaning recommended.",cleaning_form,0
Tartar accumulation found during exam; dental cleaning is required.,cleaning_form,0
Patient has plaque buildup and needs dental cleaning.,cleaning_form,0
Patient has general tooth discomfort and requests dental evaluation.,consultation_form,1
"Patient reports loose painful tooth 7, removal may be needed.",extraction_form,4
Tartar accumulation found during exam; dental cleaning is required.,cleaning_form,0
Braces consultation requested due to misaligned teeth.,orthodontic_form,6
Patient cannot sleep because tooth 31 has constant pulsing pain.,root_canal_form,8
Patient needs crown placement on damaged tooth 2.,crown_bridge_form,2
Severe nerve pain in tooth 18; root canal treatment recommended.,root_canal_form,8
Patient needs orthodontic consultation for crowded teeth.,orthodontic_form,6
Patient has bite issue and may need orthodontic treatment.,orthodontic_form,6
Tooth 15 cannot be restored and should be removed.,extraction_form,4
"Patient reports bad breath and plaque buildup, cleaning recommended.",cleaning_form,0
Deep pockets and bleeding gums suggest periodontal disease.,periodontal_form,7
Deep pockets and bleeding gums suggest periodontal disease.,periodontal_form,7
Patient needs orthodontic consultation for crowded teeth.,orthodontic_form,6
Braces consultation requested due to misaligned teeth.,orthodontic_form,6
Scaling and root planing recommended due to gum disease.,periodontal_form,7
Patient came for general dental assessment and treatment planning.,consultation_form,1
Consultation needed for ongoing mouth pain and sensitivity.,consultation_form,1
Patient says teeth are shifting and wants orthodontic advice.,orthodontic_form,6
Patient says teeth are shifting and wants orthodontic advice.,orthodontic_form,6
Tooth 20 extraction is needed due to severe decay.,extraction_form,4
Patient has plaque buildup and needs dental cleaning.,cleaning_form,0
"Patient reports loose teeth and gum recession, periodontal treatment needed.",periodontal_form,7
"Patient reports loose painful tooth 32, removal may be needed.",extraction_form,4
Braces consultation requested due to misaligned teeth.,orthodontic_form,6
"Patient says food gets stuck in tooth 30, possible cavity requiring filling.",filling_form,5
Tooth 8 hurts when eating sweets and may need filling.,filling_form,5
Patient broke a crown while chewing and needs crown evaluation.,crown_bridge_form,2
Patient reports jaw pain and needs dental consultation.,consultation_form,1
Patient reports sensitivity to cold drinks and filling is needed on tooth 23.,filling_form,5
Braces consultation requested due to misaligned teeth.,orthodontic_form,6
Patient has swelling and pain around tooth 16; extraction may be required.,extraction_form,4
"Patient reports bad breath and plaque buildup, cleaning recommended.",cleaning_form,0
Large restoration on tooth 30 failed; crown treatment recommended.,crown_bridge_form,2
Broken tooth 3 has poor prognosis and extraction is planned.,extraction_form,4
Broken tooth 13 has poor prognosis and extraction is planned.,extraction_form,4
Deep pockets and bleeding gums suggest periodontal disease.,periodontal_form,7
"Dental exam showed tooth decay on tooth 7, restorative filling recommended.",filling_form,5
Large restoration on tooth 32 failed; crown treatment recommended.,crown_bridge_form,2
Patient broke tooth 32 yesterday and reports sharp pain.,emergency_form,3
Tartar accumulation found during exam; dental cleaning is required.,cleaning_form,0
Patient has general tooth discomfort and requests dental evaluation.,consultation_form,1
Patient has severe dental pain and needs emergency appointment.,emergency_form,3
Tooth 1 hurts when eating sweets and may need filling.,filling_form,5
Tooth 17 hurts when eating sweets and may need filling.,filling_form,5
Patient has dental trauma after accident and needs emergency evaluation.,emergency_form,3
"Patient says food gets stuck in tooth 30, possible cavity requiring filling.",filling_form,5
Patient reports sensitivity to cold drinks and filling is needed on tooth 9.,filling_form,5
Patient reports sensitivity to cold drinks and filling is needed on tooth 17.,filling_form,5
Patient needs orthodontic consultation for crowded teeth.,orthodontic_form,6
Patient has bite issue and may need orthodontic treatment.,orthodontic_form,6
Patient has bite issue and may need orthodontic treatment.,orthodontic_form,6
Tooth 2 extraction is needed due to severe decay.,extraction_form,4
Patient woke up with swollen face and severe mouth pain.,emergency_form,3
Periodontal charting required because of bleeding and bone loss.,periodontal_form,7
Patient needs orthodontic consultation for crowded teeth.,orthodontic_form,6
Patient has general tooth discomfort and requests dental evaluation.,consultation_form,1
Deep decay reached nerve of tooth 9; root canal therapy planned.,root_canal_form,8
Patient cannot sleep because tooth 27 has constant pulsing pain.,root_canal_form,8
Periodontal charting required because of bleeding and bone loss.,periodontal_form,7
Patient needs crown placement on damaged tooth 10.,crown_bridge_form,2
Periodontal charting required because of bleeding and bone loss.,periodontal_form,7
Facial swelling and severe tooth pain require urgent dental care.,emergency_form,3
Scaling and root planing recommended due to gum disease.,periodontal_form,7
Patient needs crown placement on damaged tooth 32.,crown_bridge_form,2
Tooth 28 hurts when eating sweets and may need filling.,filling_form,5
Patient has swelling and pain around tooth 18; extraction may be required.,extraction_form,4
Deep pockets and bleeding gums suggest periodontal disease.,periodontal_form,7
Consultation needed for ongoing mouth pain and sensitivity.,consultation_form,1
Broken tooth 19 has poor prognosis and extraction is planned.,extraction_form,4
Deep pockets and bleeding gums suggest periodontal disease.,periodontal_form,7
Patient has gum inflammation and periodontal assessment is required.,periodontal_form,7
Broken tooth 2 has poor prognosis and extraction is planned.,extraction_form,4
Old crown on tooth 10 is loose and needs replacement.,crown_bridge_form,2
Patient needs orthodontic consultation for crowded teeth.,orthodontic_form,6
Tooth 27 extraction is needed due to severe decay.,extraction_form,4
Patient is unsure which tooth hurts and needs examination.,consultation_form,1
Clear aligner assessment requested for teeth alignment.,orthodontic_form,6
Patient broke a crown while chewing and needs crown evaluation.,crown_bridge_form,2
Clear aligner assessment requested for teeth alignment.,orthodontic_form,6
Patient has general tooth discomfort and requests dental evaluation.,consultation_form,1
Patient requires root canal treatment on tooth 7 because of infection.,root_canal_form,8
Patient came for general dental assessment and treatment planning.,consultation_form,1
Old crown on tooth 30 is loose and needs replacement.,crown_bridge_form,2
Patient requires root canal treatment on tooth 32 because of infection.,root_canal_form,8
Braces consultation requested due to misaligned teeth.,orthodontic_form,6
Tooth 23 cannot be restored and should be removed.,extraction_form,4
Patient has cavity on tooth 15 and needs composite filling.,filling_form,5
Tooth 8 hurts when eating sweets and may need filling.,filling_form,5
Clear aligner assessment requested for teeth alignment.,orthodontic_form,6
Scaling and root planing recommended due to gum disease.,periodontal_form,7
"Patient reports loose teeth and gum recession, periodontal treatment needed.",periodontal_form,7
Patient needs orthodontic consultation for crowded teeth.,orthodontic_form,6
Patient has severe dental pain and needs emergency appointment.,emergency_form,3
Patient reports sensitivity to cold drinks and filling is needed on tooth 23.,filling_form,5
Patient needs crown placement on damaged tooth 15.,crown_bridge_form,2
Old crown on tooth 26 is loose and needs replacement.,crown_bridge_form,2
Consultation needed for ongoing mouth pain and sensitivity.,consultation_form,1
"Patient reports bad breath and plaque buildup, cleaning recommended.",cleaning_form,0
Patient has bite issue and may need orthodontic treatment.,orthodontic_form,6
Patient has cavity on tooth 15 and needs composite filling.,filling_form,5
"Patient reports loose teeth and gum recession, periodontal treatment needed.",periodontal_form,7
Tartar accumulation found during exam; dental cleaning is required.,cleaning_form,0
Broken tooth 16 has poor prognosis and extraction is planned.,extraction_form,4
Consultation needed for ongoing mouth pain and sensitivity.,consultation_form,1
Tooth 23 extraction is needed due to severe decay.,extraction_form,4
Patient has cavity on tooth 30 and needs composite filling.,filling_form,5
Patient came for general dental assessment and treatment planning.,consultation_form,1
Broken tooth 25 has poor prognosis and extraction is planned.,extraction_form,4
"Bleeding gums observed, cleaning and oral hygiene instructions recommended.",cleaning_form,0
Patient broke tooth 13 yesterday and reports sharp pain.,emergency_form,3
Large restoration on tooth 24 failed; crown treatment recommended.,crown_bridge_form,2
Patient is unsure which tooth hurts and needs examination.,consultation_form,1
Abscess found near tooth 11; endodontic treatment is needed.,root_canal_form,8
Patient reports jaw pain and needs dental consultation.,consultation_form,1
Bridge replacement required due to fractured dental restoration.,crown_bridge_form,2
Scaling and root planing recommended due to gum disease.,periodontal_form,7
Patient broke tooth 18 yesterday and reports sharp pain.,emergency_form,3
Patient cannot sleep because tooth 10 has constant pulsing pain.,root_canal_form,8
Severe nerve pain in tooth 8; root canal treatment recommended.,root_canal_form,8
Tartar accumulation found during exam; dental cleaning is required.,cleaning_form,0
Patient reports jaw pain and needs dental consultation.,consultation_form,1
Severe nerve pain in tooth 5; root canal treatment recommended.,root_canal_form,8
"Patient reports loose teeth and gum recession, periodontal treatment needed.",periodontal_form,7
"Dental exam showed tooth decay on tooth 22, restorative filling recommended.",filling_form,5
Consultation needed for ongoing mouth pain and sensitivity.,consultation_form,1
Tartar accumulation found during exam; dental cleaning is required.,cleaning_form,0
Tooth 22 cannot be restored and should be removed.,extraction_form,4
Large restoration on tooth 9 failed; crown treatment recommended.,crown_bridge_form,2
Patient is due for regular hygiene cleaning appointment.,cleaning_form,0
Patient needs crown placement on damaged tooth 27.,crown_bridge_form,2
Patient came for general dental assessment and treatment planning.,consultation_form,1
Severe nerve pain in tooth 1; root canal treatment recommended.,root_canal_form,8
Patient cannot sleep because tooth 26 has constant pulsing pain.,root_canal_form,8
"Patient reports loose teeth and gum recession, periodontal treatment needed.",periodontal_form,7
Tooth 11 cannot be restored and should be removed.,extraction_form,4
Patient has gum inflammation and periodontal assessment is required.,periodontal_form,7
Patient has general tooth discomfort and requests dental evaluation.,consultation_form,1
Patient is due for regular hygiene cleaning appointment.,cleaning_form,0
Tartar accumulation found during exam; dental cleaning is required.,cleaning_form,0
"Patient reports bad breath and plaque buildup, cleaning recommended.",cleaning_form,0
"Patient reports loose painful tooth 7, removal may be needed.",extraction_form,4
Patient has severe dental pain and needs emergency appointment.,emergency_form,3
Deep pockets and bleeding gums suggest periodontal disease.,periodontal_form,7
"Patient says food gets stuck in tooth 27, possible cavity requiring filling.",filling_form,5
Bridge replacement required due to fractured dental restoration.,crown_bridge_form,2
Tooth 24 extraction is needed due to severe decay.,extraction_form,4
Tooth 8 hurts when eating sweets and may need filling.,filling_form,5
Patient is unsure which tooth hurts and needs examination.,consultation_form,1
Patient woke up with swollen face and severe mouth pain.,emergency_form,3
Patient has general tooth discomfort and requests dental evaluation.,consultation_form,1
Tooth 20 extraction is needed due to severe decay.,extraction_form,4
Patient has general tooth discomfort and requests dental evaluation.,consultation_form,1
Tooth 26 hurts when eating sweets and may need filling.,filling_form,5
"Patient says food gets stuck in tooth 8, possible cavity requiring filling.",filling_form,5
Broken tooth 16 has poor prognosis and extraction is planned.,extraction_form,4
Facial swelling and severe tooth pain require urgent dental care.,emergency_form,3
Bridge replacement required due to fractured dental restoration.,crown_bridge_form,2
Deep decay reached nerve of tooth 3; root canal therapy planned.,root_canal_form,8
Patient has cavity on tooth 13 and needs composite filling.,filling_form,5
Patient has severe dental pain and needs emergency appointment.,emergency_form,3
Patient is due for regular hygiene cleaning appointment.,cleaning_form,0
Tooth 31 extraction is needed due to severe decay.,extraction_form,4
"Patient reports bad breath and plaque buildup, cleaning recommended.",cleaning_form,0
Abscess found near tooth 6; endodontic treatment is needed.,root_canal_form,8
Clear aligner assessment requested for teeth alignment.,orthodontic_form,6
"Dental exam showed tooth decay on tooth 26, restorative filling recommended.",filling_form,5
Periodontal charting required because of bleeding and bone loss.,periodontal_form,7
Patient woke up with swollen face and severe mouth pain.,emergency_form,3
Facial swelling and severe tooth pain require urgent dental care.,emergency_form,3
Patient broke a crown while chewing and needs crown evaluation.,crown_bridge_form,2
Tartar accumulation found during exam; dental cleaning is required.,cleaning_form,0
Patient reports sensitivity to cold drinks and filling is needed on tooth 7.,filling_form,5
Patient needs crown placement on damaged tooth 12.,crown_bridge_form,2
Patient is unsure which tooth hurts and needs examination.,consultation_form,1
Tartar accumulation found during exam; dental cleaning is required.,cleaning_form,0
Consultation needed for ongoing mouth pain and sensitivity.,consultation_form,1
Patient reports jaw pain and needs dental consultation.,consultation_form,1
Bridge replacement required due to fractured dental restoration.,crown_bridge_form,2
Bridge replacement required due to fractured dental restoration.,crown_bridge_form,2
"Bleeding gums observed, cleaning and oral hygiene instructions recommended.",cleaning_form,0
Deep pockets and bleeding gums suggest periodontal disease.,periodontal_form,7
Patient reports sensitivity to cold drinks and filling is needed on tooth 18.,filling_form,5
Patient has gum inflammation and periodontal assessment is required.,periodontal_form,7
Patient came for general dental assessment and treatment planning.,consultation_form,1
"Patient reports bad breath and plaque buildup, cleaning recommended.",cleaning_form,0
Patient reports jaw pain and needs dental consultation.,consultation_form,1
Patient has dental trauma after accident and needs emergency evaluation.,emergency_form,3
Patient needs orthodontic consultation for crowded teeth.,orthodontic_form,6
Clear aligner assessment requested for teeth alignment.,orthodontic_form,6
"Patient reports loose teeth and gum recession, periodontal treatment needed.",periodontal_form,7
Patient woke up with swollen face and severe mouth pain.,emergency_form,3
Abscess found near tooth 1; endodontic treatment is needed.,root_canal_form,8
Patient has swelling and pain around tooth 3; extraction may be required.,extraction_form,4
Clear aligner assessment requested for teeth alignment.,orthodontic_form,6
Patient says teeth are shifting and wants orthodontic advice.,orthodontic_form,6
Tartar accumulation found during exam; dental cleaning is required.,cleaning_form,0
Patient has dental trauma after accident and needs emergency evaluation.,emergency_form,3
Severe nerve pain in tooth 28; root canal treatment recommended.,root_canal_form,8
Patient has bite issue and may need orthodontic treatment.,orthodontic_form,6
Patient has dental trauma after accident and needs emergency evaluation.,emergency_form,3
Patient has swelling and pain around tooth 12; extraction may be required.,extraction_form,4
Patient has dental trauma after accident and needs emergency evaluation.,emergency_form,3
Patient cannot sleep because tooth 20 has constant pulsing pain.,root_canal_form,8
Patient broke tooth 27 yesterday and reports sharp pain.,emergency_form,3
Periodontal charting required because of bleeding and bone loss.,periodontal_form,7
Deep decay reached nerve of tooth 23; root canal therapy planned.,root_canal_form,8
Patient has cavity on tooth 22 and needs composite filling.,filling_form,5
Patient is due for regular hygiene cleaning appointment.,cleaning_form,0
Patient reports sensitivity to cold drinks and filling is needed on tooth 29.,filling_form,5
Patient came for general dental assessment and treatment planning.,consultation_form,1
Patient has dental trauma after accident and needs emergency evaluation.,emergency_form,3
"Bleeding gums observed, cleaning and oral hygiene instructions recommended.",cleaning_form,0
Patient broke tooth 25 yesterday and reports sharp pain.,emergency_form,3
Tooth 18 hurts when eating sweets and may need filling.,filling_form,5
Large restoration on tooth 14 failed; crown treatment recommended.,crown_bridge_form,2
Deep decay reached nerve of tooth 13; root canal therapy planned.,root_canal_form,8
Patient has severe dental pain and needs emergency appointment.,emergency_form,3
Severe nerve pain in tooth 15; root canal treatment recommended.,root_canal_form,8
Patient says teeth are shifting and wants orthodontic advice.,orthodontic_form,6
"Bleeding gums observed, cleaning and oral hygiene instructions recommended.",cleaning_form,0
Patient has gum inflammation and periodontal assessment is required.,periodontal_form,7
Patient broke a crown while chewing and needs crown evaluation.,crown_bridge_form,2
Patient has bite issue and may need orthodontic treatment.,orthodontic_form,6
"Dental exam showed tooth decay on tooth 9, restorative filling recommended.",filling_form,5
Tooth 4 hurts when eating sweets and may need filling.,filling_form,5
Patient needs orthodontic consultation for crowded teeth.,orthodontic_form,6
Clear aligner assessment requested for teeth alignment.,orthodontic_form,6
"Bleeding gums observed, cleaning and oral hygiene instructions recommended.",cleaning_form,0
Tooth 22 hurts when eating sweets and may need filling.,filling_form,5
"Dental exam showed tooth decay on tooth 5, restorative filling recommended.",filling_form,5
Patient requires root canal treatment on tooth 24 because of infection.,root_canal_form,8
Patient has general tooth discomfort and requests dental evaluation.,consultation_form,1
"Patient says food gets stuck in tooth 6, possible cavity requiring filling.",filling_form,5
"Patient says food gets stuck in tooth 10, possible cavity requiring filling.",filling_form,5
Patient reports sensitivity to cold drinks and filling is needed on tooth 19.,filling_form,5
Old crown on tooth 22 is loose and needs replacement.,crown_bridge_form,2
Patient broke tooth 1 yesterday and reports sharp pain.,emergency_form,3
Patient has cavity on tooth 30 and needs composite filling.,filling_form,5
Tooth 24 cannot be restored and should be removed.,extraction_form,4
Patient needs orthodontic consultation for crowded teeth.,orthodontic_form,6
Patient has cavity on tooth 8 and needs composite filling.,filling_form,5
Tooth 5 cannot be restored and should be removed.,extraction_form,4
"Bleeding gums observed, cleaning and oral hygiene instructions recommended.",cleaning_form,0
Patient has dental trauma after accident and needs emergency evaluation.,emergency_form,3
Patient is due for regular hygiene cleaning appointment.,cleaning_form,0
Patient requires root canal treatment on tooth 9 because of infection.,root_canal_form,8
Patient reports jaw pain and needs dental consultation.,consultation_form,1
Old crown on tooth 25 is loose and needs replacement.,crown_bridge_form,2
Patient has swelling and pain around tooth 32; extraction may be required.,extraction_form,4
Patient has dental trauma after accident and needs emergency evaluation.,emergency_form,3
Patient has general tooth discomfort and requests dental evaluation.,consultation_form,1
Facial swelling and severe tooth pain require urgent dental care.,emergency_form,3
Periodontal charting required because of bleeding and bone loss.,periodontal_form,7
Patient has severe dental pain and needs emergency appointment.,emergency_form,3
Patient woke up with swollen face and severe mouth pain.,emergency_form,3
Patient is unsure which tooth hurts and needs examination.,consultation_form,1
Clear aligner assessment requested for teeth alignment.,orthodontic_form,6
Patient says teeth are shifting and wants orthodontic advice.,orthodontic_form,6
Patient broke a crown while chewing and needs crown evaluation.,crown_bridge_form,2
Patient is unsure which tooth hurts and needs examination.,consultation_form,1
"Patient says food gets stuck in tooth 25, possible cavity requiring filling.",filling_form,5
Patient needs crown placement on damaged tooth 8.,crown_bridge_form,2
"Dental exam showed tooth decay on tooth 30, restorative filling recommended.",filling_form,5
Patient has dental trauma after accident and needs emergency evaluation.,emergency_form,3
Tartar accumulation found during exam; dental cleaning is required.,cleaning_form,0
Tartar accumulation found during exam; dental cleaning is required.,cleaning_form,0
Tartar accumulation found during exam; dental cleaning is required.,cleaning_form,0
Patient has bite issue and may need orthodontic treatment.,orthodontic_form,6
Bridge replacement required due to fractured dental restoration.,crown_bridge_form,2
Tooth 7 cannot be restored and should be removed.,extraction_form,4
Severe nerve pain in tooth 12; root canal treatment recommended.,root_canal_form,8
Patient is due for regular hygiene cleaning appointment.,cleaning_form,0
Patient is due for regular hygiene cleaning appointment.,cleaning_form,0
Clear aligner assessment requested for teeth alignment.,orthodontic_form,6
Deep pockets and bleeding gums suggest periodontal disease.,periodontal_form,7
Bridge replacement required due to fractured dental restoration.,crown_bridge_form,2
Patient reports sensitivity to cold drinks and filling is needed on tooth 14.,filling_form,5
Tooth 4 extraction is needed due to severe decay.,extraction_form,4
Deep decay reached nerve of tooth 24; root canal therapy planned.,root_canal_form,8
Patient has cavity on tooth 12 and needs composite filling.,filling_form,5
Patient has cavity on tooth 9 and needs composite filling.,filling_form,5
"Patient says food gets stuck in tooth 27, possible cavity requiring filling.",filling_form,5
Patient says teeth are shifting and wants orthodontic advice.,orthodontic_form,6
Patient woke up with swollen face and severe mouth pain.,emergency_form,3
Patient has severe dental pain and needs emergency appointment.,emergency_form,3
Patient broke tooth 3 yesterday and reports sharp pain.,emergency_form,3
Patient needs orthodontic consultation for crowded teeth.,orthodontic_form,6
Patient has general tooth discomfort and requests dental evaluation.,consultation_form,1
"Dental exam showed tooth decay on tooth 7, restorative filling recommended.",filling_form,5
Patient broke tooth 27 yesterday and reports sharp pain.,emergency_form,3
Patient needs crown placement on damaged tooth 13.,crown_bridge_form,2
Bridge replacement required due to fractured dental restoration.,crown_bridge_form,2
Patient says teeth are shifting and wants orthodontic advice.,orthodontic_form,6
"Patient reports bad breath and plaque buildup, cleaning recommended.",cleaning_form,0
Patient is due for regular hygiene cleaning appointment.,cleaning_form,0
Patient has swelling and pain around tooth 6; extraction may be required.,extraction_form,4
Patient has severe dental pain and needs emergency appointment.,emergency_form,3
Patient has swelling and pain around tooth 29; extraction may be required.,extraction_form,4
Patient says teeth are shifting and wants orthodontic advice.,orthodontic_form,6
Tooth 10 extraction is needed due to severe decay.,extraction_form,4
Severe nerve pain in tooth 3; root canal treatment recommended.,root_canal_form,8
Patient has plaque buildup and needs dental cleaning.,cleaning_form,0
Tooth 29 hurts when eating sweets and may need filling.,filling_form,5
Large restoration on tooth 7 failed; crown treatment recommended.,crown_bridge_form,2
Consultation needed for ongoing mouth pain and sensitivity.,consultation_form,1
Patient woke up with swollen face and severe mouth pain.,emergency_form,3
Large restoration on tooth 22 failed; crown treatment recommended.,crown_bridge_form,2
Consultation needed for ongoing mouth pain and sensitivity.,consultation_form,1
Deep decay reached nerve of tooth 21; root canal therapy planned.,root_canal_form,8
Patient needs crown placement on damaged tooth 32.,crown_bridge_form,2
Deep pockets and bleeding gums suggest periodontal disease.,periodontal_form,7
"Patient says food gets stuck in tooth 31, possible cavity requiring filling.",filling_form,5
Consultation needed for ongoing mouth pain and sensitivity.,consultation_form,1
Periodontal charting required because of bleeding and bone loss.,periodontal_form,7
Bridge replacement required due to fractured dental restoration.,crown_bridge_form,2
Broken tooth 25 has poor prognosis and extraction is planned.,extraction_form,4
Broken tooth 4 has poor prognosis and extraction is planned.,extraction_form,4
Tooth 25 hurts when eating sweets and may need filling.,filling_form,5
Patient is due for regular hygiene cleaning appointment.,cleaning_form,0
Old crown on tooth 28 is loose and needs replacement.,crown_bridge_form,2
Scaling and root planing recommended due to gum disease.,periodontal_form,7
Patient has gum inflammation and periodontal assessment is required.,periodontal_form,7
Patient reports jaw pain and needs dental consultation.,consultation_form,1
Periodontal charting required because of bleeding and bone loss.,periodontal_form,7
Patient says teeth are shifting and wants orthodontic advice.,orthodontic_form,6
Patient has dental trauma after accident and needs emergency evaluation.,emergency_form,3
"Patient reports loose painful tooth 32, removal may be needed.",extraction_form,4
"Patient reports bad breath and plaque buildup, cleaning recommended.",cleaning_form,0
Facial swelling and severe tooth pain require urgent dental care.,emergency_form,3
Facial swelling and severe tooth pain require urgent dental care.,emergency_form,3
"Bleeding gums observed, cleaning and oral hygiene instructions recommended.",cleaning_form,0
Consultation needed for ongoing mouth pain and sensitivity.,consultation_form,1
Patient has plaque buildup and needs dental cleaning.,cleaning_form,0
Patient woke up with swollen face and severe mouth pain.,emergency_form,3
"Patient reports bad breath and plaque buildup, cleaning recommended.",cleaning_form,0
Tooth 1 hurts when eating sweets and may need filling.,filling_form,5
Bridge replacement required due to fractured dental restoration.,crown_bridge_form,2
"Bleeding gums observed, cleaning and oral hygiene instructions recommended.",cleaning_form,0
Consultation needed for ongoing mouth pain and sensitivity.,consultation_form,1
Patient is unsure which tooth hurts and needs examination.,consultation_form,1
Deep decay reached nerve of tooth 16; root canal therapy planned.,root_canal_form,8
Consultation needed for ongoing mouth pain and sensitivity.,consultation_form,1
Periodontal charting required because of bleeding and bone loss.,periodontal_form,7
Patient reports sensitivity to cold drinks and filling is needed on tooth 25.,filling_form,5
Patient needs orthodontic consultation for crowded teeth.,orthodontic_form,6
Deep decay reached nerve of tooth 9; root canal therapy planned.,root_canal_form,8
Abscess found near tooth 15; endodontic treatment is needed.,root_canal_form,8
Large restoration on tooth 17 failed; crown treatment recommended.,crown_bridge_form,2
"Patient says food gets stuck in tooth 32, possible cavity requiring filling.",filling_form,5
Patient has severe dental pain and needs emergency appointment.,emergency_form,3
"Patient says food gets stuck in tooth 18, possible cavity requiring filling.",filling_form,5
Patient broke a crown while chewing and needs crown evaluation.,crown_bridge_form,2
Patient reports jaw pain and needs dental consultation.,consultation_form,1
"Patient reports loose teeth and gum recession, periodontal treatment needed.",periodontal_form,7
"Patient reports loose painful tooth 13, removal may be needed.",extraction_form,4
Old crown on tooth 8 is loose and needs replacement.,crown_bridge_form,2
Braces consultation requested due to misaligned teeth.,orthodontic_form,6
Abscess found near tooth 30; endodontic treatment is needed.,root_canal_form,8
Deep pockets and bleeding gums suggest periodontal disease.,periodontal_form,7
Patient broke a crown while chewing and needs crown evaluation.,crown_bridge_form,2
Periodontal charting required because of bleeding and bone loss.,periodontal_form,7
"Patient reports bad breath and plaque buildup, cleaning recommended.",cleaning_form,0
Patient requires root canal treatment on tooth 17 because of infection.,root_canal_form,8
Deep pockets and bleeding gums suggest periodontal disease.,periodontal_form,7
Patient broke a crown while chewing and needs crown evaluation.,crown_bridge_form,2
Severe nerve pain in tooth 4; root canal treatment recommended.,root_canal_form,8
Tooth 31 hurts when eating sweets and may need filling.,filling_form,5
"Dental exam showed tooth decay on tooth 3, restorative filling recommended.",filling_form,5
Patient woke up with swollen face and severe mouth pain.,emergency_form,3
Patient is unsure which tooth hurts and needs examination.,consultation_form,1
Patient is unsure which tooth hurts and needs examination.,consultation_form,1
Patient broke tooth 2 yesterday and reports sharp pain.,emergency_form,3
Patient has dental trauma after accident and needs emergency evaluation.,emergency_form,3
Patient is due for regular hygiene cleaning appointment.,cleaning_form,0
Tooth 23 hurts when eating sweets and may need filling.,filling_form,5
Facial swelling and severe tooth pain require urgent dental care.,emergency_form,3
Patient needs crown placement on damaged tooth 7.,crown_bridge_form,2
Patient cannot sleep because tooth 4 has constant pulsing pain.,root_canal_form,8
Patient has plaque buildup and needs dental cleaning.,cleaning_form,0
Tooth 12 hurts when eating sweets and may need filling.,filling_form,5
Patient cannot sleep because tooth 10 has constant pulsing pain.,root_canal_form,8
Patient is unsure which tooth hurts and needs examination.,consultation_form,1
Deep pockets and bleeding gums suggest periodontal disease.,periodontal_form,7
"Dental exam showed tooth decay on tooth 26, restorative filling recommended.",filling_form,5
Periodontal charting required because of bleeding and bone loss.,periodontal_form,7
"Bleeding gums observed, cleaning and oral hygiene instructions recommended.",cleaning_form,0
Patient has swelling and pain around tooth 16; extraction may be required.,extraction_form,4
Braces consultation requested due to misaligned teeth.,orthodontic_form,6
"Patient reports loose painful tooth 15, removal may be needed.",extraction_form,4
Patient has cavity on tooth 13 and needs composite filling.,filling_form,5
Patient has bite issue and may need orthodontic treatment.,orthodontic_form,6
Scaling and root planing recommended due to gum disease.,periodontal_form,7
Facial swelling and severe tooth pain require urgent dental care.,emergency_form,3
Tartar accumulation found during exam; dental cleaning is required.,cleaning_form,0
Patient cannot sleep because tooth 27 has constant pulsing pain.,root_canal_form,8
Patient has gum inflammation and periodontal assessment is required.,periodontal_form,7
"Patient reports bad breath and plaque buildup, cleaning recommended.",cleaning_form,0
Patient needs crown placement on damaged tooth 1.,crown_bridge_form,2
"Patient reports loose teeth and gum recession, periodontal treatment needed.",periodontal_form,7
"Bleeding gums observed, cleaning and oral hygiene instructions recommended.",cleaning_form,0
Scaling and root planing recommended due to gum disease.,periodontal_form,7
Patient came for general dental assessment and treatment planning.,consultation_form,1
"Patient says food gets stuck in tooth 15, possible cavity requiring filling.",filling_form,5
Severe nerve pain in tooth 12; root canal treatment recommended.,root_canal_form,8
Patient has bite issue and may need orthodontic treatment.,orthodontic_form,6
Patient has gum inflammation and periodontal assessment is required.,periodontal_form,7
Patient has general tooth discomfort and requests dental evaluation.,consultation_form,1
Scaling and root planing recommended due to gum disease.,periodontal_form,7
Patient requires root canal treatment on tooth 11 because of infection.,root_canal_form,8
Patient says teeth are shifting and wants orthodontic advice.,orthodontic_form,6
Old crown on tooth 13 is loose and needs replacement.,crown_bridge_form,2
Patient says teeth are shifting and wants orthodontic advice.,orthodontic_form,6
Patient is due for regular hygiene cleaning appointment.,cleaning_form,0
Patient broke a crown while chewing and needs crown evaluation.,crown_bridge_form,2
Patient reports sensitivity to cold drinks and filling is needed on tooth 22.,filling_form,5
Tooth 19 cannot be restored and should be removed.,extraction_form,4
Bridge replacement required due to fractured dental restoration.,crown_bridge_form,2
Deep decay reached nerve of tooth 16; root canal therapy planned.,root_canal_form,8
Patient has severe dental pain and needs emergency appointment.,emergency_form,3
Patient has swelling and pain around tooth 19; extraction may be required.,extraction_form,4
Patient broke a crown while chewing and needs crown evaluation.,crown_bridge_form,2
Patient has bite issue and may need orthodontic treatment.,orthodontic_form,6
"Dental exam showed tooth decay on tooth 2, restorative filling recommended.",filling_form,5
Patient broke tooth 9 yesterday and reports sharp pain.,emergency_form,3
"Dental exam showed tooth decay on tooth 25, restorative filling recommended.",filling_form,5
"Patient reports loose painful tooth 31, removal may be needed.",extraction_form,4
Patient cannot sleep because tooth 22 has constant pulsing pain.,root_canal_form,8
Bridge replacement required due to fractured dental restoration.,crown_bridge_form,2
Consultation needed for ongoing mouth pain and sensitivity.,consultation_form,1
Abscess found near tooth 10; endodontic treatment is needed.,root_canal_form,8
Severe nerve pain in tooth 32; root canal treatment recommended.,root_canal_form,8
Consultation needed for ongoing mouth pain and sensitivity.,consultation_form,1
Patient needs orthodontic consultation for crowded teeth.,orthodontic_form,6
Scaling and root planing recommended due to gum disease.,periodontal_form,7
Patient is unsure which tooth hurts and needs examination.,consultation_form,1
Patient broke a crown while chewing and needs crown evaluation.,crown_bridge_form,2
Tooth 17 cannot be restored and should be removed.,extraction_form,4
Patient broke tooth 27 yesterday and reports sharp pain.,emergency_form,3
Tooth 10 hurts when eating sweets and may need filling.,filling_form,5
Patient has swelling and pain around tooth 21; extraction may be required.,extraction_form,4
Patient is due for regular hygiene cleaning appointment.,cleaning_form,0
Large restoration on tooth 21 failed; crown treatment recommended.,crown_bridge_form,2
Deep pockets and bleeding gums suggest periodontal disease.,periodontal_form,7
Patient woke up with swollen face and severe mouth pain.,emergency_form,3
Patient cannot sleep because tooth 16 has constant pulsing pain.,root_canal_form,8
Tooth 5 extraction is needed due to severe decay.,extraction_form,4
Deep decay reached nerve of tooth 9; root canal therapy planned.,root_canal_form,8
Tartar accumulation found during exam; dental cleaning is required.,cleaning_form,0
Consultation needed for ongoing mouth pain and sensitivity.,consultation_form,1
Patient needs crown placement on damaged tooth 4.,crown_bridge_form,2
Abscess found near tooth 31; endodontic treatment is needed.,root_canal_form,8
"Bleeding gums observed, cleaning and oral hygiene instructions recommended.",cleaning_form,0
Patient needs crown placement on damaged tooth 27.,crown_bridge_form,2
Patient needs crown placement on damaged tooth 15.,crown_bridge_form,2
Patient broke tooth 1 yesterday and reports sharp pain.,emergency_form,3
Patient says teeth are shifting and wants orthodontic advice.,orthodontic_form,6
Patient has dental trauma after accident and needs emergency evaluation.,emergency_form,3
"Patient says food gets stuck in tooth 1, possible cavity requiring filling.",filling_form,5
Patient broke tooth 21 yesterday and reports sharp pain.,emergency_form,3
Patient woke up with swollen face and severe mouth pain.,emergency_form,3
"Patient reports loose painful tooth 2, removal may be needed.",extraction_form,4
Patient needs orthodontic consultation for crowded teeth.,orthodontic_form,6
Patient has swelling and pain around tooth 23; extraction may be required.,extraction_form,4
Large restoration on tooth 26 failed; crown treatment recommended.,crown_bridge_form,2
Patient has dental trauma after accident and needs emergency evaluation.,emergency_form,3
Patient has cavity on tooth 15 and needs composite filling.,filling_form,5
Patient woke up with swollen face and severe mouth pain.,emergency_form,3
Patient has severe dental pain and needs emergency appointment.,emergency_form,3
Patient is due for regular hygiene cleaning appointment.,cleaning_form,0
Patient is due for regular hygiene cleaning appointment.,cleaning_form,0
Patient has plaque buildup and needs dental cleaning.,cleaning_form,0
Patient needs orthodontic consultation for crowded teeth.,orthodontic_form,6
Clear aligner assessment requested for teeth alignment.,orthodontic_form,6
"Patient reports loose painful tooth 9, removal may be needed.",extraction_form,4
Patient needs orthodontic consultation for crowded teeth.,orthodontic_form,6
Abscess found near tooth 16; endodontic treatment is needed.,root_canal_form,8
Patient needs orthodontic consultation for crowded teeth.,orthodontic_form,6
"Patient reports bad breath and plaque buildup, cleaning recommended.",cleaning_form,0
Broken tooth 26 has poor prognosis and extraction is planned.,extraction_form,4
Patient has plaque buildup and needs dental cleaning.,cleaning_form,0
Patient has cavity on tooth 2 and needs composite filling.,filling_form,5
Abscess found near tooth 6; endodontic treatment is needed.,root_canal_form,8
Abscess found near tooth 10; endodontic treatment is needed.,root_canal_form,8
Patient has bite issue and may need orthodontic treatment.,orthodontic_form,6
Severe nerve pain in tooth 15; root canal treatment recommended.,root_canal_form,8
Patient has bite issue and may need orthodontic treatment.,orthodontic_form,6
Patient is unsure which tooth hurts and needs examination.,consultation_form,1
Patient says teeth are shifting and wants orthodontic advice.,orthodontic_form,6
Deep pockets and bleeding gums suggest periodontal disease.,periodontal_form,7
Large restoration on tooth 18 failed; crown treatment recommended.,crown_bridge_form,2
Patient broke tooth 18 yesterday and reports sharp pain.,emergency_form,3
Patient is due for regular hygiene cleaning appointment.,cleaning_form,0
Scaling and root planing recommended due to gum disease.,periodontal_form,7
Facial swelling and severe tooth pain require urgent dental care.,emergency_form,3
Facial swelling and severe tooth pain require urgent dental care.,emergency_form,3
Patient has severe dental pain and needs emergency appointment.,emergency_form,3
Patient needs orthodontic consultation for crowded teeth.,orthodontic_form,6
Patient cannot sleep because tooth 21 has constant pulsing pain.,root_canal_form,8
Patient has cavity on tooth 21 and needs composite filling.,filling_form,5
Large restoration on tooth 19 failed; crown treatment recommended.,crown_bridge_form,2
Patient woke up with swollen face and severe mouth pain.,emergency_form,3
Severe nerve pain in tooth 20; root canal treatment recommended.,root_canal_form,8
Patient requires root canal treatment on tooth 31 because of infection.,root_canal_form,8
Scaling and root planing recommended due to gum disease.,periodontal_form,7
Severe nerve pain in tooth 24; root canal treatment recommended.,root_canal_form,8
Patient needs orthodontic consultation for crowded teeth.,orthodontic_form,6
Tartar accumulation found during exam; dental cleaning is required.,cleaning_form,0
Clear aligner assessment requested for teeth alignment.,orthodontic_form,6
Patient needs crown placement on damaged tooth 16.,crown_bridge_form,2
"Dental exam showed tooth decay on tooth 18, restorative filling recommended.",filling_form,5
Deep pockets and bleeding gums suggest periodontal disease.,periodontal_form,7
Severe nerve pain in tooth 25; root canal treatment recommended.,root_canal_form,8
Deep pockets and bleeding gums suggest periodontal disease.,periodontal_form,7
Patient has swelling and pain around tooth 1; extraction may be required.,extraction_form,4
Severe nerve pain in tooth 17; root canal treatment recommended.,root_canal_form,8
Deep pockets and bleeding gums suggest periodontal disease.,periodontal_form,7
Tartar accumulation found during exam; dental cleaning is required.,cleaning_form,0
Patient broke tooth 7 yesterday and reports sharp pain.,emergency_form,3
Patient is unsure which tooth hurts and needs examination.,consultation_form,1
Old crown on tooth 21 is loose and needs replacement.,crown_bridge_form,2
Bridge replacement required due to fractured dental restoration.,crown_bridge_form,2
Patient is due for regular hygiene cleaning appointment.,cleaning_form,0
Patient has swelling and pain around tooth 11; extraction may be required.,extraction_form,4
Tooth 30 hurts when eating sweets and may need filling.,filling_form,5
Tooth 26 hurts when eating sweets and may need filling.,filling_form,5
Scaling and root planing recommended due to gum disease.,periodontal_form,7
"Dental exam showed tooth decay on tooth 27, restorative filling recommended.",filling_form,5
Patient has cavity on tooth 16 and needs composite filling.,filling_form,5
Patient came for general dental assessment and treatment planning.,consultation_form,1
"Patient reports loose painful tooth 30, removal may be needed.",extraction_form,4
Severe nerve pain in tooth 20; root canal treatment recommended.,root_canal_form,8
Patient has dental trauma after accident and needs emergency evaluation.,emergency_form,3
Patient is unsure which tooth hurts and needs examination.,consultation_form,1
Patient broke a crown while chewing and needs crown evaluation.,crown_bridge_form,2
Patient is due for regular hygiene cleaning appointment.,cleaning_form,0
Tartar accumulation found during exam; dental cleaning is required.,cleaning_form,0
Patient cannot sleep because tooth 24 has constant pulsing pain.,root_canal_form,8
Patient needs orthodontic consultation for crowded teeth.,orthodontic_form,6
Tooth 9 cannot be restored and should be removed.,extraction_form,4
Patient reports sensitivity to cold drinks and filling is needed on tooth 11.,filling_form,5
"Bleeding gums observed, cleaning and oral hygiene instructions recommended.",cleaning_form,0
Patient has bite issue and may need orthodontic treatment.,orthodontic_form,6
"Bleeding gums observed, cleaning and oral hygiene instructions recommended.",cleaning_form,0
Patient has gum inflammation and periodontal assessment is required.,periodontal_form,7
"Patient reports loose teeth and gum recession, periodontal treatment needed.",periodontal_form,7
Patient is unsure which tooth hurts and needs examination.,consultation_form,1
Patient has swelling and pain around tooth 22; extraction may be required.,extraction_form,4
Patient is due for regular hygiene cleaning appointment.,cleaning_form,0
Tooth 29 cannot be restored and should be removed.,extraction_form,4
Patient reports sensitivity to cold drinks and filling is needed on tooth 5.,filling_form,5
Braces consultation requested due to misaligned teeth.,orthodontic_form,6
Tooth 9 cannot be restored and should be removed.,extraction_form,4
Bridge replacement required due to fractured dental restoration.,crown_bridge_form,2
Broken tooth 16 has poor prognosis and extraction is planned.,extraction_form,4
Patient has severe dental pain and needs emergency appointment.,emergency_form,3
Patient says teeth are shifting and wants orthodontic advice.,orthodontic_form,6
Patient came for general dental assessment and treatment planning.,consultation_form,1
Braces consultation requested due to misaligned teeth.,orthodontic_form,6
Consultation needed for ongoing mouth pain and sensitivity.,consultation_form,1
Bridge replacement required due to fractured dental restoration.,crown_bridge_form,2
Severe nerve pain in tooth 4; root canal treatment recommended.,root_canal_form,8
"Patient reports loose teeth and gum recession, periodontal treatment needed.",periodontal_form,7
Tartar accumulation found during exam; dental cleaning is required.,cleaning_form,0
"Patient reports loose teeth and gum recession, periodontal treatment needed.",periodontal_form,7
Patient woke up with swollen face and severe mouth pain.,emergency_form,3
Consultation needed for ongoing mouth pain and sensitivity.,consultation_form,1
Patient has general tooth discomfort and requests dental evaluation.,consultation_form,1
"Patient reports bad breath and plaque buildup, cleaning recommended.",cleaning_form,0
Patient is unsure which tooth hurts and needs examination.,consultation_form,1
Patient has severe dental pain and needs emergency appointment.,emergency_form,3
Patient cannot sleep because tooth 30 has constant pulsing pain.,root_canal_form,8
Broken tooth 11 has poor prognosis and extraction is planned.,extraction_form,4
Patient broke a crown while chewing and needs crown evaluation.,crown_bridge_form,2
Patient reports sensitivity to cold drinks and filling is needed on tooth 10.,filling_form,5
Patient woke up with swollen face and severe mouth pain.,emergency_form,3
Patient has swelling and pain around tooth 25; extraction may be required.,extraction_form,4
Patient requires root canal treatment on tooth 2 because of infection.,root_canal_form,8
Patient needs orthodontic consultation for crowded teeth.,orthodontic_form,6
Tooth 27 cannot be restored and should be removed.,extraction_form,4
Scaling and root planing recommended due to gum disease.,periodontal_form,7
Patient is unsure which tooth hurts and needs examination.,consultation_form,1
Patient cannot sleep because tooth 29 has constant pulsing pain.,root_canal_form,8
Patient came for general dental assessment and treatment planning.,consultation_form,1
Patient broke tooth 32 yesterday and reports sharp pain.,emergency_form,3
Patient needs crown placement on damaged tooth 12.,crown_bridge_form,2
Patient has bite issue and may need orthodontic treatment.,orthodontic_form,6
"Patient reports loose painful tooth 26, removal may be needed.",extraction_form,4
Patient woke up with swollen face and severe mouth pain.,emergency_form,3
Tooth 28 cannot be restored and should be removed.,extraction_form,4
Tooth 1 cannot be restored and should be removed.,extraction_form,4
Clear aligner assessment requested for teeth alignment.,orthodontic_form,6
Patient has plaque buildup and needs dental cleaning.,cleaning_form,0
Patient cannot sleep because tooth 1 has constant pulsing pain.,root_canal_form,8
Consultation needed for ongoing mouth pain and sensitivity.,consultation_form,1
Clear aligner assessment requested for teeth alignment.,orthodontic_form,6
Facial swelling and severe tooth pain require urgent dental care.,emergency_form,3
"Patient reports bad breath and plaque buildup, cleaning recommended.",cleaning_form,0
Patient has bite issue and may need orthodontic treatment.,orthodontic_form,6
Patient says teeth are shifting and wants orthodontic advice.,orthodontic_form,6
Consultation needed for ongoing mouth pain and sensitivity.,consultation_form,1
Periodontal charting required because of bleeding and bone loss.,periodontal_form,7
Tooth 26 hurts when eating sweets and may need filling.,filling_form,5
Tooth 3 hurts when eating sweets and may need filling.,filling_form,5
Bridge replacement required due to fractured dental restoration.,crown_bridge_form,2
Patient is unsure which tooth hurts and needs examination.,consultation_form,1
Abscess found near tooth 32; endodontic treatment is needed.,root_canal_form,8
Patient broke a crown while chewing and needs crown evaluation.,crown_bridge_form,2
Patient woke up with swollen face and severe mouth pain.,emergency_form,3
Tooth 2 hurts when eating sweets and may need filling.,filling_form,5
Patient broke a crown while chewing and needs crown evaluation.,crown_bridge_form,2
Bridge replacement required due to fractured dental restoration.,crown_bridge_form,2
"Patient reports bad breath and plaque buildup, cleaning recommended.",cleaning_form,0
Patient has general tooth discomfort and requests dental evaluation.,consultation_form,1
Deep decay reached nerve of tooth 5; root canal therapy planned.,root_canal_form,8
Patient needs crown placement on damaged tooth 29.,crown_bridge_form,2
"Dental exam showed tooth decay on tooth 30, restorative filling recommended.",filling_form,5
Broken tooth 11 has poor prognosis and extraction is planned.,extraction_form,4
"Bleeding gums observed, cleaning and oral hygiene instructions recommended.",cleaning_form,0
"Dental exam showed tooth decay on tooth 21, restorative filling recommended.",filling_form,5
Patient reports jaw pain and needs dental consultation.,consultation_form,1
Patient reports jaw pain and needs dental consultation.,consultation_form,1
"Patient says food gets stuck in tooth 30, possible cavity requiring filling.",filling_form,5
Bridge replacement required due to fractured dental restoration.,crown_bridge_form,2
Patient reports sensitivity to cold drinks and filling is needed on tooth 23.,filling_form,5
Patient has swelling and pain around tooth 23; extraction may be required.,extraction_form,4
Severe nerve pain in tooth 4; root canal treatment recommended.,root_canal_form,8
Patient reports sensitivity to cold drinks and filling is needed on tooth 21.,filling_form,5
"Patient reports bad breath and plaque buildup, cleaning recommended.",cleaning_form,0
Old crown on tooth 31 is loose and needs replacement.,crown_bridge_form,2
Broken tooth 31 has poor prognosis and extraction is planned.,extraction_form,4
Patient is due for regular hygiene cleaning appointment.,cleaning_form,0
Patient broke a crown while chewing and needs crown evaluation.,crown_bridge_form,2
Patient broke a crown while chewing and needs crown evaluation.,crown_bridge_form,2
Patient has general tooth discomfort and requests dental evaluation.,consultation_form,1
Patient has gum inflammation and periodontal assessment is required.,periodontal_form,7
Patient has gum inflammation and periodontal assessment is required.,periodontal_form,7
Severe nerve pain in tooth 21; root canal treatment recommended.,root_canal_form,8
Patient has dental trauma after accident and needs emergency evaluation.,emergency_form,3
Patient needs crown placement on damaged tooth 8.,crown_bridge_form,2
"Dental exam showed tooth decay on tooth 8, restorative filling recommended.",filling_form,5
Scaling and root planing recommended due to gum disease.,periodontal_form,7
Patient is unsure which tooth hurts and needs examination.,consultation_form,1
Patient is due for regular hygiene cleaning appointment.,cleaning_form,0
Consultation needed for ongoing mouth pain and sensitivity.,consultation_form,1
Facial swelling and severe tooth pain require urgent dental care.,emergency_form,3
Old crown on tooth 8 is loose and needs replacement.,crown_bridge_form,2
"Dental exam showed tooth decay on tooth 6, restorative filling recommended.",filling_form,5
Deep decay reached nerve of tooth 17; root canal therapy planned.,root_canal_form,8
Braces consultation requested due to misaligned teeth.,orthodontic_form,6
Patient came for general dental assessment and treatment planning.,consultation_form,1
Patient has bite issue and may need orthodontic treatment.,orthodontic_form,6
Patient has general tooth discomfort and requests dental evaluation.,consultation_form,1
Tooth 27 hurts when eating sweets and may need filling.,filling_form,5
Scaling and root planing recommended due to gum disease.,periodontal_form,7
Patient came for general dental assessment and treatment planning.,consultation_form,1
Patient has dental trauma after accident and needs emergency evaluation.,emergency_form,3
Old crown on tooth 2 is loose and needs replacement.,crown_bridge_form,2
Braces consultation requested due to misaligned teeth.,orthodontic_form,6
Consultation needed for ongoing mouth pain and sensitivity.,consultation_form,1
Deep pockets and bleeding gums suggest periodontal disease.,periodontal_form,7
Patient is due for regular hygiene cleaning appointment.,cleaning_form,0
Patient broke a crown while chewing and needs crown evaluation.,crown_bridge_form,2
Broken tooth 29 has poor prognosis and extraction is planned.,extraction_form,4
Patient requires root canal treatment on tooth 8 because of infection.,root_canal_form,8
Consultation needed for ongoing mouth pain and sensitivity.,consultation_form,1
Severe nerve pain in tooth 7; root canal treatment recommended.,root_canal_form,8
Patient needs orthodontic consultation for crowded teeth.,orthodontic_form,6
"Patient reports bad breath and plaque buildup, cleaning recommended.",cleaning_form,0
Deep decay reached nerve of tooth 18; root canal therapy planned.,root_canal_form,8
"Bleeding gums observed, cleaning and oral hygiene instructions recommended.",cleaning_form,0
Patient came for general dental assessment and treatment planning.,consultation_form,1
Braces consultation requested due to misaligned teeth.,orthodontic_form,6
Patient woke up with swollen face and severe mouth pain.,emergency_form,3
Deep decay reached nerve of tooth 31; root canal therapy planned.,root_canal_form,8
Patient says teeth are shifting and wants orthodontic advice.,orthodontic_form,6
Broken tooth 12 has poor prognosis and extraction is planned.,extraction_form,4
Patient broke a crown while chewing and needs crown evaluation.,crown_bridge_form,2
"Patient reports loose teeth and gum recession, periodontal treatment needed.",periodontal_form,7
Clear aligner assessment requested for teeth alignment.,orthodontic_form,6
Patient broke tooth 2 yesterday and reports sharp pain.,emergency_form,3
Patient needs crown placement on damaged tooth 22.,crown_bridge_form,2
Facial swelling and severe tooth pain require urgent dental care.,emergency_form,3
Patient has swelling and pain around tooth 2; extraction may be required.,extraction_form,4
Patient has gum inflammation and periodontal assessment is required.,periodontal_form,7
Patient has severe dental pain and needs emergency appointment.,emergency_form,3
Tooth 4 cannot be restored and should be removed.,extraction_form,4
Patient has cavity on tooth 26 and needs composite filling.,filling_form,5
Patient reports sensitivity to cold drinks and filling is needed on tooth 10.,filling_form,5
Broken tooth 11 has poor prognosis and extraction is planned.,extraction_form,4
Severe nerve pain in tooth 9; root canal treatment recommended.,root_canal_form,8
Deep pockets and bleeding gums suggest periodontal disease.,periodontal_form,7
Periodontal charting required because of bleeding and bone loss.,periodontal_form,7
Tooth 8 hurts when eating sweets and may need filling.,filling_form,5
"Dental exam showed tooth decay on tooth 2, restorative filling recommended.",filling_form,5
Patient needs crown placement on damaged tooth 8.,crown_bridge_form,2
"Patient reports bad breath and plaque buildup, cleaning recommended.",cleaning_form,0
"Patient reports bad breath and plaque buildup, cleaning recommended.",cleaning_form,0
Patient has dental trauma after accident and needs emergency evaluation.,emergency_form,3
Patient has dental trauma after accident and needs emergency evaluation.,emergency_form,3
Patient reports sensitivity to cold drinks and filling is needed on tooth 14.,filling_form,5
Patient has swelling and pain around tooth 15; extraction may be required.,extraction_form,4
"Bleeding gums observed, cleaning and oral hygiene instructions recommended.",cleaning_form,0
Patient has general tooth discomfort and requests dental evaluation.,consultation_form,1
"Patient reports loose painful tooth 27, removal may be needed.",extraction_form,4
Deep pockets and bleeding gums suggest periodontal disease.,periodontal_form,7
Patient reports sensitivity to cold drinks and filling is needed on tooth 28.,filling_form,5
"Patient reports loose painful tooth 27, removal may be needed.",extraction_form,4
Deep pockets and bleeding gums suggest periodontal disease.,periodontal_form,7
Patient has severe dental pain and needs emergency appointment.,emergency_form,3
Facial swelling and severe tooth pain require urgent dental care.,emergency_form,3
Abscess found near tooth 7; endodontic treatment is needed.,root_canal_form,8
Deep pockets and bleeding gums suggest periodontal disease.,periodontal_form,7
Patient reports sensitivity to cold drinks and filling is needed on tooth 6.,filling_form,5
Patient says teeth are shifting and wants orthodontic advice.,orthodontic_form,6
"Patient reports loose painful tooth 11, removal may be needed.",extraction_form,4
Tooth 13 hurts when eating sweets and may need filling.,filling_form,5
Patient has dental trauma after accident and needs emergency evaluation.,emergency_form,3
Braces consultation requested due to misaligned teeth.,orthodontic_form,6
"Patient reports loose painful tooth 5, removal may be needed.",extraction_form,4
Patient is unsure which tooth hurts and needs examination.,consultation_form,1
Patient has gum inflammation and periodontal assessment is required.,periodontal_form,7
Patient says teeth are shifting and wants orthodontic advice.,orthodontic_form,6
Patient broke tooth 28 yesterday and reports sharp pain.,emergency_form,3
Patient came for general dental assessment and treatment planning.,consultation_form,1
Patient has gum inflammation and periodontal assessment is required.,periodontal_form,7
Facial swelling and severe tooth pain require urgent dental care.,emergency_form,3
Facial swelling and severe tooth pain require urgent dental care.,emergency_form,3
Deep pockets and bleeding gums suggest periodontal disease.,periodontal_form,7
"Bleeding gums observed, cleaning and oral hygiene instructions recommended.",cleaning_form,0
Bridge replacement required due to fractured dental restoration.,crown_bridge_form,2
Patient has severe dental pain and needs emergency appointment.,emergency_form,3
Patient has cavity on tooth 13 and needs composite filling.,filling_form,5
Patient needs orthodontic consultation for crowded teeth.,orthodontic_form,6
Tooth 16 cannot be restored and should be removed.,extraction_form,4
Old crown on tooth 12 is loose and needs replacement.,crown_bridge_form,2
Abscess found near tooth 30; endodontic treatment is needed.,root_canal_form,8
Patient broke tooth 29 yesterday and reports sharp pain.,emergency_form,3
Scaling and root planing recommended due to gum disease.,periodontal_form,7
Patient requires root canal treatment on tooth 28 because of infection.,root_canal_form,8
Patient needs crown placement on damaged tooth 18.,crown_bridge_form,2
Tooth 15 hurts when eating sweets and may need filling.,filling_form,5
Patient reports jaw pain and needs dental consultation.,consultation_form,1
Patient is unsure which tooth hurts and needs examination.,consultation_form,1
Patient has general tooth discomfort and requests dental evaluation.,consultation_form,1
Tooth 28 hurts when eating sweets and may need filling.,filling_form,5
Patient broke a crown while chewing and needs crown evaluation.,crown_bridge_form,2
Patient has general tooth discomfort and requests dental evaluation.,consultation_form,1
Old crown on tooth 27 is loose and needs replacement.,crown_bridge_form,2
Patient needs crown placement on damaged tooth 32.,crown_bridge_form,2
Patient says teeth are shifting and wants orthodontic advice.,orthodontic_form,6
Patient needs crown placement on damaged tooth 24.,crown_bridge_form,2
Facial swelling and severe tooth pain require urgent dental care.,emergency_form,3
Patient has severe dental pain and needs emergency appointment.,emergency_form,3
Patient woke up with swollen face and severe mouth pain.,emergency_form,3
"Patient reports loose teeth and gum recession, periodontal treatment needed.",periodontal_form,7
"Patient says food gets stuck in tooth 19, possible cavity requiring filling.",filling_form,5
Scaling and root planing recommended due to gum disease.,periodontal_form,7
Broken tooth 17 has poor prognosis and extraction is planned.,extraction_form,4
Patient broke a crown while chewing and needs crown evaluation.,crown_bridge_form,2
Patient needs orthodontic consultation for crowded teeth.,orthodontic_form,6
Clear aligner assessment requested for teeth alignment.,orthodontic_form,6
Braces consultation requested due to misaligned teeth.,orthodontic_form,6
Bridge replacement required due to fractured dental restoration.,crown_bridge_form,2
Abscess found near tooth 12; endodontic treatment is needed.,root_canal_form,8
Patient says teeth are shifting and wants orthodontic advice.,orthodontic_form,6
Patient has dental trauma after accident and needs emergency evaluation.,emergency_form,3
Patient has cavity on tooth 28 and needs composite filling.,filling_form,5
Patient cannot sleep because tooth 4 has constant pulsing pain.,root_canal_form,8
"Patient says food gets stuck in tooth 24, possible cavity requiring filling.",filling_form,5
Patient broke tooth 31 yesterday and reports sharp pain.,emergency_form,3
Deep decay reached nerve of tooth 28; root canal therapy planned.,root_canal_form,8
Severe nerve pain in tooth 24; root canal treatment recommended.,root_canal_form,8
Consultation needed for ongoing mouth pain and sensitivity.,consultation_form,1
Patient reports jaw pain and needs dental consultation.,consultation_form,1
Consultation needed for ongoing mouth pain and sensitivity.,consultation_form,1
Patient requires root canal treatment on tooth 2 because of infection.,root_canal_form,8
Patient has cavity on tooth 23 and needs composite filling.,filling_form,5
Patient requires root canal treatment on tooth 2 because of infection.,root_canal_form,8
Abscess found near tooth 15; endodontic treatment is needed.,root_canal_form,8
"Dental exam showed tooth decay on tooth 4, restorative filling recommended.",filling_form,5
Patient reports sensitivity to cold drinks and filling is needed on tooth 32.,filling_form,5
Patient reports sensitivity to cold drinks and filling is needed on tooth 20.,filling_form,5
Patient woke up with swollen face and severe mouth pain.,emergency_form,3
Patient woke up with swollen face and severe mouth pain.,emergency_form,3
Braces consultation requested due to misaligned teeth.,orthodontic_form,6
"Patient reports loose teeth and gum recession, periodontal treatment needed.",periodontal_form,7
Tooth 13 extraction is needed due to severe decay.,extraction_form,4
Patient is due for regular hygiene cleaning appointment.,cleaning_form,0
Patient is due for regular hygiene cleaning appointment.,cleaning_form,0
Patient is unsure which tooth hurts and needs examination.,consultation_form,1
Patient requires root canal treatment on tooth 16 because of infection.,root_canal_form,8
Patient broke tooth 6 yesterday and reports sharp pain.,emergency_form,3
Deep decay reached nerve of tooth 28; root canal therapy planned.,root_canal_form,8
Tooth 21 cannot be restored and should be removed.,extraction_form,4
Patient needs crown placement on damaged tooth 17.,crown_bridge_form,2
Large restoration on tooth 12 failed; crown treatment recommended.,crown_bridge_form,2
Tooth 28 cannot be restored and should be removed.,extraction_form,4
Patient reports jaw pain and needs dental consultation.,consultation_form,1
Tartar accumulation found during exam; dental cleaning is required.,cleaning_form,0
Scaling and root planing recommended due to gum disease.,periodontal_form,7
Deep pockets and bleeding gums suggest periodontal disease.,periodontal_form,7
Patient has general tooth discomfort and requests dental evaluation.,consultation_form,1
Patient cannot sleep because tooth 15 has constant pulsing pain.,root_canal_form,8
Tartar accumulation found during exam; dental cleaning is required.,cleaning_form,0
Facial swelling and severe tooth pain require urgent dental care.,emergency_form,3
Patient has bite issue and may need orthodontic treatment.,orthodontic_form,6
Tooth 20 extraction is needed due to severe decay.,extraction_form,4
Tooth 27 extraction is needed due to severe decay.,extraction_form,4
Old crown on tooth 28 is loose and needs replacement.,crown_bridge_form,2
Patient needs crown placement on damaged tooth 19.,crown_bridge_form,2
Patient has swelling and pain around tooth 12; extraction may be required.,extraction_form,4
Periodontal charting required because of bleeding and bone loss.,periodontal_form,7
Braces consultation requested due to misaligned teeth.,orthodontic_form,6
"Patient reports loose painful tooth 28, removal may be needed.",extraction_form,4
Scaling and root planing recommended due to gum disease.,periodontal_form,7
Patient broke tooth 1 yesterday and reports sharp pain.,emergency_form,3
Patient has dental trauma after accident and needs emergency evaluation.,emergency_form,3
Consultation needed for ongoing mouth pain and sensitivity.,consultation_form,1
Patient is unsure which tooth hurts and needs examination.,consultation_form,1
Patient has plaque buildup and needs dental cleaning.,cleaning_form,0
Patient came for general dental assessment and treatment planning.,consultation_form,1
Patient broke a crown while chewing and needs crown evaluation.,crown_bridge_form,2
Tooth 8 hurts when eating sweets and may need filling.,filling_form,5
Deep decay reached nerve of tooth 24; root canal therapy planned.,root_canal_form,8
"Patient reports loose teeth and gum recession, periodontal treatment needed.",periodontal_form,7
"Patient reports loose teeth and gum recession, periodontal treatment needed.",periodontal_form,7
Patient reports jaw pain and needs dental consultation.,consultation_form,1
Deep pockets and bleeding gums suggest periodontal disease.,periodontal_form,7
"Dental exam showed tooth decay on tooth 6, restorative filling recommended.",filling_form,5
Scaling and root planing recommended due to gum disease.,periodontal_form,7
Patient has swelling and pain around tooth 12; extraction may be required.,extraction_form,4
Abscess found near tooth 31; endodontic treatment is needed.,root_canal_form,8
Braces consultation requested due to misaligned teeth.,orthodontic_form,6
Patient reports jaw pain and needs dental consultation.,consultation_form,1
Periodontal charting required because of bleeding and bone loss.,periodontal_form,7
"Patient says food gets stuck in tooth 7, possible cavity requiring filling.",filling_form,5
Abscess found near tooth 20; endodontic treatment is needed.,root_canal_form,8
Patient broke tooth 19 yesterday and reports sharp pain.,emergency_form,3
Patient has plaque buildup and needs dental cleaning.,cleaning_form,0
Abscess found near tooth 13; endodontic treatment is needed.,root_canal_form,8
Tartar accumulation found during exam; dental cleaning is required.,cleaning_form,0
"Patient reports bad breath and plaque buildup, cleaning recommended.",cleaning_form,0
Patient came for general dental assessment and treatment planning.,consultation_form,1
Patient has gum inflammation and periodontal assessment is required.,periodontal_form,7
Patient has cavity on tooth 26 and needs composite filling.,filling_form,5
"Bleeding gums observed, cleaning and oral hygiene instructions recommended.",cleaning_form,0
Deep pockets and bleeding gums suggest periodontal disease.,periodontal_form,7
Facial swelling and severe tooth pain require urgent dental care.,emergency_form,3
Abscess found near tooth 22; endodontic treatment is needed.,root_canal_form,8
Patient has swelling and pain around tooth 4; extraction may be required.,extraction_form,4
Tooth 24 extraction is needed due to severe decay.,extraction_form,4
Braces consultation requested due to misaligned teeth.,orthodontic_form,6
Tooth 3 cannot be restored and should be removed.,extraction_form,4
Patient broke a crown while chewing and needs crown evaluation.,crown_bridge_form,2
Broken tooth 29 has poor prognosis and extraction is planned.,extraction_form,4
Patient has bite issue and may need orthodontic treatment.,orthodontic_form,6
Deep pockets and bleeding gums suggest periodontal disease.,periodontal_form,7
Patient has swelling and pain around tooth 23; extraction may be required.,extraction_form,4
"Dental exam showed tooth decay on tooth 13, restorative filling recommended.",filling_form,5
Facial swelling and severe tooth pain require urgent dental care.,emergency_form,3
Patient has cavity on tooth 21 and needs composite filling.,filling_form,5
Patient reports sensitivity to cold drinks and filling is needed on tooth 7.,filling_form,5
Patient is unsure which tooth hurts and needs examination.,consultation_form,1
Bridge replacement required due to fractured dental restoration.,crown_bridge_form,2
"Patient says food gets stuck in tooth 11, possible cavity requiring filling.",filling_form,5
Scaling and root planing recommended due to gum disease.,periodontal_form,7
"Patient says food gets stuck in tooth 22, possible cavity requiring filling.",filling_form,5
Patient is unsure which tooth hurts and needs examination.,consultation_form,1
Patient requires root canal treatment on tooth 12 because of infection.,root_canal_form,8
Patient came for general dental assessment and treatment planning.,consultation_form,1
Patient cannot sleep because tooth 22 has constant pulsing pain.,root_canal_form,8
Patient says teeth are shifting and wants orthodontic advice.,orthodontic_form,6
"Patient says food gets stuck in tooth 14, possible cavity requiring filling.",filling_form,5
Clear aligner assessment requested for teeth alignment.,orthodontic_form,6
Abscess found near tooth 17; endodontic treatment is needed.,root_canal_form,8
Patient broke a crown while chewing and needs crown evaluation.,crown_bridge_form,2
Periodontal charting required because of bleeding and bone loss.,periodontal_form,7
Facial swelling and severe tooth pain require urgent dental care.,emergency_form,3
Deep pockets and bleeding gums suggest periodontal disease.,periodontal_form,7
Patient has severe dental pain and needs emergency appointment.,emergency_form,3
Severe nerve pain in tooth 15; root canal treatment recommended.,root_canal_form,8
Patient has bite issue and may need orthodontic treatment.,orthodontic_form,6
"Patient reports loose painful tooth 21, removal may be needed.",extraction_form,4
Abscess found near tooth 27; endodontic treatment is needed.,root_canal_form,8
Broken tooth 1 has poor prognosis and extraction is planned.,extraction_form,4
Patient is due for regular hygiene cleaning appointment.,cleaning_form,0
Patient is due for regular hygiene cleaning appointment.,cleaning_form,0
Patient requires root canal treatment on tooth 18 because of infection.,root_canal_form,8
Consultation needed for ongoing mouth pain and sensitivity.,consultation_form,1
Patient woke up with swollen face and severe mouth pain.,emergency_form,3
Tartar accumulation found during exam; dental cleaning is required.,cleaning_form,0
Patient has plaque buildup and needs dental cleaning.,cleaning_form,0
Patient says teeth are shifting and wants orthodontic advice.,orthodontic_form,6
"Patient says food gets stuck in tooth 6, possible cavity requiring filling.",filling_form,5
Patient came for general dental assessment and treatment planning.,consultation_form,1
"Dental exam showed tooth decay on tooth 14, restorative filling recommended.",filling_form,5
Consultation needed for ongoing mouth pain and sensitivity.,consultation_form,1
"Bleeding gums observed, cleaning and oral hygiene instructions recommended.",cleaning_form,0
Consultation needed for ongoing mouth pain and sensitivity.,consultation_form,1
Patient broke a crown while chewing and needs crown evaluation.,crown_bridge_form,2
Patient came for general dental assessment and treatment planning.,consultation_form,1
"Patient says food gets stuck in tooth 31, possible cavity requiring filling.",filling_form,5
Patient has bite issue and may need orthodontic treatment.,orthodontic_form,6
Deep decay reached nerve of tooth 22; root canal therapy planned.,root_canal_form,8
Deep pockets and bleeding gums suggest periodontal disease.,periodontal_form,7
Patient needs orthodontic consultation for crowded teeth.,orthodontic_form,6
Patient woke up with swollen face and severe mouth pain.,emergency_form,3
Tartar accumulation found during exam; dental cleaning is required.,cleaning_form,0
Tooth 5 extraction is needed due to severe decay.,extraction_form,4
Patient broke tooth 22 yesterday and reports sharp pain.,emergency_form,3
Patient has dental trauma after accident and needs emergency evaluation.,emergency_form,3
Deep decay reached nerve of tooth 23; root canal therapy planned.,root_canal_form,8
Patient has plaque buildup and needs dental cleaning.,cleaning_form,0
Tartar accumulation found during exam; dental cleaning is required.,cleaning_form,0
Patient broke tooth 32 yesterday and reports sharp pain.,emergency_form,3
Broken tooth 30 has poor prognosis and extraction is planned.,extraction_form,4
Facial swelling and severe tooth pain require urgent dental care.,emergency_form,3
Patient reports sensitivity to cold drinks and filling is needed on tooth 29.,filling_form,5
Facial swelling and severe tooth pain require urgent dental care.,emergency_form,3
Old crown on tooth 3 is loose and needs replacement.,crown_bridge_form,2
Severe nerve pain in tooth 19; root canal treatment recommended.,root_canal_form,8
Patient has gum inflammation and periodontal assessment is required.,periodontal_form,7
Deep pockets and bleeding gums suggest periodontal disease.,periodontal_form,7
Patient has gum inflammation and periodontal assessment is required.,periodontal_form,7
Patient broke a crown while chewing and needs crown evaluation.,crown_bridge_form,2
Patient requires root canal treatment on tooth 8 because of infection.,root_canal_form,8
Tartar accumulation found during exam; dental cleaning is required.,cleaning_form,0
Periodontal charting required because of bleeding and bone loss.,periodontal_form,7
Patient came for general dental assessment and treatment planning.,consultation_form,1
Patient broke tooth 16 yesterday and reports sharp pain.,emergency_form,3
Clear aligner assessment requested for teeth alignment.,orthodontic_form,6
Tartar accumulation found during exam; dental cleaning is required.,cleaning_form,0
Broken tooth 23 has poor prognosis and extraction is planned.,extraction_form,4
Clear aligner assessment requested for teeth alignment.,orthodontic_form,6
Patient has cavity on tooth 22 and needs composite filling.,filling_form,5
Patient has cavity on tooth 15 and needs composite filling.,filling_form,5
"Patient reports bad breath and plaque buildup, cleaning recommended.",cleaning_form,0
"Bleeding gums observed, cleaning and oral hygiene instructions recommended.",cleaning_form,0
Broken tooth 29 has poor prognosis and extraction is planned.,extraction_form,4
"Patient says food gets stuck in tooth 7, possible cavity requiring filling.",filling_form,5
Clear aligner assessment requested for teeth alignment.,orthodontic_form,6
Tartar accumulation found during exam; dental cleaning is required.,cleaning_form,0
Patient needs orthodontic consultation for crowded teeth.,orthodontic_form,6
"Patient says food gets stuck in tooth 9, possible cavity requiring filling.",filling_form,5
Patient has severe dental pain and needs emergency appointment.,emergency_form,3
Patient has dental trauma after accident and needs emergency evaluation.,emergency_form,3
Patient has gum inflammation and periodontal assessment is required.,periodontal_form,7
Patient broke tooth 29 yesterday and reports sharp pain.,emergency_form,3
Patient broke tooth 2 yesterday and reports sharp pain.,emergency_form,3
Patient woke up with swollen face and severe mouth pain.,emergency_form,3
Braces consultation requested due to misaligned teeth.,orthodontic_form,6
Patient broke tooth 26 yesterday and reports sharp pain.,emergency_form,3
Deep decay reached nerve of tooth 24; root canal therapy planned.,root_canal_form,8
"Patient reports loose teeth and gum recession, periodontal treatment needed.",periodontal_form,7
Patient is due for regular hygiene cleaning appointment.,cleaning_form,0
Patient says teeth are shifting and wants orthodontic advice.,orthodontic_form,6
Scaling and root planing recommended due to gum disease.,periodontal_form,7
Patient came for general dental assessment and treatment planning.,consultation_form,1
Deep decay reached nerve of tooth 4; root canal therapy planned.,root_canal_form,8
Tooth 15 hurts when eating sweets and may need filling.,filling_form,5
"Patient reports bad breath and plaque buildup, cleaning recommended.",cleaning_form,0
Patient requires root canal treatment on tooth 11 because of infection.,root_canal_form,8
Severe nerve pain in tooth 31; root canal treatment recommended.,root_canal_form,8
Tooth 18 hurts when eating sweets and may need filling.,filling_form,5
Patient reports sensitivity to cold drinks and filling is needed on tooth 13.,filling_form,5
Patient has swelling and pain around tooth 17; extraction may be required.,extraction_form,4
Old crown on tooth 10 is loose and needs replacement.,crown_bridge_form,2
Deep pockets and bleeding gums suggest periodontal disease.,periodontal_form,7
Patient needs orthodontic consultation for crowded teeth.,orthodontic_form,6
Old crown on tooth 19 is loose and needs replacement.,crown_bridge_form,2
Tartar accumulation found during exam; dental cleaning is required.,cleaning_form,0
Tooth 24 cannot be restored and should be removed.,extraction_form,4
Patient has swelling and pain around tooth 5; extraction may be required.,extraction_form,4
Abscess found near tooth 31; endodontic treatment is needed.,root_canal_form,8
Facial swelling and severe tooth pain require urgent dental care.,emergency_form,3
Patient reports sensitivity to cold drinks and filling is needed on tooth 16.,filling_form,5
"Patient reports bad breath and plaque buildup, cleaning recommended.",cleaning_form,0
"Patient says food gets stuck in tooth 16, possible cavity requiring filling.",filling_form,5
Patient woke up with swollen face and severe mouth pain.,emergency_form,3
"Patient reports loose teeth and gum recession, periodontal treatment needed.",periodontal_form,7
Patient needs crown placement on damaged tooth 3.,crown_bridge_form,2
Patient has bite issue and may need orthodontic treatment.,orthodontic_form,6
Patient reports jaw pain and needs dental consultation.,consultation_form,1
Scaling and root planing recommended due to gum disease.,periodontal_form,7
Patient has cavity on tooth 31 and needs composite filling.,filling_form,5
"Patient reports loose teeth and gum recession, periodontal treatment needed.",periodontal_form,7
Patient says teeth are shifting and wants orthodontic advice.,orthodontic_form,6
Periodontal charting required because of bleeding and bone loss.,periodontal_form,7
Patient reports jaw pain and needs dental consultation.,consultation_form,1
Patient broke tooth 25 yesterday and reports sharp pain.,emergency_form,3
Patient says teeth are shifting and wants orthodontic advice.,orthodontic_form,6
Patient woke up with swollen face and severe mouth pain.,emergency_form,3
"Patient reports loose teeth and gum recession, periodontal treatment needed.",periodontal_form,7
"Bleeding gums observed, cleaning and oral hygiene instructions recommended.",cleaning_form,0
Patient has swelling and pain around tooth 19; extraction may be required.,extraction_form,4
Broken tooth 26 has poor prognosis and extraction is planned.,extraction_form,4
"Patient reports bad breath and plaque buildup, cleaning recommended.",cleaning_form,0
Patient is due for regular hygiene cleaning appointment.,cleaning_form,0
"Bleeding gums observed, cleaning and oral hygiene instructions recommended.",cleaning_form,0
Patient has severe dental pain and needs emergency appointment.,emergency_form,3
Patient reports sensitivity to cold drinks and filling is needed on tooth 19.,filling_form,5
Tooth 21 extraction is needed due to severe decay.,extraction_form,4
Tooth 8 cannot be restored and should be removed.,extraction_form,4
Patient has general tooth discomfort and requests dental evaluation.,consultation_form,1
Clear aligner assessment requested for teeth alignment.,orthodontic_form,6
Patient requires root canal treatment on tooth 1 because of infection.,root_canal_form,8
Patient broke a crown while chewing and needs crown evaluation.,crown_bridge_form,2
Patient cannot sleep because tooth 21 has constant pulsing pain.,root_canal_form,8
Patient came for general dental assessment and treatment planning.,consultation_form,1
Deep pockets and bleeding gums suggest periodontal disease.,periodontal_form,7
Tooth 16 cannot be restored and should be removed.,extraction_form,4
Patient has dental trauma after accident and needs emergency evaluation.,emergency_form,3
"Patient reports loose painful tooth 12, removal may be needed.",extraction_form,4
"Patient reports loose painful tooth 6, removal may be needed.",extraction_form,4
Broken tooth 25 has poor prognosis and extraction is planned.,extraction_form,4
"Patient reports bad breath and plaque buildup, cleaning recommended.",cleaning_form,0
Patient is due for regular hygiene cleaning appointment.,cleaning_form,0
Patient cannot sleep because tooth 25 has constant pulsing pain.,root_canal_form,8
Patient needs orthodontic consultation for crowded teeth.,orthodontic_form,6
Tartar accumulation found during exam; dental cleaning is required.,cleaning_form,0
"Dental exam showed tooth decay on tooth 31, restorative filling recommended.",filling_form,5
Consultation needed for ongoing mouth pain and sensitivity.,consultation_form,1
Consultation needed for ongoing mouth pain and sensitivity.,consultation_form,1
Patient reports jaw pain and needs dental consultation.,consultation_form,1
Patient broke a crown while chewing and needs crown evaluation.,crown_bridge_form,2
Facial swelling and severe tooth pain require urgent dental care.,emergency_form,3
Patient reports jaw pain and needs dental consultation.,consultation_form,1
Tooth 3 extraction is needed due to severe decay.,extraction_form,4
Braces consultation requested due to misaligned teeth.,orthodontic_form,6
Tooth 18 hurts when eating sweets and may need filling.,filling_form,5
"Patient reports loose painful tooth 25, removal may be needed.",extraction_form,4
"Bleeding gums observed, cleaning and oral hygiene instructions recommended.",cleaning_form,0
Scaling and root planing recommended due to gum disease.,periodontal_form,7
Broken tooth 6 has poor prognosis and extraction is planned.,extraction_form,4
"Bleeding gums observed, cleaning and oral hygiene instructions recommended.",cleaning_form,0
Patient is unsure which tooth hurts and needs examination.,consultation_form,1
"Patient says food gets stuck in tooth 5, possible cavity requiring filling.",filling_form,5
Old crown on tooth 28 is loose and needs replacement.,crown_bridge_form,2
Patient has cavity on tooth 3 and needs composite filling.,filling_form,5
Tooth 21 cannot be restored and should be removed.,extraction_form,4
Patient is unsure which tooth hurts and needs examination.,consultation_form,1
Patient cannot sleep because tooth 15 has constant pulsing pain.,root_canal_form,8
"Patient reports loose painful tooth 14, removal may be needed.",extraction_form,4
Patient woke up with swollen face and severe mouth pain.,emergency_form,3
Tooth 16 cannot be restored and should be removed.,extraction_form,4
Patient needs crown placement on damaged tooth 20.,crown_bridge_form,2
Braces consultation requested due to misaligned teeth.,orthodontic_form,6
Patient has bite issue and may need orthodontic treatment.,orthodontic_form,6
"Patient reports loose painful tooth 26, removal may be needed.",extraction_form,4
Patient woke up with swollen face and severe mouth pain.,emergency_form,3
"Patient reports loose painful tooth 4, removal may be needed.",extraction_form,4
Patient woke up with swollen face and severe mouth pain.,emergency_form,3
Patient broke a crown while chewing and needs crown evaluation.,crown_bridge_form,2
Patient has dental trauma after accident and needs emergency evaluation.,emergency_form,3
Patient needs orthodontic consultation for crowded teeth.,orthodontic_form,6
Patient needs crown placement on damaged tooth 28.,crown_bridge_form,2
Patient needs crown placement on damaged tooth 28.,crown_bridge_form,2
Patient came for general dental assessment and treatment planning.,consultation_form,1
Patient came for general dental assessment and treatment planning.,consultation_form,1
Tooth 4 hurts when eating sweets and may need filling.,filling_form,5
Large restoration on tooth 4 failed; crown treatment recommended.,crown_bridge_form,2
Patient is due for regular hygiene cleaning appointment.,cleaning_form,0
Abscess found near tooth 32; endodontic treatment is needed.,root_canal_form,8
Consultation needed for ongoing mouth pain and sensitivity.,consultation_form,1
Patient broke tooth 5 yesterday and reports sharp pain.,emergency_form,3
Patient reports sensitivity to cold drinks and filling is needed on tooth 7.,filling_form,5
Patient requires root canal treatment on tooth 12 because of infection.,root_canal_form,8
"Dental exam showed tooth decay on tooth 15, restorative filling recommended.",filling_form,5
Clear aligner assessment requested for teeth alignment.,orthodontic_form,6
Patient needs crown placement on damaged tooth 2.,crown_bridge_form,2
Patient cannot sleep because tooth 7 has constant pulsing pain.,root_canal_form,8
"Bleeding gums observed, cleaning and oral hygiene instructions recommended.",cleaning_form,0
Patient needs orthodontic consultation for crowded teeth.,orthodontic_form,6
Severe nerve pain in tooth 10; root canal treatment recommended.,root_canal_form,8
"Patient says food gets stuck in tooth 4, possible cavity requiring filling.",filling_form,5
"Bleeding gums observed, cleaning and oral hygiene instructions recommended.",cleaning_form,0
Tooth 19 extraction is needed due to severe decay.,extraction_form,4
Patient is due for regular hygiene cleaning appointment.,cleaning_form,0
Patient has swelling and pain around tooth 3; extraction may be required.,extraction_form,4
Tooth 19 cannot be restored and should be removed.,extraction_form,4
Patient cannot sleep because tooth 14 has constant pulsing pain.,root_canal_form,8
Patient has swelling and pain around tooth 7; extraction may be required.,extraction_form,4
Tartar accumulation found during exam; dental cleaning is required.,cleaning_form,0
Patient broke tooth 3 yesterday and reports sharp pain.,emergency_form,3
Patient has gum inflammation and periodontal assessment is required.,periodontal_form,7
Scaling and root planing recommended due to gum disease.,periodontal_form,7
Patient has swelling and pain around tooth 32; extraction may be required.,extraction_form,4
Patient cannot sleep because tooth 30 has constant pulsing pain.,root_canal_form,8
Tartar accumulation found during exam; dental cleaning is required.,cleaning_form,0
"Dental exam showed tooth decay on tooth 22, restorative filling recommended.",filling_form,5
Patient cannot sleep because tooth 15 has constant pulsing pain.,root_canal_form,8
Patient has severe dental pain and needs emergency appointment.,emergency_form,3
Patient has plaque buildup and needs dental cleaning.,cleaning_form,0
Patient has cavity on tooth 2 and needs composite filling.,filling_form,5
Patient reports sensitivity to cold drinks and filling is needed on tooth 5.,filling_form,5
"Patient reports loose teeth and gum recession, periodontal treatment needed.",periodontal_form,7
Tooth 21 extraction is needed due to severe decay.,extraction_form,4
Deep pockets and bleeding gums suggest periodontal disease.,periodontal_form,7
Patient reports sensitivity to cold drinks and filling is needed on tooth 26.,filling_form,5
Patient came for general dental assessment and treatment planning.,consultation_form,1
Patient needs crown placement on damaged tooth 30.,crown_bridge_form,2
Patient has bite issue and may need orthodontic treatment.,orthodontic_form,6
Patient has general tooth discomfort and requests dental evaluation.,consultation_form,1
"Patient says food gets stuck in tooth 21, possible cavity requiring filling.",filling_form,5
Broken tooth 6 has poor prognosis and extraction is planned.,extraction_form,4
Broken tooth 28 has poor prognosis and extraction is planned.,extraction_form,4
Tartar accumulation found during exam; dental cleaning is required.,cleaning_form,0
Patient cannot sleep because tooth 26 has constant pulsing pain.,root_canal_form,8
"Patient says food gets stuck in tooth 1, possible cavity requiring filling.",filling_form,5
Bridge replacement required due to fractured dental restoration.,crown_bridge_form,2
"Patient reports bad breath and plaque buildup, cleaning recommended.",cleaning_form,0
Patient has severe dental pain and needs emergency appointment.,emergency_form,3
Patient has plaque buildup and needs dental cleaning.,cleaning_form,0
"Bleeding gums observed, cleaning and oral hygiene instructions recommended.",cleaning_form,0
Tooth 10 cannot be restored and should be removed.,extraction_form,4
Patient broke tooth 2 yesterday and reports sharp pain.,emergency_form,3
Tooth 30 cannot be restored and should be removed.,extraction_form,4
Patient came for general dental assessment and treatment planning.,consultation_form,1
Broken tooth 15 has poor prognosis and extraction is planned.,extraction_form,4
Patient is due for regular hygiene cleaning appointment.,cleaning_form,0
Patient cannot sleep because tooth 24 has constant pulsing pain.,root_canal_form,8
Patient came for general dental assessment and treatment planning.,consultation_form,1
"Patient reports loose painful tooth 25, removal may be needed.",extraction_form,4
"Patient reports bad breath and plaque buildup, cleaning recommended.",cleaning_form,0
Patient has plaque buildup and needs dental cleaning.,cleaning_form,0
Patient says teeth are shifting and wants orthodontic advice.,orthodontic_form,6
Patient has swelling and pain around tooth 8; extraction may be required.,extraction_form,4
Abscess found near tooth 22; endodontic treatment is needed.,root_canal_form,8
Patient woke up with swollen face and severe mouth pain.,emergency_form,3
Patient has plaque buildup and needs dental cleaning.,cleaning_form,0
Consultation needed for ongoing mouth pain and sensitivity.,consultation_form,1
Patient is due for regular hygiene cleaning appointment.,cleaning_form,0
Severe nerve pain in tooth 9; root canal treatment recommended.,root_canal_form,8
"Patient says food gets stuck in tooth 16, possible cavity requiring filling.",filling_form,5
Patient needs orthodontic consultation for crowded teeth.,orthodontic_form,6
Patient is due for regular hygiene cleaning appointment.,cleaning_form,0
Patient has severe dental pain and needs emergency appointment.,emergency_form,3
Patient needs orthodontic consultation for crowded teeth.,orthodontic_form,6
Clear aligner assessment requested for teeth alignment.,orthodontic_form,6
Bridge replacement required due to fractured dental restoration.,crown_bridge_form,2
"Patient reports bad breath and plaque buildup, cleaning recommended.",cleaning_form,0
Patient has dental trauma after accident and needs emergency evaluation.,emergency_form,3
Patient is unsure which tooth hurts and needs examination.,consultation_form,1
Broken tooth 20 has poor prognosis and extraction is planned.,extraction_form,4
Broken tooth 2 has poor prognosis and extraction is planned.,extraction_form,4
"Dental exam showed tooth decay on tooth 25, restorative filling recommended.",filling_form,5
Patient came for general dental assessment and treatment planning.,consultation_form,1
Tooth 20 hurts when eating sweets and may need filling.,filling_form,5
Patient is unsure which tooth hurts and needs examination.,consultation_form,1
"Bleeding gums observed, cleaning and oral hygiene instructions recommended.",cleaning_form,0
Scaling and root planing recommended due to gum disease.,periodontal_form,7
Patient has bite issue and may need orthodontic treatment.,orthodontic_form,6
Patient has gum inflammation and periodontal assessment is required.,periodontal_form,7
Patient has dental trauma after accident and needs emergency evaluation.,emergency_form,3
Patient reports jaw pain and needs dental consultation.,consultation_form,1
Deep pockets and bleeding gums suggest periodontal disease.,periodontal_form,7
Scaling and root planing recommended due to gum disease.,periodontal_form,7
Braces consultation requested due to misaligned teeth.,orthodontic_form,6
"Patient reports bad breath and plaque buildup, cleaning recommended.",cleaning_form,0
Tooth 1 hurts when eating sweets and may need filling.,filling_form,5
"Patient reports loose teeth and gum recession, periodontal treatment needed.",periodontal_form,7
"Patient reports loose painful tooth 29, removal may be needed.",extraction_form,4
"Patient says food gets stuck in tooth 3, possible cavity requiring filling.",filling_form,5
Tooth 19 extraction is needed due to severe decay.,extraction_form,4
Severe nerve pain in tooth 24; root canal treatment recommended.,root_canal_form,8
Large restoration on tooth 8 failed; crown treatment recommended.,crown_bridge_form,2
"Patient reports bad breath and plaque buildup, cleaning recommended.",cleaning_form,0
"Patient reports loose painful tooth 7, removal may be needed.",extraction_form,4
"Patient reports bad breath and plaque buildup, cleaning recommended.",cleaning_form,0
Tartar accumulation found during exam; dental cleaning is required.,cleaning_form,0
Patient needs orthodontic consultation for crowded teeth.,orthodontic_form,6
Patient has general tooth discomfort and requests dental evaluation.,consultation_form,1
Facial swelling and severe tooth pain require urgent dental care.,emergency_form,3
Deep decay reached nerve of tooth 26; root canal therapy planned.,root_canal_form,8
Deep pockets and bleeding gums suggest periodontal disease.,periodontal_form,7
Broken tooth 22 has poor prognosis and extraction is planned.,extraction_form,4
Bridge replacement required due to fractured dental restoration.,crown_bridge_form,2
Tooth 8 extraction is needed due to severe decay.,extraction_form,4
Large restoration on tooth 21 failed; crown treatment recommended.,crown_bridge_form,2
Patient has plaque buildup and needs dental cleaning.,cleaning_form,0
Patient has general tooth discomfort and requests dental evaluation.,consultation_form,1
"Patient reports bad breath and plaque buildup, cleaning recommended.",cleaning_form,0
Patient says teeth are shifting and wants orthodontic advice.,orthodontic_form,6
"Patient reports loose painful tooth 14, removal may be needed.",extraction_form,4
Scaling and root planing recommended due to gum disease.,periodontal_form,7
Deep decay reached nerve of tooth 11; root canal therapy planned.,root_canal_form,8
Patient has bite issue and may need orthodontic treatment.,orthodontic_form,6
Large restoration on tooth 8 failed; crown treatment recommended.,crown_bridge_form,2
Patient reports jaw pain and needs dental consultation.,consultation_form,1
Clear aligner assessment requested for teeth alignment.,orthodontic_form,6
"Dental exam showed tooth decay on tooth 22, restorative filling recommended.",filling_form,5
"Bleeding gums observed, cleaning and oral hygiene instructions recommended.",cleaning_form,0
Patient has swelling and pain around tooth 26; extraction may be required.,extraction_form,4
"Bleeding gums observed, cleaning and oral hygiene instructions recommended.",cleaning_form,0
Patient reports sensitivity to cold drinks and filling is needed on tooth 17.,filling_form,5
Patient is due for regular hygiene cleaning appointment.,cleaning_form,0
Clear aligner assessment requested for teeth alignment.,orthodontic_form,6
"Patient reports loose painful tooth 29, removal may be needed.",extraction_form,4
"Patient says food gets stuck in tooth 18, possible cavity requiring filling.",filling_form,5
Patient has plaque buildup and needs dental cleaning.,cleaning_form,0
"Patient reports loose painful tooth 21, removal may be needed.",extraction_form,4
Consultation needed for ongoing mouth pain and sensitivity.,consultation_form,1
Facial swelling and severe tooth pain require urgent dental care.,emergency_form,3
Patient has severe dental pain and needs emergency appointment.,emergency_form,3
"Patient reports bad breath and plaque buildup, cleaning recommended.",cleaning_form,0
Patient needs crown placement on damaged tooth 19.,crown_bridge_form,2
"Patient reports bad breath and plaque buildup, cleaning recommended.",cleaning_form,0
Tartar accumulation found during exam; dental cleaning is required.,cleaning_form,0
Patient has general tooth discomfort and requests dental evaluation.,consultation_form,1
Periodontal charting required because of bleeding and bone loss.,periodontal_form,7
"Patient reports loose painful tooth 6, removal may be needed.",extraction_form,4
Broken tooth 24 has poor prognosis and extraction is planned.,extraction_form,4
Consultation needed for ongoing mouth pain and sensitivity.,consultation_form,1
Old crown on tooth 15 is loose and needs replacement.,crown_bridge_form,2
Patient has swelling and pain around tooth 17; extraction may be required.,extraction_form,4
Patient needs crown placement on damaged tooth 7.,crown_bridge_form,2
Patient has bite issue and may need orthodontic treatment.,orthodontic_form,6
Patient broke tooth 18 yesterday and reports sharp pain.,emergency_form,3
Patient woke up with swollen face and severe mouth pain.,emergency_form,3
"Patient reports loose teeth and gum recession, periodontal treatment needed.",periodontal_form,7
"Patient reports loose teeth and gum recession, periodontal treatment needed.",periodontal_form,7
"Patient reports loose painful tooth 4, removal may be needed.",extraction_form,4
Patient has gum inflammation and periodontal assessment is required.,periodontal_form,7
Tooth 1 extraction is needed due to severe decay.,extraction_form,4
Patient woke up with swollen face and severe mouth pain.,emergency_form,3
"Dental exam showed tooth decay on tooth 12, restorative filling recommended.",filling_form,5
Scaling and root planing recommended due to gum disease.,periodontal_form,7
"Patient reports loose teeth and gum recession, periodontal treatment needed.",periodontal_form,7
Severe nerve pain in tooth 21; root canal treatment recommended.,root_canal_form,8
Patient is unsure which tooth hurts and needs examination.,consultation_form,1
Patient has swelling and pain around tooth 13; extraction may be required.,extraction_form,4
Patient cannot sleep because tooth 15 has constant pulsing pain.,root_canal_form,8
Clear aligner assessment requested for teeth alignment.,orthodontic_form,6
Tooth 15 extraction is needed due to severe decay.,extraction_form,4
Large restoration on tooth 4 failed; crown treatment recommended.,crown_bridge_form,2
Patient has severe dental pain and needs emergency appointment.,emergency_form,3
Patient came for general dental assessment and treatment planning.,consultation_form,1
Old crown on tooth 32 is loose and needs replacement.,crown_bridge_form,2
Patient came for general dental assessment and treatment planning.,consultation_form,1
Patient is due for regular hygiene cleaning appointment.,cleaning_form,0
"Dental exam showed tooth decay on tooth 4, restorative filling recommended.",filling_form,5
Facial swelling and severe tooth pain require urgent dental care.,emergency_form,3
"Dental exam showed tooth decay on tooth 19, restorative filling recommended.",filling_form,5
"Patient reports loose teeth and gum recession, periodontal treatment needed.",periodontal_form,7
Large restoration on tooth 18 failed; crown treatment recommended.,crown_bridge_form,2
Patient has general tooth discomfort and requests dental evaluation.,consultation_form,1
Deep pockets and bleeding gums suggest periodontal disease.,periodontal_form,7
Patient needs crown placement on damaged tooth 11.,crown_bridge_form,2
"Dental exam showed tooth decay on tooth 25, restorative filling recommended.",filling_form,5
"Patient reports loose painful tooth 1, removal may be needed.",extraction_form,4
Patient has gum inflammation and periodontal assessment is required.,periodontal_form,7
Patient has general tooth discomfort and requests dental evaluation.,consultation_form,1
Severe nerve pain in tooth 23; root canal treatment recommended.,root_canal_form,8
Patient reports jaw pain and needs dental consultation.,consultation_form,1
Patient requires root canal treatment on tooth 18 because of infection.,root_canal_form,8
Patient has swelling and pain around tooth 20; extraction may be required.,extraction_form,4
"Patient says food gets stuck in tooth 31, possible cavity requiring filling.",filling_form,5
Patient says teeth are shifting and wants orthodontic advice.,orthodontic_form,6
Periodontal charting required because of bleeding and bone loss.,periodontal_form,7
Old crown on tooth 3 is loose and needs replacement.,crown_bridge_form,2
Patient requires root canal treatment on tooth 6 because of infection.,root_canal_form,8
Patient is due for regular hygiene cleaning appointment.,cleaning_form,0
Patient has dental trauma after accident and needs emergency evaluation.,emergency_form,3
Patient has severe dental pain and needs emergency appointment.,emergency_form,3
"Patient reports loose painful tooth 6, removal may be needed.",extraction_form,4
Old crown on tooth 1 is loose and needs replacement.,crown_bridge_form,2
Tooth 29 extraction is needed due to severe decay.,extraction_form,4
Patient requires root canal treatment on tooth 4 because of infection.,root_canal_form,8
Tooth 26 cannot be restored and should be removed.,extraction_form,4
Patient is due for regular hygiene cleaning appointment.,cleaning_form,0
Tooth 13 hurts when eating sweets and may need filling.,filling_form,5
Patient reports jaw pain and needs dental consultation.,consultation_form,1
Deep decay reached nerve of tooth 7; root canal therapy planned.,root_canal_form,8
Patient says teeth are shifting and wants orthodontic advice.,orthodontic_form,6
Abscess found near tooth 11; endodontic treatment is needed.,root_canal_form,8
Patient came for general dental assessment and treatment planning.,consultation_form,1
Patient is due for regular hygiene cleaning appointment.,cleaning_form,0
Patient has dental trauma after accident and needs emergency evaluation.,emergency_form,3
Patient broke a crown while chewing and needs crown evaluation.,crown_bridge_form,2
Patient broke tooth 26 yesterday and reports sharp pain.,emergency_form,3
"Patient reports loose painful tooth 26, removal may be needed.",extraction_form,4
Braces consultation requested due to misaligned teeth.,orthodontic_form,6
Consultation needed for ongoing mouth pain and sensitivity.,consultation_form,1
Patient broke a crown while chewing and needs crown evaluation.,crown_bridge_form,2
"Bleeding gums observed, cleaning and oral hygiene instructions recommended.",cleaning_form,0
Severe nerve pain in tooth 1; root canal treatment recommended.,root_canal_form,8
Patient is due for regular hygiene cleaning appointment.,cleaning_form,0
Patient has dental trauma after accident and needs emergency evaluation.,emergency_form,3
Clear aligner assessment requested for teeth alignment.,orthodontic_form,6
Patient has swelling and pain around tooth 18; extraction may be required.,extraction_form,4
Tooth 15 cannot be restored and should be removed.,extraction_form,4
Tartar accumulation found during exam; dental cleaning is required.,cleaning_form,0
Severe nerve pain in tooth 17; root canal treatment recommended.,root_canal_form,8
Clear aligner assessment requested for teeth alignment.,orthodontic_form,6
Tooth 13 extraction is needed due to severe decay.,extraction_form,4
Patient requires root canal treatment on tooth 22 because of infection.,root_canal_form,8
Abscess found near tooth 21; endodontic treatment is needed.,root_canal_form,8
Patient has dental trauma after accident and needs emergency evaluation.,emergency_form,3
Clear aligner assessment requested for teeth alignment.,orthodontic_form,6
Patient has severe dental pain and needs emergency appointment.,emergency_form,3
Scaling and root planing recommended due to gum disease.,periodontal_form,7
Patient woke up with swollen face and severe mouth pain.,emergency_form,3
"Patient reports loose teeth and gum recession, periodontal treatment needed.",periodontal_form,7
Facial swelling and severe tooth pain require urgent dental care.,emergency_form,3
"Patient reports loose teeth and gum recession, periodontal treatment needed.",periodontal_form,7
Old crown on tooth 15 is loose and needs replacement.,crown_bridge_form,2
Patient needs orthodontic consultation for crowded teeth.,orthodontic_form,6
Patient has bite issue and may need orthodontic treatment.,orthodontic_form,6
Patient needs crown placement on damaged tooth 25.,crown_bridge_form,2
Patient has dental trauma after accident and needs emergency evaluation.,emergency_form,3
Patient has bite issue and may need orthodontic treatment.,orthodontic_form,6
Tartar accumulation found during exam; dental cleaning is required.,cleaning_form,0
Patient has general tooth discomfort and requests dental evaluation.,consultation_form,1
Patient has general tooth discomfort and requests dental evaluation.,consultation_form,1
Scaling and root planing recommended due to gum disease.,periodontal_form,7
Deep decay reached nerve of tooth 23; root canal therapy planned.,root_canal_form,8
Patient says teeth are shifting and wants orthodontic advice.,orthodontic_form,6
Patient has bite issue and may need orthodontic treatment.,orthodontic_form,6
"Patient reports loose painful tooth 14, removal may be needed.",extraction_form,4
Patient woke up with swollen face and severe mouth pain.,emergency_form,3
"Patient reports bad breath and plaque buildup, cleaning recommended.",cleaning_form,0
Patient has gum inflammation and periodontal assessment is required.,periodontal_form,7
Patient has gum inflammation and periodontal assessment is required.,periodontal_form,7
Severe nerve pain in tooth 13; root canal treatment recommended.,root_canal_form,8
Patient requires root canal treatment on tooth 19 because of infection.,root_canal_form,8
Patient woke up with swollen face and severe mouth pain.,emergency_form,3
"Patient says food gets stuck in tooth 20, possible cavity requiring filling.",filling_form,5
Broken tooth 20 has poor prognosis and extraction is planned.,extraction_form,4
Patient cannot sleep because tooth 18 has constant pulsing pain.,root_canal_form,8
Scaling and root planing recommended due to gum disease.,periodontal_form,7
Patient has cavity on tooth 27 and needs composite filling.,filling_form,5
Patient has cavity on tooth 18 and needs composite filling.,filling_form,5
Patient has dental trauma after accident and needs emergency evaluation.,emergency_form,3
Large restoration on tooth 4 failed; crown treatment recommended.,crown_bridge_form,2
Broken tooth 20 has poor prognosis and extraction is planned.,extraction_form,4
Patient came for general dental assessment and treatment planning.,consultation_form,1
Patient reports sensitivity to cold drinks and filling is needed on tooth 10.,filling_form,5
Broken tooth 24 has poor prognosis and extraction is planned.,extraction_form,4
Bridge replacement required due to fractured dental restoration.,crown_bridge_form,2
"Patient reports bad breath and plaque buildup, cleaning recommended.",cleaning_form,0
Broken tooth 31 has poor prognosis and extraction is planned.,extraction_form,4
Scaling and root planing recommended due to gum disease.,periodontal_form,7
Tartar accumulation found during exam; dental cleaning is required.,cleaning_form,0
Patient has general tooth discomfort and requests dental evaluation.,consultation_form,1
"Patient reports loose painful tooth 18, removal may be needed.",extraction_form,4
Clear aligner assessment requested for teeth alignment.,orthodontic_form,6
Patient is unsure which tooth hurts and needs examination.,consultation_form,1
Patient has cavity on tooth 18 and needs composite filling.,filling_form,5
Patient has swelling and pain around tooth 27; extraction may be required.,extraction_form,4
Deep pockets and bleeding gums suggest periodontal disease.,periodontal_form,7
Patient is unsure which tooth hurts and needs examination.,consultation_form,1
Patient reports jaw pain and needs dental consultation.,consultation_form,1
Patient has cavity on tooth 4 and needs composite filling.,filling_form,5
Patient has gum inflammation and periodontal assessment is required.,periodontal_form,7
Abscess found near tooth 7; endodontic treatment is needed.,root_canal_form,8
Patient is unsure which tooth hurts and needs examination.,consultation_form,1
Patient broke a crown while chewing and needs crown evaluation.,crown_bridge_form,2
Broken tooth 28 has poor prognosis and extraction is planned.,extraction_form,4
Braces consultation requested due to misaligned teeth.,orthodontic_form,6
"Patient reports loose teeth and gum recession, periodontal treatment needed.",periodontal_form,7
Patient has dental trauma after accident and needs emergency evaluation.,emergency_form,3
Consultation needed for ongoing mouth pain and sensitivity.,consultation_form,1
Patient needs crown placement on damaged tooth 23.,crown_bridge_form,2
Deep pockets and bleeding gums suggest periodontal disease.,periodontal_form,7
Deep pockets and bleeding gums suggest periodontal disease.,periodontal_form,7
Patient has gum inflammation and periodontal assessment is required.,periodontal_form,7
Patient came for general dental assessment and treatment planning.,consultation_form,1
Patient has cavity on tooth 4 and needs composite filling.,filling_form,5
"Patient says food gets stuck in tooth 32, possible cavity requiring filling.",filling_form,5
Patient woke up with swollen face and severe mouth pain.,emergency_form,3
Patient has gum inflammation and periodontal assessment is required.,periodontal_form,7
Patient broke tooth 14 yesterday and reports sharp pain.,emergency_form,3
Scaling and root planing recommended due to gum disease.,periodontal_form,7
Bridge replacement required due to fractured dental restoration.,crown_bridge_form,2
Patient has plaque buildup and needs dental cleaning.,cleaning_form,0
Facial swelling and severe tooth pain require urgent dental care.,emergency_form,3
"Patient reports loose painful tooth 10, removal may be needed.",extraction_form,4
Patient has swelling and pain around tooth 9; extraction may be required.,extraction_form,4
Bridge replacement required due to fractured dental restoration.,crown_bridge_form,2
"Patient reports loose teeth and gum recession, periodontal treatment needed.",periodontal_form,7
Abscess found near tooth 2; endodontic treatment is needed.,root_canal_form,8
Patient has general tooth discomfort and requests dental evaluation.,consultation_form,1
Deep pockets and bleeding gums suggest periodontal disease.,periodontal_form,7
"Patient reports loose painful tooth 14, removal may be needed.",extraction_form,4
Patient has general tooth discomfort and requests dental evaluation.,consultation_form,1
"Patient reports bad breath and plaque buildup, cleaning recommended.",cleaning_form,0
Patient requires root canal treatment on tooth 18 because of infection.,root_canal_form,8
Patient came for general dental assessment and treatment planning.,consultation_form,1
Tartar accumulation found during exam; dental cleaning is required.,cleaning_form,0
Scaling and root planing recommended due to gum disease.,periodontal_form,7
Patient needs orthodontic consultation for crowded teeth.,orthodontic_form,6
Patient needs crown placement on damaged tooth 26.,crown_bridge_form,2
Patient has bite issue and may need orthodontic treatment.,orthodontic_form,6
"Patient says food gets stuck in tooth 5, possible cavity requiring filling.",filling_form,5
Deep pockets and bleeding gums suggest periodontal disease.,periodontal_form,7
Patient reports jaw pain and needs dental consultation.,consultation_form,1
Bridge replacement required due to fractured dental restoration.,crown_bridge_form,2
Patient reports sensitivity to cold drinks and filling is needed on tooth 15.,filling_form,5
"Dental exam showed tooth decay on tooth 27, restorative filling recommended.",filling_form,5
Bridge replacement required due to fractured dental restoration.,crown_bridge_form,2
Patient reports jaw pain and needs dental consultation.,consultation_form,1
Tooth 28 hurts when eating sweets and may need filling.,filling_form,5
Patient reports jaw pain and needs dental consultation.,consultation_form,1
Patient reports jaw pain and needs dental consultation.,consultation_form,1
Patient reports jaw pain and needs dental consultation.,consultation_form,1
Abscess found near tooth 18; endodontic treatment is needed.,root_canal_form,8
Facial swelling and severe tooth pain require urgent dental care.,emergency_form,3
Tooth 21 extraction is needed due to severe decay.,extraction_form,4
Tartar accumulation found during exam; dental cleaning is required.,cleaning_form,0
Patient is due for regular hygiene cleaning appointment.,cleaning_form,0
Patient woke up with swollen face and severe mouth pain.,emergency_form,3
Tartar accumulation found during exam; dental cleaning is required.,cleaning_form,0
"Patient reports loose teeth and gum recession, periodontal treatment needed.",periodontal_form,7
Patient reports jaw pain and needs dental consultation.,consultation_form,1
Tooth 22 hurts when eating sweets and may need filling.,filling_form,5
Abscess found near tooth 9; endodontic treatment is needed.,root_canal_form,8
Severe nerve pain in tooth 28; root canal treatment recommended.,root_canal_form,8
Patient has bite issue and may need orthodontic treatment.,orthodontic_form,6
Patient requires root canal treatment on tooth 17 because of infection.,root_canal_form,8
Patient has cavity on tooth 2 and needs composite filling.,filling_form,5
Old crown on tooth 30 is loose and needs replacement.,crown_bridge_form,2
Patient reports jaw pain and needs dental consultation.,consultation_form,1
Old crown on tooth 13 is loose and needs replacement.,crown_bridge_form,2
Patient needs crown placement on damaged tooth 8.,crown_bridge_form,2
Abscess found near tooth 5; endodontic treatment is needed.,root_canal_form,8
Patient has severe dental pain and needs emergency appointment.,emergency_form,3
Patient is unsure which tooth hurts and needs examination.,consultation_form,1
Patient needs orthodontic consultation for crowded teeth.,orthodontic_form,6
Old crown on tooth 24 is loose and needs replacement.,crown_bridge_form,2
Patient needs crown placement on damaged tooth 10.,crown_bridge_form,2
Patient has dental trauma after accident and needs emergency evaluation.,emergency_form,3
Large restoration on tooth 22 failed; crown treatment recommended.,crown_bridge_form,2
Tooth 24 cannot be restored and should be removed.,extraction_form,4
Patient has severe dental pain and needs emergency appointment.,emergency_form,3
Bridge replacement required due to fractured dental restoration.,crown_bridge_form,2
Patient has gum inflammation and periodontal assessment is required.,periodontal_form,7
Deep decay reached nerve of tooth 20; root canal therapy planned.,root_canal_form,8
Patient woke up with swollen face and severe mouth pain.,emergency_form,3
Tooth 14 extraction is needed due to severe decay.,extraction_form,4
Patient needs crown placement on damaged tooth 25.,crown_bridge_form,2
Patient has general tooth discomfort and requests dental evaluation.,consultation_form,1
Patient has cavity on tooth 16 and needs composite filling.,filling_form,5
Patient needs orthodontic consultation for crowded teeth.,orthodontic_form,6
Patient has dental trauma after accident and needs emergency evaluation.,emergency_form,3
Patient cannot sleep because tooth 1 has constant pulsing pain.,root_canal_form,8
Periodontal charting required because of bleeding and bone loss.,periodontal_form,7
Patient needs crown placement on damaged tooth 20.,crown_bridge_form,2
Severe nerve pain in tooth 27; root canal treatment recommended.,root_canal_form,8
Old crown on tooth 15 is loose and needs replacement.,crown_bridge_form,2
Patient is due for regular hygiene cleaning appointment.,cleaning_form,0
Tooth 23 hurts when eating sweets and may need filling.,filling_form,5
Patient came for general dental assessment and treatment planning.,consultation_form,1
Patient cannot sleep because tooth 6 has constant pulsing pain.,root_canal_form,8
Deep pockets and bleeding gums suggest periodontal disease.,periodontal_form,7
"Patient reports loose teeth and gum recession, periodontal treatment needed.",periodontal_form,7
Large restoration on tooth 25 failed; crown treatment recommended.,crown_bridge_form,2
Deep decay reached nerve of tooth 27; root canal therapy planned.,root_canal_form,8
Patient needs orthodontic consultation for crowded teeth.,orthodontic_form,6
Patient reports sensitivity to cold drinks and filling is needed on tooth 32.,filling_form,5
Patient has gum inflammation and periodontal assessment is required.,periodontal_form,7
Patient reports sensitivity to cold drinks and filling is needed on tooth 12.,filling_form,5
Patient is unsure which tooth hurts and needs examination.,consultation_form,1
Patient has general tooth discomfort and requests dental evaluation.,consultation_form,1
Patient requires root canal treatment on tooth 1 because of infection.,root_canal_form,8
"Patient says food gets stuck in tooth 25, possible cavity requiring filling.",filling_form,5
Large restoration on tooth 21 failed; crown treatment recommended.,crown_bridge_form,2
Patient reports sensitivity to cold drinks and filling is needed on tooth 19.,filling_form,5
Tooth 32 extraction is needed due to severe decay.,extraction_form,4
Tooth 23 extraction is needed due to severe decay.,extraction_form,4
Deep pockets and bleeding gums suggest periodontal disease.,periodontal_form,7
"Patient says food gets stuck in tooth 14, possible cavity requiring filling.",filling_form,5
Consultation needed for ongoing mouth pain and sensitivity.,consultation_form,1
Patient has cavity on tooth 13 and needs composite filling.,filling_form,5
Patient reports jaw pain and needs dental consultation.,consultation_form,1
"Bleeding gums observed, cleaning and oral hygiene instructions recommended.",cleaning_form,0
Consultation needed for ongoing mouth pain and sensitivity.,consultation_form,1
Patient needs crown placement on damaged tooth 17.,crown_bridge_form,2
Tartar accumulation found during exam; dental cleaning is required.,cleaning_form,0
Tooth 6 extraction is needed due to severe decay.,extraction_form,4
Tooth 25 extraction is needed due to severe decay.,extraction_form,4
"Dental exam showed tooth decay on tooth 16, restorative filling recommended.",filling_form,5
Patient reports jaw pain and needs dental consultation.,consultation_form,1
Patient has general tooth discomfort and requests dental evaluation.,consultation_form,1
Periodontal charting required because of bleeding and bone loss.,periodontal_form,7
Patient is due for regular hygiene cleaning appointment.,cleaning_form,0
Patient needs crown placement on damaged tooth 19.,crown_bridge_form,2
Patient has bite issue and may need orthodontic treatment.,orthodontic_form,6
Braces consultation requested due to misaligned teeth.,orthodontic_form,6
Consultation needed for ongoing mouth pain and sensitivity.,consultation_form,1
Bridge replacement required due to fractured dental restoration.,crown_bridge_form,2
Patient came for general dental assessment and treatment planning.,consultation_form,1
Patient has bite issue and may need orthodontic treatment.,orthodontic_form,6
Patient broke a crown while chewing and needs crown evaluation.,crown_bridge_form,2
Abscess found near tooth 2; endodontic treatment is needed.,root_canal_form,8
Patient reports sensitivity to cold drinks and filling is needed on tooth 24.,filling_form,5
Patient woke up with swollen face and severe mouth pain.,emergency_form,3
Deep pockets and bleeding gums suggest periodontal disease.,periodontal_form,7
Patient broke a crown while chewing and needs crown evaluation.,crown_bridge_form,2
Abscess found near tooth 25; endodontic treatment is needed.,root_canal_form,8
Consultation needed for ongoing mouth pain and sensitivity.,consultation_form,1
Scaling and root planing recommended due to gum disease.,periodontal_form,7
Patient says teeth are shifting and wants orthodontic advice.,orthodontic_form,6
Patient woke up with swollen face and severe mouth pain.,emergency_form,3
Old crown on tooth 29 is loose and needs replacement.,crown_bridge_form,2
Patient needs crown placement on damaged tooth 22.,crown_bridge_form,2
"Patient says food gets stuck in tooth 21, possible cavity requiring filling.",filling_form,5
Patient reports sensitivity to cold drinks and filling is needed on tooth 19.,filling_form,5
Periodontal charting required because of bleeding and bone loss.,periodontal_form,7
Tooth 11 extraction is needed due to severe decay.,extraction_form,4
Scaling and root planing recommended due to gum disease.,periodontal_form,7
Patient broke tooth 1 yesterday and reports sharp pain.,emergency_form,3
"Dental exam showed tooth decay on tooth 31, restorative filling recommended.",filling_form,5
Severe nerve pain in tooth 6; root canal treatment recommended.,root_canal_form,8
Patient has gum inflammation and periodontal assessment is required.,periodontal_form,7
Patient has general tooth discomfort and requests dental evaluation.,consultation_form,1
Consultation needed for ongoing mouth pain and sensitivity.,consultation_form,1
Severe nerve pain in tooth 4; root canal treatment recommended.,root_canal_form,8
Clear aligner assessment requested for teeth alignment.,orthodontic_form,6
"Patient reports loose teeth and gum recession, periodontal treatment needed.",periodontal_form,7
Patient broke a crown while chewing and needs crown evaluation.,crown_bridge_form,2
Patient says teeth are shifting and wants orthodontic advice.,orthodontic_form,6
"Patient reports bad breath and plaque buildup, cleaning recommended.",cleaning_form,0
Patient broke tooth 21 yesterday and reports sharp pain.,emergency_form,3
Patient has bite issue and may need orthodontic treatment.,orthodontic_form,6
"Bleeding gums observed, cleaning and oral hygiene instructions recommended.",cleaning_form,0
Patient says teeth are shifting and wants orthodontic advice.,orthodontic_form,6
Clear aligner assessment requested for teeth alignment.,orthodontic_form,6
Old crown on tooth 30 is loose and needs replacement.,crown_bridge_form,2
"Patient says food gets stuck in tooth 6, possible cavity requiring filling.",filling_form,5
Abscess found near tooth 23; endodontic treatment is needed.,root_canal_form,8
Deep pockets and bleeding gums suggest periodontal disease.,periodontal_form,7
Patient is due for regular hygiene cleaning appointment.,cleaning_form,0
Patient has cavity on tooth 1 and needs composite filling.,filling_form,5
Deep decay reached nerve of tooth 29; root canal therapy planned.,root_canal_form,8
Patient broke a crown while chewing and needs crown evaluation.,crown_bridge_form,2
Deep pockets and bleeding gums suggest periodontal disease.,periodontal_form,7
Patient has plaque buildup and needs dental cleaning.,cleaning_form,0
Periodontal charting required because of bleeding and bone loss.,periodontal_form,7
Patient has swelling and pain around tooth 23; extraction may be required.,extraction_form,4
Patient says teeth are shifting and wants orthodontic advice.,orthodontic_form,6
Periodontal charting required because of bleeding and bone loss.,periodontal_form,7
Patient broke tooth 1 yesterday and reports sharp pain.,emergency_form,3
Patient woke up with swollen face and severe mouth pain.,emergency_form,3
Patient needs orthodontic consultation for crowded teeth.,orthodontic_form,6
Bridge replacement required due to fractured dental restoration.,crown_bridge_form,2
Patient has swelling and pain around tooth 2; extraction may be required.,extraction_form,4
Deep decay reached nerve of tooth 25; root canal therapy planned.,root_canal_form,8
Scaling and root planing recommended due to gum disease.,periodontal_form,7
Patient woke up with swollen face and severe mouth pain.,emergency_form,3
Scaling and root planing recommended due to gum disease.,periodontal_form,7
Patient has dental trauma after accident and needs emergency evaluation.,emergency_form,3
Broken tooth 22 has poor prognosis and extraction is planned.,extraction_form,4
Patient woke up with swollen face and severe mouth pain.,emergency_form,3
Old crown on tooth 13 is loose and needs replacement.,crown_bridge_form,2
Patient has gum inflammation and periodontal assessment is required.,periodontal_form,7
Tooth 29 cannot be restored and should be removed.,extraction_form,4
Patient says teeth are shifting and wants orthodontic advice.,orthodontic_form,6
"Patient reports bad breath and plaque buildup, cleaning recommended.",cleaning_form,0
Patient is unsure which tooth hurts and needs examination.,consultation_form,1
Abscess found near tooth 19; endodontic treatment is needed.,root_canal_form,8
"Patient says food gets stuck in tooth 17, possible cavity requiring filling.",filling_form,5
Patient has gum inflammation and periodontal assessment is required.,periodontal_form,7
Patient has severe dental pain and needs emergency appointment.,emergency_form,3
Periodontal charting required because of bleeding and bone loss.,periodontal_form,7
Patient cannot sleep because tooth 19 has constant pulsing pain.,root_canal_form,8
Patient needs crown placement on damaged tooth 26.,crown_bridge_form,2
Clear aligner assessment requested for teeth alignment.,orthodontic_form,6
Patient broke a crown while chewing and needs crown evaluation.,crown_bridge_form,2
Abscess found near tooth 25; endodontic treatment is needed.,root_canal_form,8
Braces consultation requested due to misaligned teeth.,orthodontic_form,6
Old crown on tooth 15 is loose and needs replacement.,crown_bridge_form,2
Severe nerve pain in tooth 23; root canal treatment recommended.,root_canal_form,8
Patient has swelling and pain around tooth 22; extraction may be required.,extraction_form,4
Broken tooth 19 has poor prognosis and extraction is planned.,extraction_form,4
Deep decay reached nerve of tooth 21; root canal therapy planned.,root_canal_form,8
Patient needs orthodontic consultation for crowded teeth.,orthodontic_form,6
Patient needs orthodontic consultation for crowded teeth.,orthodontic_form,6
Facial swelling and severe tooth pain require urgent dental care.,emergency_form,3
Patient requires root canal treatment on tooth 7 because of infection.,root_canal_form,8
Braces consultation requested due to misaligned teeth.,orthodontic_form,6
Severe nerve pain in tooth 17; root canal treatment recommended.,root_canal_form,8
Old crown on tooth 14 is loose and needs replacement.,crown_bridge_form,2
"Patient says food gets stuck in tooth 20, possible cavity requiring filling.",filling_form,5
Severe nerve pain in tooth 17; root canal treatment recommended.,root_canal_form,8
Tooth 16 cannot be restored and should be removed.,extraction_form,4
Broken tooth 23 has poor prognosis and extraction is planned.,extraction_form,4
"Patient says food gets stuck in tooth 31, possible cavity requiring filling.",filling_form,5
Patient needs crown placement on damaged tooth 16.,crown_bridge_form,2
Severe nerve pain in tooth 17; root canal treatment recommended.,root_canal_form,8
Patient reports sensitivity to cold drinks and filling is needed on tooth 5.,filling_form,5
Patient came for general dental assessment and treatment planning.,consultation_form,1
Deep pockets and bleeding gums suggest periodontal disease.,periodontal_form,7
Patient is unsure which tooth hurts and needs examination.,consultation_form,1
Patient needs crown placement on damaged tooth 29.,crown_bridge_form,2
Deep decay reached nerve of tooth 20; root canal therapy planned.,root_canal_form,8
Patient is unsure which tooth hurts and needs examination.,consultation_form,1
Patient requires root canal treatment on tooth 21 because of infection.,root_canal_form,8
Patient is due for regular hygiene cleaning appointment.,cleaning_form,0
Patient has dental trauma after accident and needs emergency evaluation.,emergency_form,3
Deep decay reached nerve of tooth 13; root canal therapy planned.,root_canal_form,8
Patient needs crown placement on damaged tooth 10.,crown_bridge_form,2
Patient is unsure which tooth hurts and needs examination.,consultation_form,1
Patient needs orthodontic consultation for crowded teeth.,orthodontic_form,6
Tooth 5 extraction is needed due to severe decay.,extraction_form,4
Consultation needed for ongoing mouth pain and sensitivity.,consultation_form,1
"Bleeding gums observed, cleaning and oral hygiene instructions recommended.",cleaning_form,0
Tooth 17 extraction is needed due to severe decay.,extraction_form,4
"Patient reports loose painful tooth 7, removal may be needed.",extraction_form,4
Patient woke up with swollen face and severe mouth pain.,emergency_form,3
Clear aligner assessment requested for teeth alignment.,orthodontic_form,6
Patient cannot sleep because tooth 3 has constant pulsing pain.,root_canal_form,8
Scaling and root planing recommended due to gum disease.,periodontal_form,7
Patient has cavity on tooth 26 and needs composite filling.,filling_form,5
Patient has cavity on tooth 15 and needs composite filling.,filling_form,5
Patient says teeth are shifting and wants orthodontic advice.,orthodontic_form,6
Facial swelling and severe tooth pain require urgent dental care.,emergency_form,3
Patient needs orthodontic consultation for crowded teeth.,orthodontic_form,6
Patient has general tooth discomfort and requests dental evaluation.,consultation_form,1
Tooth 6 extraction is needed due to severe decay.,extraction_form,4
Tooth 26 cannot be restored and should be removed.,extraction_form,4
Patient needs orthodontic consultation for crowded teeth.,orthodontic_form,6
Tooth 5 hurts when eating sweets and may need filling.,filling_form,5
"Patient reports bad breath and plaque buildup, cleaning recommended.",cleaning_form,0
Patient is unsure which tooth hurts and needs examination.,consultation_form,1
Braces consultation requested due to misaligned teeth.,orthodontic_form,6
Broken tooth 24 has poor prognosis and extraction is planned.,extraction_form,4
Patient cannot sleep because tooth 16 has constant pulsing pain.,root_canal_form,8
Patient needs orthodontic consultation for crowded teeth.,orthodontic_form,6
Clear aligner assessment requested for teeth alignment.,orthodontic_form,6
Periodontal charting required because of bleeding and bone loss.,periodontal_form,7
Patient has dental trauma after accident and needs emergency evaluation.,emergency_form,3
Periodontal charting required because of bleeding and bone loss.,periodontal_form,7
"Bleeding gums observed, cleaning and oral hygiene instructions recommended.",cleaning_form,0
Old crown on tooth 2 is loose and needs replacement.,crown_bridge_form,2
Abscess found near tooth 5; endodontic treatment is needed.,root_canal_form,8
Deep pockets and bleeding gums suggest periodontal disease.,periodontal_form,7
Patient has cavity on tooth 16 and needs composite filling.,filling_form,5
Severe nerve pain in tooth 4; root canal treatment recommended.,root_canal_form,8
Deep decay reached nerve of tooth 2; root canal therapy planned.,root_canal_form,8
Patient has dental trauma after accident and needs emergency evaluation.,emergency_form,3
Patient has gum inflammation and periodontal assessment is required.,periodontal_form,7
Deep pockets and bleeding gums suggest periodontal disease.,periodontal_form,7
"Patient says food gets stuck in tooth 16, possible cavity requiring filling.",filling_form,5
Patient came for general dental assessment and treatment planning.,consultation_form,1
Tooth 1 hurts when eating sweets and may need filling.,filling_form,5
"Patient reports loose painful tooth 23, removal may be needed.",extraction_form,4
Patient has general tooth discomfort and requests dental evaluation.,consultation_form,1
Patient has bite issue and may need orthodontic treatment.,orthodontic_form,6
"Bleeding gums observed, cleaning and oral hygiene instructions recommended.",cleaning_form,0
Patient has general tooth discomfort and requests dental evaluation.,consultation_form,1
Large restoration on tooth 20 failed; crown treatment recommended.,crown_bridge_form,2
Tooth 24 cannot be restored and should be removed.,extraction_form,4
Patient requires root canal treatment on tooth 10 because of infection.,root_canal_form,8
Patient has cavity on tooth 15 and needs composite filling.,filling_form,5
Patient reports sensitivity to cold drinks and filling is needed on tooth 27.,filling_form,5
Patient needs orthodontic consultation for crowded teeth.,orthodontic_form,6
Scaling and root planing recommended due to gum disease.,periodontal_form,7
Patient is due for regular hygiene cleaning appointment.,cleaning_form,0
Patient has cavity on tooth 26 and needs composite filling.,filling_form,5
Patient requires root canal treatment on tooth 31 because of infection.,root_canal_form,8
Patient is due for regular hygiene cleaning appointment.,cleaning_form,0
Deep pockets and bleeding gums suggest periodontal disease.,periodontal_form,7
Patient is unsure which tooth hurts and needs examination.,consultation_form,1
"Patient reports bad breath and plaque buildup, cleaning recommended.",cleaning_form,0
Bridge replacement required due to fractured dental restoration.,crown_bridge_form,2
Patient has cavity on tooth 21 and needs composite filling.,filling_form,5
Broken tooth 13 has poor prognosis and extraction is planned.,extraction_form,4
Tartar accumulation found during exam; dental cleaning is required.,cleaning_form,0
Patient has plaque buildup and needs dental cleaning.,cleaning_form,0
Patient has plaque buildup and needs dental cleaning.,cleaning_form,0
Patient broke a crown while chewing and needs crown evaluation.,crown_bridge_form,2
Consultation needed for ongoing mouth pain and sensitivity.,consultation_form,1
Patient has swelling and pain around tooth 17; extraction may be required.,extraction_form,4
Patient has dental trauma after accident and needs emergency evaluation.,emergency_form,3
Tooth 24 hurts when eating sweets and may need filling.,filling_form,5
Patient says teeth are shifting and wants orthodontic advice.,orthodontic_form,6
Periodontal charting required because of bleeding and bone loss.,periodontal_form,7
Patient needs orthodontic consultation for crowded teeth.,orthodontic_form,6
Severe nerve pain in tooth 25; root canal treatment recommended.,root_canal_form,8
Patient has severe dental pain and needs emergency appointment.,emergency_form,3
Tooth 25 extraction is needed due to severe decay.,extraction_form,4
Patient broke tooth 17 yesterday and reports sharp pain.,emergency_form,3
Patient cannot sleep because tooth 5 has constant pulsing pain.,root_canal_form,8
Patient has gum inflammation and periodontal assessment is required.,periodontal_form,7
Patient has general tooth discomfort and requests dental evaluation.,consultation_form,1
Clear aligner assessment requested for teeth alignment.,orthodontic_form,6
Patient needs orthodontic consultation for crowded teeth.,orthodontic_form,6
Patient needs crown placement on damaged tooth 20.,crown_bridge_form,2
Patient says teeth are shifting and wants orthodontic advice.,orthodontic_form,6
Facial swelling and severe tooth pain require urgent dental care.,emergency_form,3
Patient has gum inflammation and periodontal assessment is required.,periodontal_form,7
Patient has plaque buildup and needs dental cleaning.,cleaning_form,0
Patient has plaque buildup and needs dental cleaning.,cleaning_form,0
Patient is due for regular hygiene cleaning appointment.,cleaning_form,0
"Patient reports loose painful tooth 27, removal may be needed.",extraction_form,4
"Patient reports loose teeth and gum recession, periodontal treatment needed.",periodontal_form,7
"Bleeding gums observed, cleaning and oral hygiene instructions recommended.",cleaning_form,0
Tartar accumulation found during exam; dental cleaning is required.,cleaning_form,0
Patient broke tooth 8 yesterday and reports sharp pain.,emergency_form,3
Bridge replacement required due to fractured dental restoration.,crown_bridge_form,2
Patient says teeth are shifting and wants orthodontic advice.,orthodontic_form,6
Patient is unsure which tooth hurts and needs examination.,consultation_form,1
Severe nerve pain in tooth 14; root canal treatment recommended.,root_canal_form,8
Facial swelling and severe tooth pain require urgent dental care.,emergency_form,3
Broken tooth 20 has poor prognosis and extraction is planned.,extraction_form,4
Deep decay reached nerve of tooth 7; root canal therapy planned.,root_canal_form,8
Deep decay reached nerve of tooth 7; root canal therapy planned.,root_canal_form,8
Deep pockets and bleeding gums suggest periodontal disease.,periodontal_form,7
Patient is unsure which tooth hurts and needs examination.,consultation_form,1
Tartar accumulation found during exam; dental cleaning is required.,cleaning_form,0
Old crown on tooth 17 is loose and needs replacement.,crown_bridge_form,2
Patient has general tooth discomfort and requests dental evaluation.,consultation_form,1
"Patient reports bad breath and plaque buildup, cleaning recommended.",cleaning_form,0
"Patient says food gets stuck in tooth 13, possible cavity requiring filling.",filling_form,5
Tartar accumulation found during exam; dental cleaning is required.,cleaning_form,0
Tooth 16 cannot be restored and should be removed.,extraction_form,4
Patient broke a crown while chewing and needs crown evaluation.,crown_bridge_form,2
Patient has bite issue and may need orthodontic treatment.,orthodontic_form,6
Patient broke a crown while chewing and needs crown evaluation.,crown_bridge_form,2
Patient reports jaw pain and needs dental consultation.,consultation_form,1
"Patient says food gets stuck in tooth 25, possible cavity requiring filling.",filling_form,5
Deep decay reached nerve of tooth 5; root canal therapy planned.,root_canal_form,8
Deep pockets and bleeding gums suggest periodontal disease.,periodontal_form,7
Tooth 28 extraction is needed due to severe decay.,extraction_form,4
Patient reports sensitivity to cold drinks and filling is needed on tooth 24.,filling_form,5
Large restoration on tooth 27 failed; crown treatment recommended.,crown_bridge_form,2
"Patient reports loose painful tooth 14, removal may be needed.",extraction_form,4
Patient is unsure which tooth hurts and needs examination.,consultation_form,1
Consultation needed for ongoing mouth pain and sensitivity.,consultation_form,1
Patient has dental trauma after accident and needs emergency evaluation.,emergency_form,3
Patient needs crown placement on damaged tooth 2.,crown_bridge_form,2
Patient has swelling and pain around tooth 8; extraction may be required.,extraction_form,4
Tooth 29 cannot be restored and should be removed.,extraction_form,4
Old crown on tooth 26 is loose and needs replacement.,crown_bridge_form,2
Deep decay reached nerve of tooth 16; root canal therapy planned.,root_canal_form,8
Patient is due for regular hygiene cleaning appointment.,cleaning_form,0
Deep pockets and bleeding gums suggest periodontal disease.,periodontal_form,7
Patient reports sensitivity to cold drinks and filling is needed on tooth 16.,filling_form,5
Patient has cavity on tooth 5 and needs composite filling.,filling_form,5
Patient needs crown placement on damaged tooth 5.,crown_bridge_form,2
"Patient reports bad breath and plaque buildup, cleaning recommended.",cleaning_form,0
Patient woke up with swollen face and severe mouth pain.,emergency_form,3
Facial swelling and severe tooth pain require urgent dental care.,emergency_form,3
Large restoration on tooth 28 failed; crown treatment recommended.,crown_bridge_form,2
Patient woke up with swollen face and severe mouth pain.,emergency_form,3
"Bleeding gums observed, cleaning and oral hygiene instructions recommended.",cleaning_form,0
Bridge replacement required due to fractured dental restoration.,crown_bridge_form,2
Patient has swelling and pain around tooth 18; extraction may be required.,extraction_form,4
Tartar accumulation found during exam; dental cleaning is required.,cleaning_form,0
Patient woke up with swollen face and severe mouth pain.,emergency_form,3
Patient needs crown placement on damaged tooth 8.,crown_bridge_form,2
Tartar accumulation found during exam; dental cleaning is required.,cleaning_form,0
Severe nerve pain in tooth 10; root canal treatment recommended.,root_canal_form,8
"Patient reports loose painful tooth 26, removal may be needed.",extraction_form,4
Periodontal charting required because of bleeding and bone loss.,periodontal_form,7
Facial swelling and severe tooth pain require urgent dental care.,emergency_form,3
Patient has bite issue and may need orthodontic treatment.,orthodontic_form,6
Patient requires root canal treatment on tooth 32 because of infection.,root_canal_form,8
Patient broke a crown while chewing and needs crown evaluation.,crown_bridge_form,2
Patient broke tooth 18 yesterday and reports sharp pain.,emergency_form,3
Facial swelling and severe tooth pain require urgent dental care.,emergency_form,3
"Dental exam showed tooth decay on tooth 29, restorative filling recommended.",filling_form,5
Abscess found near tooth 21; endodontic treatment is needed.,root_canal_form,8
Deep decay reached nerve of tooth 30; root canal therapy planned.,root_canal_form,8
Patient reports jaw pain and needs dental consultation.,consultation_form,1
Patient has dental trauma after accident and needs emergency evaluation.,emergency_form,3
"Patient reports loose teeth and gum recession, periodontal treatment needed.",periodontal_form,7
Patient requires root canal treatment on tooth 7 because of infection.,root_canal_form,8
Patient needs crown placement on damaged tooth 25.,crown_bridge_form,2
Patient woke up with swollen face and severe mouth pain.,emergency_form,3
Patient cannot sleep because tooth 23 has constant pulsing pain.,root_canal_form,8
"Bleeding gums observed, cleaning and oral hygiene instructions recommended.",cleaning_form,0
Tooth 26 extraction is needed due to severe decay.,extraction_form,4
Patient says teeth are shifting and wants orthodontic advice.,orthodontic_form,6
Patient has dental trauma after accident and needs emergency evaluation.,emergency_form,3
Patient has general tooth discomfort and requests dental evaluation.,consultation_form,1
Patient is due for regular hygiene cleaning appointment.,cleaning_form,0
Tooth 4 cannot be restored and should be removed.,extraction_form,4
Facial swelling and severe tooth pain require urgent dental care.,emergency_form,3
Patient broke tooth 22 yesterday and reports sharp pain.,emergency_form,3
Old crown on tooth 29 is loose and needs replacement.,crown_bridge_form,2
Patient has cavity on tooth 10 and needs composite filling.,filling_form,5
Braces consultation requested due to misaligned teeth.,orthodontic_form,6
Tooth 19 hurts when eating sweets and may need filling.,filling_form,5
Tooth 26 cannot be restored and should be removed.,extraction_form,4
"Patient says food gets stuck in tooth 23, possible cavity requiring filling.",filling_form,5
"Patient reports bad breath and plaque buildup, cleaning recommended.",cleaning_form,0
Patient has bite issue and may need orthodontic treatment.,orthodontic_form,6
"Patient reports loose painful tooth 17, removal may be needed.",extraction_form,4
"Bleeding gums observed, cleaning and oral hygiene instructions recommended.",cleaning_form,0
Consultation needed for ongoing mouth pain and sensitivity.,consultation_form,1
"Patient reports loose painful tooth 24, removal may be needed.",extraction_form,4
Patient requires root canal treatment on tooth 26 because of infection.,root_canal_form,8
Tartar accumulation found during exam; dental cleaning is required.,cleaning_form,0
"Patient reports loose painful tooth 20, removal may be needed.",extraction_form,4
Braces consultation requested due to misaligned teeth.,orthodontic_form,6
Patient came for general dental assessment and treatment planning.,consultation_form,1
Patient has general tooth discomfort and requests dental evaluation.,consultation_form,1
Facial swelling and severe tooth pain require urgent dental care.,emergency_form,3
"Patient says food gets stuck in tooth 21, possible cavity requiring filling.",filling_form,5
Patient has bite issue and may need orthodontic treatment.,orthodontic_form,6
Patient has bite issue and may need orthodontic treatment.,orthodontic_form,6
Scaling and root planing recommended due to gum disease.,periodontal_form,7
"Patient reports loose painful tooth 4, removal may be needed.",extraction_form,4
Patient cannot sleep because tooth 20 has constant pulsing pain.,root_canal_form,8
Severe nerve pain in tooth 5; root canal treatment recommended.,root_canal_form,8
Patient came for general dental assessment and treatment planning.,consultation_form,1
Patient is unsure which tooth hurts and needs examination.,consultation_form,1
Patient has plaque buildup and needs dental cleaning.,cleaning_form,0
Braces consultation requested due to misaligned teeth.,orthodontic_form,6
"Patient says food gets stuck in tooth 15, possible cavity requiring filling.",filling_form,5
Clear aligner assessment requested for teeth alignment.,orthodontic_form,6
Severe nerve pain in tooth 4; root canal treatment recommended.,root_canal_form,8
Deep pockets and bleeding gums suggest periodontal disease.,periodontal_form,7
Patient has bite issue and may need orthodontic treatment.,orthodontic_form,6
Patient woke up with swollen face and severe mouth pain.,emergency_form,3
Tartar accumulation found during exam; dental cleaning is required.,cleaning_form,0
Patient came for general dental assessment and treatment planning.,consultation_form,1
"Bleeding gums observed, cleaning and oral hygiene instructions recommended.",cleaning_form,0
Tartar accumulation found during exam; dental cleaning is required.,cleaning_form,0
Braces consultation requested due to misaligned teeth.,orthodontic_form,6
Consultation needed for ongoing mouth pain and sensitivity.,consultation_form,1
Tartar accumulation found during exam; dental cleaning is required.,cleaning_form,0
Patient has cavity on tooth 16 and needs composite filling.,filling_form,5
Periodontal charting required because of bleeding and bone loss.,periodontal_form,7
Old crown on tooth 1 is loose and needs replacement.,crown_bridge_form,2
Clear aligner assessment requested for teeth alignment.,orthodontic_form,6
Braces consultation requested due to misaligned teeth.,orthodontic_form,6
Facial swelling and severe tooth pain require urgent dental care.,emergency_form,3
Periodontal charting required because of bleeding and bone loss.,periodontal_form,7
Patient needs crown placement on damaged tooth 21.,crown_bridge_form,2
Old crown on tooth 16 is loose and needs replacement.,crown_bridge_form,2
Patient is due for regular hygiene cleaning appointment.,cleaning_form,0
Patient reports sensitivity to cold drinks and filling is needed on tooth 16.,filling_form,5
Broken tooth 11 has poor prognosis and extraction is planned.,extraction_form,4
Tooth 12 extraction is needed due to severe decay.,extraction_form,4
"Patient reports bad breath and plaque buildup, cleaning recommended.",cleaning_form,0
Tooth 21 cannot be restored and should be removed.,extraction_form,4
Patient came for general dental assessment and treatment planning.,consultation_form,1
Scaling and root planing recommended due to gum disease.,periodontal_form,7
"Dental exam showed tooth decay on tooth 16, restorative filling recommended.",filling_form,5
Patient came for general dental assessment and treatment planning.,consultation_form,1
Patient needs orthodontic consultation for crowded teeth.,orthodontic_form,6
Periodontal charting required because of bleeding and bone loss.,periodontal_form,7
Patient has swelling and pain around tooth 7; extraction may be required.,extraction_form,4
Tooth 3 extraction is needed due to severe decay.,extraction_form,4
Deep decay reached nerve of tooth 20; root canal therapy planned.,root_canal_form,8
Patient reports sensitivity to cold drinks and filling is needed on tooth 31.,filling_form,5
Patient broke tooth 13 yesterday and reports sharp pain.,emergency_form,3
Tooth 9 hurts when eating sweets and may need filling.,filling_form,5
Patient requires root canal treatment on tooth 1 because of infection.,root_canal_form,8
Tooth 8 cannot be restored and should be removed.,extraction_form,4
"Patient reports bad breath and plaque buildup, cleaning recommended.",cleaning_form,0
Patient has plaque buildup and needs dental cleaning.,cleaning_form,0
"Patient reports loose teeth and gum recession, periodontal treatment needed.",periodontal_form,7
Old crown on tooth 12 is loose and needs replacement.,crown_bridge_form,2
Patient needs crown placement on damaged tooth 23.,crown_bridge_form,2
"Patient reports loose painful tooth 29, removal may be needed.",extraction_form,4
Tooth 23 hurts when eating sweets and may need filling.,filling_form,5
Scaling and root planing recommended due to gum disease.,periodontal_form,7
Deep pockets and bleeding gums suggest periodontal disease.,periodontal_form,7
Bridge replacement required due to fractured dental restoration.,crown_bridge_form,2
Tooth 3 cannot be restored and should be removed.,extraction_form,4
Bridge replacement required due to fractured dental restoration.,crown_bridge_form,2
Patient needs orthodontic consultation for crowded teeth.,orthodontic_form,6
Patient has gum inflammation and periodontal assessment is required.,periodontal_form,7
"Patient says food gets stuck in tooth 28, possible cavity requiring filling.",filling_form,5
Patient has bite issue and may need orthodontic treatment.,orthodontic_form,6
Deep pockets and bleeding gums suggest periodontal disease.,periodontal_form,7
Patient broke a crown while chewing and needs crown evaluation.,crown_bridge_form,2
Deep pockets and bleeding gums suggest periodontal disease.,periodontal_form,7
Patient has cavity on tooth 26 and needs composite filling.,filling_form,5
Severe nerve pain in tooth 1; root canal treatment recommended.,root_canal_form,8
Patient broke tooth 20 yesterday and reports sharp pain.,emergency_form,3
Patient says teeth are shifting and wants orthodontic advice.,orthodontic_form,6
Patient has plaque buildup and needs dental cleaning.,cleaning_form,0
Patient broke a crown while chewing and needs crown evaluation.,crown_bridge_form,2
Patient reports sensitivity to cold drinks and filling is needed on tooth 5.,filling_form,5
Old crown on tooth 22 is loose and needs replacement.,crown_bridge_form,2
Consultation needed for ongoing mouth pain and sensitivity.,consultation_form,1
Tartar accumulation found during exam; dental cleaning is required.,cleaning_form,0
"Dental exam showed tooth decay on tooth 18, restorative filling recommended.",filling_form,5
Patient has bite issue and may need orthodontic treatment.,orthodontic_form,6
Patient is due for regular hygiene cleaning appointment.,cleaning_form,0
Patient has plaque buildup and needs dental cleaning.,cleaning_form,0
"Dental exam showed tooth decay on tooth 15, restorative filling recommended.",filling_form,5
Large restoration on tooth 26 failed; crown treatment recommended.,crown_bridge_form,2
Patient needs crown placement on damaged tooth 24.,crown_bridge_form,2
Tooth 9 extraction is needed due to severe decay.,extraction_form,4
Consultation needed for ongoing mouth pain and sensitivity.,consultation_form,1
Periodontal charting required because of bleeding and bone loss.,periodontal_form,7
Patient has cavity on tooth 14 and needs composite filling.,filling_form,5
Abscess found near tooth 8; endodontic treatment is needed.,root_canal_form,8
Patient has severe dental pain and needs emergency appointment.,emergency_form,3
Severe nerve pain in tooth 13; root canal treatment recommended.,root_canal_form,8
Broken tooth 18 has poor prognosis and extraction is planned.,extraction_form,4
Deep pockets and bleeding gums suggest periodontal disease.,periodontal_form,7
Clear aligner assessment requested for teeth alignment.,orthodontic_form,6
Tooth 27 hurts when eating sweets and may need filling.,filling_form,5
Patient is unsure which tooth hurts and needs examination.,consultation_form,1
Tooth 29 hurts when eating sweets and may need filling.,filling_form,5
Patient broke tooth 22 yesterday and reports sharp pain.,emergency_form,3
"Dental exam showed tooth decay on tooth 27, restorative filling recommended.",filling_form,5
Bridge replacement required due to fractured dental restoration.,crown_bridge_form,2
Scaling and root planing recommended due to gum disease.,periodontal_form,7
Deep pockets and bleeding gums suggest periodontal disease.,periodontal_form,7
Patient has gum inflammation and periodontal assessment is required.,periodontal_form,7
Patient has swelling and pain around tooth 16; extraction may be required.,extraction_form,4
"Patient says food gets stuck in tooth 2, possible cavity requiring filling.",filling_form,5
Patient says teeth are shifting and wants orthodontic advice.,orthodontic_form,6
Patient has swelling and pain around tooth 18; extraction may be required.,extraction_form,4
"Patient reports loose teeth and gum recession, periodontal treatment needed.",periodontal_form,7
Severe nerve pain in tooth 2; root canal treatment recommended.,root_canal_form,8
Periodontal charting required because of bleeding and bone loss.,periodontal_form,7
Patient has gum inflammation and periodontal assessment is required.,periodontal_form,7
Consultation needed for ongoing mouth pain and sensitivity.,consultation_form,1
"Bleeding gums observed, cleaning and oral hygiene instructions recommended.",cleaning_form,0
Patient came for general dental assessment and treatment planning.,consultation_form,1
Patient has severe dental pain and needs emergency appointment.,emergency_form,3
Patient woke up with swollen face and severe mouth pain.,emergency_form,3
Patient has swelling and pain around tooth 8; extraction may be required.,extraction_form,4
Facial swelling and severe tooth pain require urgent dental care.,emergency_form,3
Facial swelling and severe tooth pain require urgent dental care.,emergency_form,3
Old crown on tooth 16 is loose and needs replacement.,crown_bridge_form,2
"Dental exam showed tooth decay on tooth 7, restorative filling recommended.",filling_form,5
"Patient reports loose teeth and gum recession, periodontal treatment needed.",periodontal_form,7
Periodontal charting required because of bleeding and bone loss.,periodontal_form,7
Abscess found near tooth 32; endodontic treatment is needed.,root_canal_form,8
"Patient reports bad breath and plaque buildup, cleaning recommended.",cleaning_form,0
Patient has dental trauma after accident and needs emergency evaluation.,emergency_form,3
Patient needs orthodontic consultation for crowded teeth.,orthodontic_form,6
Deep decay reached nerve of tooth 24; root canal therapy planned.,root_canal_form,8
"Patient reports bad breath and plaque buildup, cleaning recommended.",cleaning_form,0
"Dental exam showed tooth decay on tooth 16, restorative filling recommended.",filling_form,5
Patient needs crown placement on damaged tooth 23.,crown_bridge_form,2
Abscess found near tooth 6; endodontic treatment is needed.,root_canal_form,8
Patient has dental trauma after accident and needs emergency evaluation.,emergency_form,3
Patient has plaque buildup and needs dental cleaning.,cleaning_form,0
Patient is due for regular hygiene cleaning appointment.,cleaning_form,0
Tooth 9 extraction is needed due to severe decay.,extraction_form,4
Patient is unsure which tooth hurts and needs examination.,consultation_form,1
Bridge replacement required due to fractured dental restoration.,crown_bridge_form,2
Patient has plaque buildup and needs dental cleaning.,cleaning_form,0
"Dental exam showed tooth decay on tooth 4, restorative filling recommended.",filling_form,5
Patient requires root canal treatment on tooth 25 because of infection.,root_canal_form,8
Scaling and root planing recommended due to gum disease.,periodontal_form,7
Abscess found near tooth 20; endodontic treatment is needed.,root_canal_form,8
Patient needs crown placement on damaged tooth 15.,crown_bridge_form,2
Patient reports jaw pain and needs dental consultation.,consultation_form,1
Patient cannot sleep because tooth 13 has constant pulsing pain.,root_canal_form,8
Large restoration on tooth 16 failed; crown treatment recommended.,crown_bridge_form,2
Tooth 16 cannot be restored and should be removed.,extraction_form,4
Tooth 3 extraction is needed due to severe decay.,extraction_form,4
"Dental exam showed tooth decay on tooth 20, restorative filling recommended.",filling_form,5
Patient broke a crown while chewing and needs crown evaluation.,crown_bridge_form,2
Patient cannot sleep because tooth 4 has constant pulsing pain.,root_canal_form,8
Facial swelling and severe tooth pain require urgent dental care.,emergency_form,3
Patient reports jaw pain and needs dental consultation.,consultation_form,1
Patient reports jaw pain and needs dental consultation.,consultation_form,1
Tooth 22 cannot be restored and should be removed.,extraction_form,4
Large restoration on tooth 13 failed; crown treatment recommended.,crown_bridge_form,2
Tooth 11 hurts when eating sweets and may need filling.,filling_form,5
Abscess found near tooth 6; endodontic treatment is needed.,root_canal_form,8
"Dental exam showed tooth decay on tooth 25, restorative filling recommended.",filling_form,5
Patient broke a crown while chewing and needs crown evaluation.,crown_bridge_form,2
Braces consultation requested due to misaligned teeth.,orthodontic_form,6
Braces consultation requested due to misaligned teeth.,orthodontic_form,6
Patient cannot sleep because tooth 17 has constant pulsing pain.,root_canal_form,8
"Patient reports loose painful tooth 8, removal may be needed.",extraction_form,4
"Patient reports bad breath and plaque buildup, cleaning recommended.",cleaning_form,0
Patient broke a crown while chewing and needs crown evaluation.,crown_bridge_form,2
Patient is unsure which tooth hurts and needs examination.,consultation_form,1
Severe nerve pain in tooth 17; root canal treatment recommended.,root_canal_form,8
Clear aligner assessment requested for teeth alignment.,orthodontic_form,6
Patient needs crown placement on damaged tooth 32.,crown_bridge_form,2
Patient broke tooth 21 yesterday and reports sharp pain.,emergency_form,3
Patient has bite issue and may need orthodontic treatment.,orthodontic_form,6
Patient reports sensitivity to cold drinks and filling is needed on tooth 31.,filling_form,5
Facial swelling and severe tooth pain require urgent dental care.,emergency_form,3
Patient has swelling and pain around tooth 24; extraction may be required.,extraction_form,4
Facial swelling and severe tooth pain require urgent dental care.,emergency_form,3
"Patient says food gets stuck in tooth 6, possible cavity requiring filling.",filling_form,5
Patient has bite issue and may need orthodontic treatment.,orthodontic_form,6
Patient has dental trauma after accident and needs emergency evaluation.,emergency_form,3
Braces consultation requested due to misaligned teeth.,orthodontic_form,6
Broken tooth 16 has poor prognosis and extraction is planned.,extraction_form,4
Patient requires root canal treatment on tooth 10 because of infection.,root_canal_form,8
Clear aligner assessment requested for teeth alignment.,orthodontic_form,6
"Patient says food gets stuck in tooth 32, possible cavity requiring filling.",filling_form,5
"Patient reports loose painful tooth 13, removal may be needed.",extraction_form,4
Patient cannot sleep because tooth 8 has constant pulsing pain.,root_canal_form,8
"Patient reports loose teeth and gum recession, periodontal treatment needed.",periodontal_form,7
"Patient says food gets stuck in tooth 26, possible cavity requiring filling.",filling_form,5
Tooth 12 hurts when eating sweets and may need filling.,filling_form,5
Patient cannot sleep because tooth 3 has constant pulsing pain.,root_canal_form,8
Patient says teeth are shifting and wants orthodontic advice.,orthodontic_form,6
Old crown on tooth 12 is loose and needs replacement.,crown_bridge_form,2
Patient came for general dental assessment and treatment planning.,consultation_form,1
Deep pockets and bleeding gums suggest periodontal disease.,periodontal_form,7
Facial swelling and severe tooth pain require urgent dental care.,emergency_form,3
Old crown on tooth 26 is loose and needs replacement.,crown_bridge_form,2
Patient is due for regular hygiene cleaning appointment.,cleaning_form,0
Tooth 2 cannot be restored and should be removed.,extraction_form,4
Consultation needed for ongoing mouth pain and sensitivity.,consultation_form,1
Patient needs orthodontic consultation for crowded teeth.,orthodontic_form,6
Patient needs crown placement on damaged tooth 20.,crown_bridge_form,2
Abscess found near tooth 5; endodontic treatment is needed.,root_canal_form,8
Deep pockets and bleeding gums suggest periodontal disease.,periodontal_form,7
"Patient reports bad breath and plaque buildup, cleaning recommended.",cleaning_form,0
"Patient reports loose teeth and gum recession, periodontal treatment needed.",periodontal_form,7
"Patient reports loose teeth and gum recession, periodontal treatment needed.",periodontal_form,7
Braces consultation requested due to misaligned teeth.,orthodontic_form,6
Patient has cavity on tooth 7 and needs composite filling.,filling_form,5
Patient has bite issue and may need orthodontic treatment.,orthodontic_form,6
Patient broke tooth 6 yesterday and reports sharp pain.,emergency_form,3
Patient has gum inflammation and periodontal assessment is required.,periodontal_form,7
Old crown on tooth 23 is loose and needs replacement.,crown_bridge_form,2
Patient has dental trauma after accident and needs emergency evaluation.,emergency_form,3
Tooth 14 hurts when eating sweets and may need filling.,filling_form,5
Patient reports sensitivity to cold drinks and filling is needed on tooth 19.,filling_form,5
Braces consultation requested due to misaligned teeth.,orthodontic_form,6
Tooth 8 cannot be restored and should be removed.,extraction_form,4
Patient broke tooth 10 yesterday and reports sharp pain.,emergency_form,3
Patient broke tooth 13 yesterday and reports sharp pain.,emergency_form,3
Patient broke a crown while chewing and needs crown evaluation.,crown_bridge_form,2
"Patient says food gets stuck in tooth 21, possible cavity requiring filling.",filling_form,5
Patient is unsure which tooth hurts and needs examination.,consultation_form,1
Patient has bite issue and may need orthodontic treatment.,orthodontic_form,6
Tartar accumulation found during exam; dental cleaning is required.,cleaning_form,0
Patient reports jaw pain and needs dental consultation.,consultation_form,1
"Patient reports loose painful tooth 9, removal may be needed.",extraction_form,4
Patient has bite issue and may need orthodontic treatment.,orthodontic_form,6
Tooth 17 hurts when eating sweets and may need filling.,filling_form,5
Patient needs orthodontic consultation for crowded teeth.,orthodontic_form,6
"Patient reports loose painful tooth 23, removal may be needed.",extraction_form,4
Patient needs orthodontic consultation for crowded teeth.,orthodontic_form,6
Patient has severe dental pain and needs emergency appointment.,emergency_form,3
Patient reports sensitivity to cold drinks and filling is needed on tooth 17.,filling_form,5
Patient needs crown placement on damaged tooth 29.,crown_bridge_form,2
"Dental exam showed tooth decay on tooth 21, restorative filling recommended.",filling_form,5
Patient is due for regular hygiene cleaning appointment.,cleaning_form,0
Tartar accumulation found during exam; dental cleaning is required.,cleaning_form,0
Patient is due for regular hygiene cleaning appointment.,cleaning_form,0
"Patient says food gets stuck in tooth 25, possible cavity requiring filling.",filling_form,5
Deep pockets and bleeding gums suggest periodontal disease.,periodontal_form,7
Patient has severe dental pain and needs emergency appointment.,emergency_form,3
Patient has cavity on tooth 10 and needs composite filling.,filling_form,5
Tooth 22 hurts when eating sweets and may need filling.,filling_form,5
Consultation needed for ongoing mouth pain and sensitivity.,consultation_form,1
Patient came for general dental assessment and treatment planning.,consultation_form,1
Patient has cavity on tooth 22 and needs composite filling.,filling_form,5
Patient is unsure which tooth hurts and needs examination.,consultation_form,1
Patient broke a crown while chewing and needs crown evaluation.,crown_bridge_form,2
Patient has cavity on tooth 18 and needs composite filling.,filling_form,5
Patient needs orthodontic consultation for crowded teeth.,orthodontic_form,6
Patient has swelling and pain around tooth 18; extraction may be required.,extraction_form,4
Patient has general tooth discomfort and requests dental evaluation.,consultation_form,1
Patient has gum inflammation and periodontal assessment is required.,periodontal_form,7
Patient has gum inflammation and periodontal assessment is required.,periodontal_form,7
Patient has severe dental pain and needs emergency appointment.,emergency_form,3
Patient has swelling and pain around tooth 14; extraction may be required.,extraction_form,4
"Dental exam showed tooth decay on tooth 19, restorative filling recommended.",filling_form,5
Abscess found near tooth 5; endodontic treatment is needed.,root_canal_form,8
"Patient reports bad breath and plaque buildup, cleaning recommended.",cleaning_form,0
Patient broke tooth 2 yesterday and reports sharp pain.,emergency_form,3
Patient has bite issue and may need orthodontic treatment.,orthodontic_form,6
Patient has bite issue and may need orthodontic treatment.,orthodontic_form,6
Patient has bite issue and may need orthodontic treatment.,orthodontic_form,6
Large restoration on tooth 13 failed; crown treatment recommended.,crown_bridge_form,2
Patient is unsure which tooth hurts and needs examination.,consultation_form,1
Patient needs orthodontic consultation for crowded teeth.,orthodontic_form,6
Tooth 1 extraction is needed due to severe decay.,extraction_form,4
Patient needs orthodontic consultation for crowded teeth.,orthodontic_form,6
Patient has dental trauma after accident and needs emergency evaluation.,emergency_form,3
Severe nerve pain in tooth 8; root canal treatment recommended.,root_canal_form,8
"Patient reports loose teeth and gum recession, periodontal treatment needed.",periodontal_form,7
Deep pockets and bleeding gums suggest periodontal disease.,periodontal_form,7
"Patient says food gets stuck in tooth 5, possible cavity requiring filling.",filling_form,5
Patient requires root canal treatment on tooth 21 because of infection.,root_canal_form,8
Patient has swelling and pain around tooth 15; extraction may be required.,extraction_form,4
Old crown on tooth 8 is loose and needs replacement.,crown_bridge_form,2
Patient reports jaw pain and needs dental consultation.,consultation_form,1
Patient broke tooth 32 yesterday and reports sharp pain.,emergency_form,3
Patient has cavity on tooth 15 and needs composite filling.,filling_form,5
Periodontal charting required because of bleeding and bone loss.,periodontal_form,7
Facial swelling and severe tooth pain require urgent dental care.,emergency_form,3
Patient has cavity on tooth 9 and needs composite filling.,filling_form,5
Deep pockets and bleeding gums suggest periodontal disease.,periodontal_form,7
Bridge replacement required due to fractured dental restoration.,crown_bridge_form,2
Large restoration on tooth 17 failed; crown treatment recommended.,crown_bridge_form,2
Patient woke up with swollen face and severe mouth pain.,emergency_form,3
Clear aligner assessment requested for teeth alignment.,orthodontic_form,6
Patient woke up with swollen face and severe mouth pain.,emergency_form,3
Consultation needed for ongoing mouth pain and sensitivity.,consultation_form,1
Patient reports jaw pain and needs dental consultation.,consultation_form,1
"Patient reports loose painful tooth 4, removal may be needed.",extraction_form,4
Patient reports jaw pain and needs dental consultation.,consultation_form,1
Braces consultation requested due to misaligned teeth.,orthodontic_form,6
Braces consultation requested due to misaligned teeth.,orthodontic_form,6
Patient cannot sleep because tooth 31 has constant pulsing pain.,root_canal_form,8
"Dental exam showed tooth decay on tooth 19, restorative filling recommended.",filling_form,5
Patient reports sensitivity to cold drinks and filling is needed on tooth 22.,filling_form,5
Tartar accumulation found during exam; dental cleaning is required.,cleaning_form,0
"Patient reports loose teeth and gum recession, periodontal treatment needed.",periodontal_form,7
Bridge replacement required due to fractured dental restoration.,crown_bridge_form,2
Scaling and root planing recommended due to gum disease.,periodontal_form,7
"Patient says food gets stuck in tooth 23, possible cavity requiring filling.",filling_form,5
Braces consultation requested due to misaligned teeth.,orthodontic_form,6
Patient says teeth are shifting and wants orthodontic advice.,orthodontic_form,6
Patient needs orthodontic consultation for crowded teeth.,orthodontic_form,6
Patient cannot sleep because tooth 20 has constant pulsing pain.,root_canal_form,8
Patient has dental trauma after accident and needs emergency evaluation.,emergency_form,3
Patient reports jaw pain and needs dental consultation.,consultation_form,1
Deep decay reached nerve of tooth 27; root canal therapy planned.,root_canal_form,8
Tooth 29 hurts when eating sweets and may need filling.,filling_form,5
Patient broke tooth 26 yesterday and reports sharp pain.,emergency_form,3
Deep decay reached nerve of tooth 25; root canal therapy planned.,root_canal_form,8
Patient is unsure which tooth hurts and needs examination.,consultation_form,1
Scaling and root planing recommended due to gum disease.,periodontal_form,7
Patient has gum inflammation and periodontal assessment is required.,periodontal_form,7
Scaling and root planing recommended due to gum disease.,periodontal_form,7
Tartar accumulation found during exam; dental cleaning is required.,cleaning_form,0
Patient has general tooth discomfort and requests dental evaluation.,consultation_form,1
Bridge replacement required due to fractured dental restoration.,crown_bridge_form,2
Severe nerve pain in tooth 9; root canal treatment recommended.,root_canal_form,8
Patient has gum inflammation and periodontal assessment is required.,periodontal_form,7
Patient has general tooth discomfort and requests dental evaluation.,consultation_form,1
"Dental exam showed tooth decay on tooth 3, restorative filling recommended.",filling_form,5
Clear aligner assessment requested for teeth alignment.,orthodontic_form,6
Patient has plaque buildup and needs dental cleaning.,cleaning_form,0
Patient broke tooth 31 yesterday and reports sharp pain.,emergency_form,3
"Dental exam showed tooth decay on tooth 30, restorative filling recommended.",filling_form,5
"Dental exam showed tooth decay on tooth 13, restorative filling recommended.",filling_form,5
Abscess found near tooth 21; endodontic treatment is needed.,root_canal_form,8
Tooth 14 cannot be restored and should be removed.,extraction_form,4
Patient has swelling and pain around tooth 13; extraction may be required.,extraction_form,4
Patient has cavity on tooth 13 and needs composite filling.,filling_form,5
Deep decay reached nerve of tooth 22; root canal therapy planned.,root_canal_form,8
Patient reports jaw pain and needs dental consultation.,consultation_form,1
Patient cannot sleep because tooth 31 has constant pulsing pain.,root_canal_form,8
Patient came for general dental assessment and treatment planning.,consultation_form,1
Patient requires root canal treatment on tooth 6 because of infection.,root_canal_form,8
"Patient reports loose painful tooth 3, removal may be needed.",extraction_form,4
Patient cannot sleep because tooth 23 has constant pulsing pain.,root_canal_form,8
Patient woke up with swollen face and severe mouth pain.,emergency_form,3
Periodontal charting required because of bleeding and bone loss.,periodontal_form,7
Patient has dental trauma after accident and needs emergency evaluation.,emergency_form,3
Facial swelling and severe tooth pain require urgent dental care.,emergency_form,3
Patient cannot sleep because tooth 7 has constant pulsing pain.,root_canal_form,8
Patient has cavity on tooth 21 and needs composite filling.,filling_form,5
Severe nerve pain in tooth 13; root canal treatment recommended.,root_canal_form,8
Old crown on tooth 8 is loose and needs replacement.,crown_bridge_form,2
Large restoration on tooth 16 failed; crown treatment recommended.,crown_bridge_form,2
Patient has general tooth discomfort and requests dental evaluation.,consultation_form,1
Tooth 12 cannot be restored and should be removed.,extraction_form,4
Patient has dental trauma after accident and needs emergency evaluation.,emergency_form,3
Periodontal charting required because of bleeding and bone loss.,periodontal_form,7
Patient has cavity on tooth 11 and needs composite filling.,filling_form,5
Patient reports sensitivity to cold drinks and filling is needed on tooth 10.,filling_form,5
Patient has severe dental pain and needs emergency appointment.,emergency_form,3
Old crown on tooth 14 is loose and needs replacement.,crown_bridge_form,2
Patient needs orthodontic consultation for crowded teeth.,orthodontic_form,6
"Patient says food gets stuck in tooth 2, possible cavity requiring filling.",filling_form,5
Tooth 2 hurts when eating sweets and may need filling.,filling_form,5
Patient broke tooth 1 yesterday and reports sharp pain.,emergency_form,3
Broken tooth 25 has poor prognosis and extraction is planned.,extraction_form,4
"Patient reports bad breath and plaque buildup, cleaning recommended.",cleaning_form,0
Patient needs orthodontic consultation for crowded teeth.,orthodontic_form,6
Patient has gum inflammation and periodontal assessment is required.,periodontal_form,7
Deep pockets and bleeding gums suggest periodontal disease.,periodontal_form,7
Patient needs orthodontic consultation for crowded teeth.,orthodontic_form,6
Tooth 27 hurts when eating sweets and may need filling.,filling_form,5
"Patient reports bad breath and plaque buildup, cleaning recommended.",cleaning_form,0
Patient says teeth are shifting and wants orthodontic advice.,orthodontic_form,6
"Patient reports bad breath and plaque buildup, cleaning recommended.",cleaning_form,0
"Patient reports loose teeth and gum recession, periodontal treatment needed.",periodontal_form,7
Patient reports sensitivity to cold drinks and filling is needed on tooth 28.,filling_form,5
Patient has swelling and pain around tooth 32; extraction may be required.,extraction_form,4
"Dental exam showed tooth decay on tooth 1, restorative filling recommended.",filling_form,5
Old crown on tooth 9 is loose and needs replacement.,crown_bridge_form,2
"Dental exam showed tooth decay on tooth 13, restorative filling recommended.",filling_form,5
Large restoration on tooth 3 failed; crown treatment recommended.,crown_bridge_form,2
Patient broke a crown while chewing and needs crown evaluation.,crown_bridge_form,2
Patient has cavity on tooth 27 and needs composite filling.,filling_form,5
Patient says teeth are shifting and wants orthodontic advice.,orthodontic_form,6
"Patient says food gets stuck in tooth 10, possible cavity requiring filling.",filling_form,5
Patient has plaque buildup and needs dental cleaning.,cleaning_form,0
Patient needs crown placement on damaged tooth 3.,crown_bridge_form,2
Patient has severe dental pain and needs emergency appointment.,emergency_form,3
Patient needs orthodontic consultation for crowded teeth.,orthodontic_form,6
Clear aligner assessment requested for teeth alignment.,orthodontic_form,6
Consultation needed for ongoing mouth pain and sensitivity.,consultation_form,1
"Bleeding gums observed, cleaning and oral hygiene instructions recommended.",cleaning_form,0
Patient is due for regular hygiene cleaning appointment.,cleaning_form,0
Patient is unsure which tooth hurts and needs examination.,consultation_form,1
Patient has general tooth discomfort and requests dental evaluation.,consultation_form,1
Tooth 32 hurts when eating sweets and may need filling.,filling_form,5
Tooth 22 extraction is needed due to severe decay.,extraction_form,4
Braces consultation requested due to misaligned teeth.,orthodontic_form,6
Patient is unsure which tooth hurts and needs examination.,consultation_form,1
Patient has severe dental pain and needs emergency appointment.,emergency_form,3
"Patient reports loose teeth and gum recession, periodontal treatment needed.",periodontal_form,7
Deep decay reached nerve of tooth 14; root canal therapy planned.,root_canal_form,8
Tooth 26 cannot be restored and should be removed.,extraction_form,4
Patient has dental trauma after accident and needs emergency evaluation.,emergency_form,3
Patient requires root canal treatment on tooth 4 because of infection.,root_canal_form,8
Patient came for general dental assessment and treatment planning.,consultation_form,1
Patient has severe dental pain and needs emergency appointment.,emergency_form,3
"Patient says food gets stuck in tooth 7, possible cavity requiring filling.",filling_form,5
Deep pockets and bleeding gums suggest periodontal disease.,periodontal_form,7
Patient requires root canal treatment on tooth 29 because of infection.,root_canal_form,8
Facial swelling and severe tooth pain require urgent dental care.,emergency_form,3
Bridge replacement required due to fractured dental restoration.,crown_bridge_form,2
Patient came for general dental assessment and treatment planning.,consultation_form,1
Facial swelling and severe tooth pain require urgent dental care.,emergency_form,3
Patient says teeth are shifting and wants orthodontic advice.,orthodontic_form,6
Patient broke a crown while chewing and needs crown evaluation.,crown_bridge_form,2
Periodontal charting required because of bleeding and bone loss.,periodontal_form,7
Patient needs crown placement on damaged tooth 28.,crown_bridge_form,2
Patient broke tooth 2 yesterday and reports sharp pain.,emergency_form,3
Consultation needed for ongoing mouth pain and sensitivity.,consultation_form,1
Patient has cavity on tooth 16 and needs composite filling.,filling_form,5
"Patient reports loose teeth and gum recession, periodontal treatment needed.",periodontal_form,7
Tartar accumulation found during exam; dental cleaning is required.,cleaning_form,0
Facial swelling and severe tooth pain require urgent dental care.,emergency_form,3
"Bleeding gums observed, cleaning and oral hygiene instructions recommended.",cleaning_form,0
"Patient says food gets stuck in tooth 2, possible cavity requiring filling.",filling_form,5
Patient needs orthodontic consultation for crowded teeth.,orthodontic_form,6
Old crown on tooth 1 is loose and needs replacement.,crown_bridge_form,2
Patient came for general dental assessment and treatment planning.,consultation_form,1
Patient needs orthodontic consultation for crowded teeth.,orthodontic_form,6
Consultation needed for ongoing mouth pain and sensitivity.,consultation_form,1
Patient needs orthodontic consultation for crowded teeth.,orthodontic_form,6
Patient has plaque buildup and needs dental cleaning.,cleaning_form,0
Deep decay reached nerve of tooth 13; root canal therapy planned.,root_canal_form,8
"Dental exam showed tooth decay on tooth 13, restorative filling recommended.",filling_form,5
Patient requires root canal treatment on tooth 21 because of infection.,root_canal_form,8
Patient broke a crown while chewing and needs crown evaluation.,crown_bridge_form,2
Patient has plaque buildup and needs dental cleaning.,cleaning_form,0
Broken tooth 24 has poor prognosis and extraction is planned.,extraction_form,4
Large restoration on tooth 30 failed; crown treatment recommended.,crown_bridge_form,2
Facial swelling and severe tooth pain require urgent dental care.,emergency_form,3
Patient is unsure which tooth hurts and needs examination.,consultation_form,1
Tartar accumulation found during exam; dental cleaning is required.,cleaning_form,0
Patient has dental trauma after accident and needs emergency evaluation.,emergency_form,3
Patient has plaque buildup and needs dental cleaning.,cleaning_form,0
Patient has dental trauma after accident and needs emergency evaluation.,emergency_form,3
Tooth 29 hurts when eating sweets and may need filling.,filling_form,5
Consultation needed for ongoing mouth pain and sensitivity.,consultation_form,1
Abscess found near tooth 13; endodontic treatment is needed.,root_canal_form,8
Patient says teeth are shifting and wants orthodontic advice.,orthodontic_form,6
Patient broke tooth 6 yesterday and reports sharp pain.,emergency_form,3
Patient has severe dental pain and needs emergency appointment.,emergency_form,3
Patient reports sensitivity to cold drinks and filling is needed on tooth 10.,filling_form,5
Patient has general tooth discomfort and requests dental evaluation.,consultation_form,1
Patient is unsure which tooth hurts and needs examination.,consultation_form,1
Facial swelling and severe tooth pain require urgent dental care.,emergency_form,3
Patient needs orthodontic consultation for crowded teeth.,orthodontic_form,6
Tooth 26 cannot be restored and should be removed.,extraction_form,4
Consultation needed for ongoing mouth pain and sensitivity.,consultation_form,1
Patient is unsure which tooth hurts and needs examination.,consultation_form,1
Braces consultation requested due to misaligned teeth.,orthodontic_form,6
"Dental exam showed tooth decay on tooth 20, restorative filling recommended.",filling_form,5
Patient has bite issue and may need orthodontic treatment.,orthodontic_form,6
Patient has general tooth discomfort and requests dental evaluation.,consultation_form,1
Scaling and root planing recommended due to gum disease.,periodontal_form,7
Patient broke a crown while chewing and needs crown evaluation.,crown_bridge_form,2
Bridge replacement required due to fractured dental restoration.,crown_bridge_form,2
Patient is unsure which tooth hurts and needs examination.,consultation_form,1
Patient requires root canal treatment on tooth 30 because of infection.,root_canal_form,8
"Patient reports bad breath and plaque buildup, cleaning recommended.",cleaning_form,0
Bridge replacement required due to fractured dental restoration.,crown_bridge_form,2
Scaling and root planing recommended due to gum disease.,periodontal_form,7
Broken tooth 16 has poor prognosis and extraction is planned.,extraction_form,4
"Bleeding gums observed, cleaning and oral hygiene instructions recommended.",cleaning_form,0
Abscess found near tooth 27; endodontic treatment is needed.,root_canal_form,8
Braces consultation requested due to misaligned teeth.,orthodontic_form,6
Deep pockets and bleeding gums suggest periodontal disease.,periodontal_form,7
"Dental exam showed tooth decay on tooth 12, restorative filling recommended.",filling_form,5
"Patient reports loose painful tooth 9, removal may be needed.",extraction_form,4
Patient has gum inflammation and periodontal assessment is required.,periodontal_form,7
Patient is unsure which tooth hurts and needs examination.,consultation_form,1
Patient has dental trauma after accident and needs emergency evaluation.,emergency_form,3
Deep decay reached nerve of tooth 17; root canal therapy planned.,root_canal_form,8
Patient reports sensitivity to cold drinks and filling is needed on tooth 4.,filling_form,5
Patient is unsure which tooth hurts and needs examination.,consultation_form,1
Patient has general tooth discomfort and requests dental evaluation.,consultation_form,1
Deep decay reached nerve of tooth 31; root canal therapy planned.,root_canal_form,8
Tooth 21 cannot be restored and should be removed.,extraction_form,4
Deep pockets and bleeding gums suggest periodontal disease.,periodontal_form,7
Bridge replacement required due to fractured dental restoration.,crown_bridge_form,2
Patient has plaque buildup and needs dental cleaning.,cleaning_form,0
Patient is due for regular hygiene cleaning appointment.,cleaning_form,0
Patient says teeth are shifting and wants orthodontic advice.,orthodontic_form,6
Patient has gum inflammation and periodontal assessment is required.,periodontal_form,7
Broken tooth 21 has poor prognosis and extraction is planned.,extraction_form,4
Deep decay reached nerve of tooth 4; root canal therapy planned.,root_canal_form,8
Braces consultation requested due to misaligned teeth.,orthodontic_form,6
Deep pockets and bleeding gums suggest periodontal disease.,periodontal_form,7
Patient has severe dental pain and needs emergency appointment.,emergency_form,3
Patient has bite issue and may need orthodontic treatment.,orthodontic_form,6
Patient woke up with swollen face and severe mouth pain.,emergency_form,3
"Bleeding gums observed, cleaning and oral hygiene instructions recommended.",cleaning_form,0
Periodontal charting required because of bleeding and bone loss.,periodontal_form,7
Patient is due for regular hygiene cleaning appointment.,cleaning_form,0
Patient needs orthodontic consultation for crowded teeth.,orthodontic_form,6
Patient reports jaw pain and needs dental consultation.,consultation_form,1
Clear aligner assessment requested for teeth alignment.,orthodontic_form,6
Patient has dental trauma after accident and needs emergency evaluation.,emergency_form,3
Patient has plaque buildup and needs dental cleaning.,cleaning_form,0
Deep pockets and bleeding gums suggest periodontal disease.,periodontal_form,7
Patient woke up with swollen face and severe mouth pain.,emergency_form,3
Patient says teeth are shifting and wants orthodontic advice.,orthodontic_form,6
Patient needs orthodontic consultation for crowded teeth.,orthodontic_form,6
Braces consultation requested due to misaligned teeth.,orthodontic_form,6
Bridge replacement required due to fractured dental restoration.,crown_bridge_form,2
Patient has dental trauma after accident and needs emergency evaluation.,emergency_form,3
Severe nerve pain in tooth 14; root canal treatment recommended.,root_canal_form,8
Patient cannot sleep because tooth 12 has constant pulsing pain.,root_canal_form,8
Patient broke a crown while chewing and needs crown evaluation.,crown_bridge_form,2
Patient has gum inflammation and periodontal assessment is required.,periodontal_form,7
Abscess found near tooth 6; endodontic treatment is needed.,root_canal_form,8
Patient requires root canal treatment on tooth 30 because of infection.,root_canal_form,8
Patient has bite issue and may need orthodontic treatment.,orthodontic_form,6
Patient has gum inflammation and periodontal assessment is required.,periodontal_form,7
Patient reports sensitivity to cold drinks and filling is needed on tooth 12.,filling_form,5
Patient says teeth are shifting and wants orthodontic advice.,orthodontic_form,6
Tooth 4 extraction is needed due to severe decay.,extraction_form,4
Patient has gum inflammation and periodontal assessment is required.,periodontal_form,7
Patient is due for regular hygiene cleaning appointment.,cleaning_form,0
Facial swelling and severe tooth pain require urgent dental care.,emergency_form,3
Patient is due for regular hygiene cleaning appointment.,cleaning_form,0
Abscess found near tooth 6; endodontic treatment is needed.,root_canal_form,8
Tooth 24 hurts when eating sweets and may need filling.,filling_form,5
Tartar accumulation found during exam; dental cleaning is required.,cleaning_form,0
Broken tooth 12 has poor prognosis and extraction is planned.,extraction_form,4
Patient came for general dental assessment and treatment planning.,consultation_form,1
Deep decay reached nerve of tooth 21; root canal therapy planned.,root_canal_form,8
Patient has bite issue and may need orthodontic treatment.,orthodontic_form,6
Periodontal charting required because of bleeding and bone loss.,periodontal_form,7
"Patient says food gets stuck in tooth 29, possible cavity requiring filling.",filling_form,5
Patient is unsure which tooth hurts and needs examination.,consultation_form,1
Patient reports jaw pain and needs dental consultation.,consultation_form,1
Patient has gum inflammation and periodontal assessment is required.,periodontal_form,7
Consultation needed for ongoing mouth pain and sensitivity.,consultation_form,1
Patient came for general dental assessment and treatment planning.,consultation_form,1
Facial swelling and severe tooth pain require urgent dental care.,emergency_form,3
Patient has gum inflammation and periodontal assessment is required.,periodontal_form,7
Patient reports jaw pain and needs dental consultation.,consultation_form,1
"Bleeding gums observed, cleaning and oral hygiene instructions recommended.",cleaning_form,0
Patient has dental trauma after accident and needs emergency evaluation.,emergency_form,3
Broken tooth 3 has poor prognosis and extraction is planned.,extraction_form,4
Patient is unsure which tooth hurts and needs examination.,consultation_form,1
"Patient reports loose teeth and gum recession, periodontal treatment needed.",periodontal_form,7
Periodontal charting required because of bleeding and bone loss.,periodontal_form,7
Periodontal charting required because of bleeding and bone loss.,periodontal_form,7
"Dental exam showed tooth decay on tooth 5, restorative filling recommended.",filling_form,5
"Dental exam showed tooth decay on tooth 27, restorative filling recommended.",filling_form,5
"Patient says food gets stuck in tooth 18, possible cavity requiring filling.",filling_form,5
"Patient reports loose teeth and gum recession, periodontal treatment needed.",periodontal_form,7
Patient has severe dental pain and needs emergency appointment.,emergency_form,3
Patient needs orthodontic consultation for crowded teeth.,orthodontic_form,6
"Dental exam showed tooth decay on tooth 22, restorative filling recommended.",filling_form,5
Patient broke a crown while chewing and needs crown evaluation.,crown_bridge_form,2
Patient needs orthodontic consultation for crowded teeth.,orthodontic_form,6
Patient reports jaw pain and needs dental consultation.,consultation_form,1
Patient needs crown placement on damaged tooth 19.,crown_bridge_form,2
Patient has cavity on tooth 20 and needs composite filling.,filling_form,5
Patient has plaque buildup and needs dental cleaning.,cleaning_form,0
Tooth 25 cannot be restored and should be removed.,extraction_form,4
"Patient reports bad breath and plaque buildup, cleaning recommended.",cleaning_form,0
Patient requires root canal treatment on tooth 5 because of infection.,root_canal_form,8
Tartar accumulation found during exam; dental cleaning is required.,cleaning_form,0
Patient broke a crown while chewing and needs crown evaluation.,crown_bridge_form,2
"Dental exam showed tooth decay on tooth 11, restorative filling recommended.",filling_form,5
Patient has cavity on tooth 28 and needs composite filling.,filling_form,5
Clear aligner assessment requested for teeth alignment.,orthodontic_form,6
Bridge replacement required due to fractured dental restoration.,crown_bridge_form,2
Patient requires root canal treatment on tooth 9 because of infection.,root_canal_form,8
Patient is due for regular hygiene cleaning appointment.,cleaning_form,0
Tartar accumulation found during exam; dental cleaning is required.,cleaning_form,0
Facial swelling and severe tooth pain require urgent dental care.,emergency_form,3
Deep decay reached nerve of tooth 4; root canal therapy planned.,root_canal_form,8
"Bleeding gums observed, cleaning and oral hygiene instructions recommended.",cleaning_form,0
Patient broke tooth 21 yesterday and reports sharp pain.,emergency_form,3
Patient needs crown placement on damaged tooth 15.,crown_bridge_form,2
Patient broke a crown while chewing and needs crown evaluation.,crown_bridge_form,2
Tartar accumulation found during exam; dental cleaning is required.,cleaning_form,0
Patient cannot sleep because tooth 5 has constant pulsing pain.,root_canal_form,8
Large restoration on tooth 16 failed; crown treatment recommended.,crown_bridge_form,2
Patient is due for regular hygiene cleaning appointment.,cleaning_form,0
Patient has cavity on tooth 1 and needs composite filling.,filling_form,5
Tooth 21 hurts when eating sweets and may need filling.,filling_form,5
Patient woke up with swollen face and severe mouth pain.,emergency_form,3
Periodontal charting required because of bleeding and bone loss.,periodontal_form,7
"Bleeding gums observed, cleaning and oral hygiene instructions recommended.",cleaning_form,0
Patient is unsure which tooth hurts and needs examination.,consultation_form,1
Patient reports sensitivity to cold drinks and filling is needed on tooth 7.,filling_form,5
Facial swelling and severe tooth pain require urgent dental care.,emergency_form,3
Patient has bite issue and may need orthodontic treatment.,orthodontic_form,6
Deep decay reached nerve of tooth 8; root canal therapy planned.,root_canal_form,8
Patient is unsure which tooth hurts and needs examination.,consultation_form,1
Patient has plaque buildup and needs dental cleaning.,cleaning_form,0
Braces consultation requested due to misaligned teeth.,orthodontic_form,6
Braces consultation requested due to misaligned teeth.,orthodontic_form,6
"Patient reports bad breath and plaque buildup, cleaning recommended.",cleaning_form,0
Patient woke up with swollen face and severe mouth pain.,emergency_form,3
Patient is unsure which tooth hurts and needs examination.,consultation_form,1
Severe nerve pain in tooth 13; root canal treatment recommended.,root_canal_form,8
Patient is unsure which tooth hurts and needs examination.,consultation_form,1
Patient is due for regular hygiene cleaning appointment.,cleaning_form,0
"Dental exam showed tooth decay on tooth 15, restorative filling recommended.",filling_form,5
Patient is unsure which tooth hurts and needs examination.,consultation_form,1
Consultation needed for ongoing mouth pain and sensitivity.,consultation_form,1
Patient needs crown placement on damaged tooth 22.,crown_bridge_form,2
Tartar accumulation found during exam; dental cleaning is required.,cleaning_form,0
Patient has bite issue and may need orthodontic treatment.,orthodontic_form,6
Deep pockets and bleeding gums suggest periodontal disease.,periodontal_form,7
Patient has plaque buildup and needs dental cleaning.,cleaning_form,0
Broken tooth 10 has poor prognosis and extraction is planned.,extraction_form,4
Patient is due for regular hygiene cleaning appointment.,cleaning_form,0
Old crown on tooth 10 is loose and needs replacement.,crown_bridge_form,2
Bridge replacement required due to fractured dental restoration.,crown_bridge_form,2
Patient requires root canal treatment on tooth 11 because of infection.,root_canal_form,8
Patient is due for regular hygiene cleaning appointment.,cleaning_form,0
Severe nerve pain in tooth 15; root canal treatment recommended.,root_canal_form,8
"Patient reports loose painful tooth 7, removal may be needed.",extraction_form,4
Abscess found near tooth 27; endodontic treatment is needed.,root_canal_form,8
Deep decay reached nerve of tooth 3; root canal therapy planned.,root_canal_form,8
Deep decay reached nerve of tooth 25; root canal therapy planned.,root_canal_form,8
Patient has bite issue and may need orthodontic treatment.,orthodontic_form,6
Patient requires root canal treatment on tooth 12 because of infection.,root_canal_form,8
Patient reports sensitivity to cold drinks and filling is needed on tooth 32.,filling_form,5
Patient has cavity on tooth 28 and needs composite filling.,filling_form,5
Periodontal charting required because of bleeding and bone loss.,periodontal_form,7
"Patient reports loose painful tooth 4, removal may be needed.",extraction_form,4
Patient came for general dental assessment and treatment planning.,consultation_form,1
Old crown on tooth 12 is loose and needs replacement.,crown_bridge_form,2
"Patient reports bad breath and plaque buildup, cleaning recommended.",cleaning_form,0
Patient is unsure which tooth hurts and needs examination.,consultation_form,1
Patient says teeth are shifting and wants orthodontic advice.,orthodontic_form,6
Patient needs orthodontic consultation for crowded teeth.,orthodontic_form,6
Tooth 25 cannot be restored and should be removed.,extraction_form,4
Deep pockets and bleeding gums suggest periodontal disease.,periodontal_form,7
Patient broke a crown while chewing and needs crown evaluation.,crown_bridge_form,2
Patient is unsure which tooth hurts and needs examination.,consultation_form,1
Patient cannot sleep because tooth 19 has constant pulsing pain.,root_canal_form,8
Patient has swelling and pain around tooth 9; extraction may be required.,extraction_form,4
"Patient reports loose teeth and gum recession, periodontal treatment needed.",periodontal_form,7
Broken tooth 19 has poor prognosis and extraction is planned.,extraction_form,4
Patient reports jaw pain and needs dental consultation.,consultation_form,1
Patient reports jaw pain and needs dental consultation.,consultation_form,1
Patient broke tooth 15 yesterday and reports sharp pain.,emergency_form,3
Patient needs orthodontic consultation for crowded teeth.,orthodontic_form,6
"Patient reports loose painful tooth 24, removal may be needed.",extraction_form,4
Scaling and root planing recommended due to gum disease.,periodontal_form,7
Severe nerve pain in tooth 22; root canal treatment recommended.,root_canal_form,8
Patient cannot sleep because tooth 27 has constant pulsing pain.,root_canal_form,8
Patient says teeth are shifting and wants orthodontic advice.,orthodontic_form,6
Abscess found near tooth 26; endodontic treatment is needed.,root_canal_form,8
Patient requires root canal treatment on tooth 24 because of infection.,root_canal_form,8
Large restoration on tooth 25 failed; crown treatment recommended.,crown_bridge_form,2
Patient reports sensitivity to cold drinks and filling is needed on tooth 4.,filling_form,5
Abscess found near tooth 12; endodontic treatment is needed.,root_canal_form,8
Patient broke a crown while chewing and needs crown evaluation.,crown_bridge_form,2
"Bleeding gums observed, cleaning and oral hygiene instructions recommended.",cleaning_form,0
Patient broke tooth 10 yesterday and reports sharp pain.,emergency_form,3
Patient needs crown placement on damaged tooth 4.,crown_bridge_form,2
Bridge replacement required due to fractured dental restoration.,crown_bridge_form,2
Patient is due for regular hygiene cleaning appointment.,cleaning_form,0
Patient broke a crown while chewing and needs crown evaluation.,crown_bridge_form,2
Large restoration on tooth 2 failed; crown treatment recommended.,crown_bridge_form,2
Patient has severe dental pain and needs emergency appointment.,emergency_form,3
Patient needs crown placement on damaged tooth 20.,crown_bridge_form,2
Patient needs orthodontic consultation for crowded teeth.,orthodontic_form,6
Patient has bite issue and may need orthodontic treatment.,orthodontic_form,6
Bridge replacement required due to fractured dental restoration.,crown_bridge_form,2
Abscess found near tooth 13; endodontic treatment is needed.,root_canal_form,8
Patient is due for regular hygiene cleaning appointment.,cleaning_form,0
Patient has dental trauma after accident and needs emergency evaluation.,emergency_form,3
"Patient reports bad breath and plaque buildup, cleaning recommended.",cleaning_form,0
Patient has swelling and pain around tooth 19; extraction may be required.,extraction_form,4
Patient woke up with swollen face and severe mouth pain.,emergency_form,3
Broken tooth 26 has poor prognosis and extraction is planned.,extraction_form,4
Patient came for general dental assessment and treatment planning.,consultation_form,1
"Patient reports loose teeth and gum recession, periodontal treatment needed.",periodontal_form,7
Scaling and root planing recommended due to gum disease.,periodontal_form,7
Deep decay reached nerve of tooth 17; root canal therapy planned.,root_canal_form,8
Patient reports jaw pain and needs dental consultation.,consultation_form,1
Tooth 16 hurts when eating sweets and may need filling.,filling_form,5
Patient needs orthodontic consultation for crowded teeth.,orthodontic_form,6
Clear aligner assessment requested for teeth alignment.,orthodontic_form,6
Consultation needed for ongoing mouth pain and sensitivity.,consultation_form,1
Clear aligner assessment requested for teeth alignment.,orthodontic_form,6
Tooth 7 extraction is needed due to severe decay.,extraction_form,4
Old crown on tooth 7 is loose and needs replacement.,crown_bridge_form,2
Tooth 19 extraction is needed due to severe decay.,extraction_form,4
Patient is unsure which tooth hurts and needs examination.,consultation_form,1
Tartar accumulation found during exam; dental cleaning is required.,cleaning_form,0
Patient reports jaw pain and needs dental consultation.,consultation_form,1
Patient is unsure which tooth hurts and needs examination.,consultation_form,1
Broken tooth 24 has poor prognosis and extraction is planned.,extraction_form,4
Tooth 20 cannot be restored and should be removed.,extraction_form,4
Old crown on tooth 9 is loose and needs replacement.,crown_bridge_form,2
Patient is due for regular hygiene cleaning appointment.,cleaning_form,0
Scaling and root planing recommended due to gum disease.,periodontal_form,7
Bridge replacement required due to fractured dental restoration.,crown_bridge_form,2
Broken tooth 13 has poor prognosis and extraction is planned.,extraction_form,4
"Patient reports loose painful tooth 23, removal may be needed.",extraction_form,4
Old crown on tooth 17 is loose and needs replacement.,crown_bridge_form,2
Patient requires root canal treatment on tooth 24 because of infection.,root_canal_form,8
Patient came for general dental assessment and treatment planning.,consultation_form,1
Patient has cavity on tooth 19 and needs composite filling.,filling_form,5
Patient has gum inflammation and periodontal assessment is required.,periodontal_form,7
Scaling and root planing recommended due to gum disease.,periodontal_form,7
"Patient reports loose teeth and gum recession, periodontal treatment needed.",periodontal_form,7
Abscess found near tooth 2; endodontic treatment is needed.,root_canal_form,8
Deep pockets and bleeding gums suggest periodontal disease.,periodontal_form,7
Tooth 24 extraction is needed due to severe decay.,extraction_form,4
Facial swelling and severe tooth pain require urgent dental care.,emergency_form,3
Patient has bite issue and may need orthodontic treatment.,orthodontic_form,6
Facial swelling and severe tooth pain require urgent dental care.,emergency_form,3
Patient broke tooth 25 yesterday and reports sharp pain.,emergency_form,3
Patient reports sensitivity to cold drinks and filling is needed on tooth 15.,filling_form,5
Large restoration on tooth 31 failed; crown treatment recommended.,crown_bridge_form,2
Periodontal charting required because of bleeding and bone loss.,periodontal_form,7
Tooth 19 hurts when eating sweets and may need filling.,filling_form,5
Bridge replacement required due to fractured dental restoration.,crown_bridge_form,2
Patient needs crown placement on damaged tooth 16.,crown_bridge_form,2
Abscess found near tooth 16; endodontic treatment is needed.,root_canal_form,8
Deep decay reached nerve of tooth 6; root canal therapy planned.,root_canal_form,8
Deep decay reached nerve of tooth 27; root canal therapy planned.,root_canal_form,8
Patient is unsure which tooth hurts and needs examination.,consultation_form,1
Patient has general tooth discomfort and requests dental evaluation.,consultation_form,1
Patient needs orthodontic consultation for crowded teeth.,orthodontic_form,6
Severe nerve pain in tooth 15; root canal treatment recommended.,root_canal_form,8
Patient broke a crown while chewing and needs crown evaluation.,crown_bridge_form,2
Patient has dental trauma after accident and needs emergency evaluation.,emergency_form,3
Consultation needed for ongoing mouth pain and sensitivity.,consultation_form,1
Tooth 20 hurts when eating sweets and may need filling.,filling_form,5
Patient has general tooth discomfort and requests dental evaluation.,consultation_form,1
Bridge replacement required due to fractured dental restoration.,crown_bridge_form,2
Patient cannot sleep because tooth 3 has constant pulsing pain.,root_canal_form,8
Periodontal charting required because of bleeding and bone loss.,periodontal_form,7
Deep decay reached nerve of tooth 32; root canal therapy planned.,root_canal_form,8
Braces consultation requested due to misaligned teeth.,orthodontic_form,6
Broken tooth 21 has poor prognosis and extraction is planned.,extraction_form,4
"Patient reports loose painful tooth 6, removal may be needed.",extraction_form,4
Patient is due for regular hygiene cleaning appointment.,cleaning_form,0
Deep pockets and bleeding gums suggest periodontal disease.,periodontal_form,7
Consultation needed for ongoing mouth pain and sensitivity.,consultation_form,1
Large restoration on tooth 11 failed; crown treatment recommended.,crown_bridge_form,2
Patient says teeth are shifting and wants orthodontic advice.,orthodontic_form,6
"Patient reports bad breath and plaque buildup, cleaning recommended.",cleaning_form,0
Patient needs crown placement on damaged tooth 25.,crown_bridge_form,2
Abscess found near tooth 11; endodontic treatment is needed.,root_canal_form,8
"Patient says food gets stuck in tooth 18, possible cavity requiring filling.",filling_form,5
Patient has plaque buildup and needs dental cleaning.,cleaning_form,0
Patient needs crown placement on damaged tooth 2.,crown_bridge_form,2
"Bleeding gums observed, cleaning and oral hygiene instructions recommended.",cleaning_form,0
Facial swelling and severe tooth pain require urgent dental care.,emergency_form,3
Patient has general tooth discomfort and requests dental evaluation.,consultation_form,1
Deep decay reached nerve of tooth 29; root canal therapy planned.,root_canal_form,8
Patient has bite issue and may need orthodontic treatment.,orthodontic_form,6
Broken tooth 32 has poor prognosis and extraction is planned.,extraction_form,4
Old crown on tooth 17 is loose and needs replacement.,crown_bridge_form,2
Severe nerve pain in tooth 8; root canal treatment recommended.,root_canal_form,8
Patient has swelling and pain around tooth 11; extraction may be required.,extraction_form,4
Deep decay reached nerve of tooth 8; root canal therapy planned.,root_canal_form,8
Large restoration on tooth 9 failed; crown treatment recommended.,crown_bridge_form,2
Patient came for general dental assessment and treatment planning.,consultation_form,1
Patient has general tooth discomfort and requests dental evaluation.,consultation_form,1
"Patient reports loose painful tooth 18, removal may be needed.",extraction_form,4
Old crown on tooth 28 is loose and needs replacement.,crown_bridge_form,2
"Patient says food gets stuck in tooth 28, possible cavity requiring filling.",filling_form,5
Tooth 19 extraction is needed due to severe decay.,extraction_form,4
Patient has swelling and pain around tooth 22; extraction may be required.,extraction_form,4
Patient has plaque buildup and needs dental cleaning.,cleaning_form,0
Patient is unsure which tooth hurts and needs examination.,consultation_form,1
Patient needs crown placement on damaged tooth 23.,crown_bridge_form,2
"Dental exam showed tooth decay on tooth 22, restorative filling recommended.",filling_form,5
Patient has severe dental pain and needs emergency appointment.,emergency_form,3
"Bleeding gums observed, cleaning and oral hygiene instructions recommended.",cleaning_form,0
"Dental exam showed tooth decay on tooth 8, restorative filling recommended.",filling_form,5
Abscess found near tooth 11; endodontic treatment is needed.,root_canal_form,8
Periodontal charting required because of bleeding and bone loss.,periodontal_form,7
"Patient reports bad breath and plaque buildup, cleaning recommended.",cleaning_form,0
Consultation needed for ongoing mouth pain and sensitivity.,consultation_form,1
Patient needs crown placement on damaged tooth 21.,crown_bridge_form,2
Tooth 19 hurts when eating sweets and may need filling.,filling_form,5
Tooth 1 extraction is needed due to severe decay.,extraction_form,4
Patient came for general dental assessment and treatment planning.,consultation_form,1
Patient is due for regular hygiene cleaning appointment.,cleaning_form,0
Patient came for general dental assessment and treatment planning.,consultation_form,1
"Patient says food gets stuck in tooth 18, possible cavity requiring filling.",filling_form,5
"Patient reports bad breath and plaque buildup, cleaning recommended.",cleaning_form,0
Patient is unsure which tooth hurts and needs examination.,consultation_form,1
Tooth 28 hurts when eating sweets and may need filling.,filling_form,5
Tooth 21 extraction is needed due to severe decay.,extraction_form,4
Tooth 18 hurts when eating sweets and may need filling.,filling_form,5
Deep pockets and bleeding gums suggest periodontal disease.,periodontal_form,7
Tooth 25 cannot be restored and should be removed.,extraction_form,4
Patient cannot sleep because tooth 14 has constant pulsing pain.,root_canal_form,8
"Patient says food gets stuck in tooth 11, possible cavity requiring filling.",filling_form,5
"Patient reports loose teeth and gum recession, periodontal treatment needed.",periodontal_form,7
Deep pockets and bleeding gums suggest periodontal disease.,periodontal_form,7
Severe nerve pain in tooth 6; root canal treatment recommended.,root_canal_form,8
"Dental exam showed tooth decay on tooth 13, restorative filling recommended.",filling_form,5
Consultation needed for ongoing mouth pain and sensitivity.,consultation_form,1
Patient has bite issue and may need orthodontic treatment.,orthodontic_form,6
Patient is unsure which tooth hurts and needs examination.,consultation_form,1
Patient has swelling and pain around tooth 14; extraction may be required.,extraction_form,4
Patient has plaque buildup and needs dental cleaning.,cleaning_form,0
"Patient reports loose teeth and gum recession, periodontal treatment needed.",periodontal_form,7
Patient broke a crown while chewing and needs crown evaluation.,crown_bridge_form,2
Patient has general tooth discomfort and requests dental evaluation.,consultation_form,1
Patient needs crown placement on damaged tooth 3.,crown_bridge_form,2
Patient broke tooth 9 yesterday and reports sharp pain.,emergency_form,3
"Patient reports loose painful tooth 12, removal may be needed.",extraction_form,4
Patient came for general dental assessment and treatment planning.,consultation_form,1
Patient has general tooth discomfort and requests dental evaluation.,consultation_form,1
Patient has plaque buildup and needs dental cleaning.,cleaning_form,0
Patient reports jaw pain and needs dental consultation.,consultation_form,1
"Patient reports bad breath and plaque buildup, cleaning recommended.",cleaning_form,0
Patient has cavity on tooth 7 and needs composite filling.,filling_form,5
"Patient reports loose teeth and gum recession, periodontal treatment needed.",periodontal_form,7
Patient has severe dental pain and needs emergency appointment.,emergency_form,3
Large restoration on tooth 24 failed; crown treatment recommended.,crown_bridge_form,2
Patient has general tooth discomfort and requests dental evaluation.,consultation_form,1
Patient has severe dental pain and needs emergency appointment.,emergency_form,3
Consultation needed for ongoing mouth pain and sensitivity.,consultation_form,1
Patient has general tooth discomfort and requests dental evaluation.,consultation_form,1
Patient needs orthodontic consultation for crowded teeth.,orthodontic_form,6
Patient needs orthodontic consultation for crowded teeth.,orthodontic_form,6
Patient has severe dental pain and needs emergency appointment.,emergency_form,3
"Dental exam showed tooth decay on tooth 11, restorative filling recommended.",filling_form,5
Deep decay reached nerve of tooth 7; root canal therapy planned.,root_canal_form,8
Severe nerve pain in tooth 13; root canal treatment recommended.,root_canal_form,8
Patient needs crown placement on damaged tooth 29.,crown_bridge_form,2
Deep pockets and bleeding gums suggest periodontal disease.,periodontal_form,7
Patient is unsure which tooth hurts and needs examination.,consultation_form,1
Deep pockets and bleeding gums suggest periodontal disease.,periodontal_form,7
Abscess found near tooth 30; endodontic treatment is needed.,root_canal_form,8
Old crown on tooth 12 is loose and needs replacement.,crown_bridge_form,2
Patient has general tooth discomfort and requests dental evaluation.,consultation_form,1
Deep pockets and bleeding gums suggest periodontal disease.,periodontal_form,7
Abscess found near tooth 25; endodontic treatment is needed.,root_canal_form,8
Facial swelling and severe tooth pain require urgent dental care.,emergency_form,3
Patient is unsure which tooth hurts and needs examination.,consultation_form,1
Periodontal charting required because of bleeding and bone loss.,periodontal_form,7
Patient broke tooth 7 yesterday and reports sharp pain.,emergency_form,3
Patient has severe dental pain and needs emergency appointment.,emergency_form,3
Patient has severe dental pain and needs emergency appointment.,emergency_form,3
Patient has cavity on tooth 30 and needs composite filling.,filling_form,5
"Bleeding gums observed, cleaning and oral hygiene instructions recommended.",cleaning_form,0
Patient woke up with swollen face and severe mouth pain.,emergency_form,3
Patient needs orthodontic consultation for crowded teeth.,orthodontic_form,6
Patient has swelling and pain around tooth 27; extraction may be required.,extraction_form,4
Patient has cavity on tooth 24 and needs composite filling.,filling_form,5
Old crown on tooth 21 is loose and needs replacement.,crown_bridge_form,2
Facial swelling and severe tooth pain require urgent dental care.,emergency_form,3
"Patient reports loose painful tooth 11, removal may be needed.",extraction_form,4
Patient came for general dental assessment and treatment planning.,consultation_form,1
Patient has dental trauma after accident and needs emergency evaluation.,emergency_form,3
Patient requires root canal treatment on tooth 24 because of infection.,root_canal_form,8
Patient needs crown placement on damaged tooth 4.,crown_bridge_form,2
Patient needs crown placement on damaged tooth 10.,crown_bridge_form,2
Deep pockets and bleeding gums suggest periodontal disease.,periodontal_form,7
Facial swelling and severe tooth pain require urgent dental care.,emergency_form,3
Tooth 2 hurts when eating sweets and may need filling.,filling_form,5
Patient has dental trauma after accident and needs emergency evaluation.,emergency_form,3
Patient broke a crown while chewing and needs crown evaluation.,crown_bridge_form,2
Tartar accumulation found during exam; dental cleaning is required.,cleaning_form,0
Bridge replacement required due to fractured dental restoration.,crown_bridge_form,2
Deep decay reached nerve of tooth 7; root canal therapy planned.,root_canal_form,8
Consultation needed for ongoing mouth pain and sensitivity.,consultation_form,1
Clear aligner assessment requested for teeth alignment.,orthodontic_form,6
"Dental exam showed tooth decay on tooth 17, restorative filling recommended.",filling_form,5
Patient says teeth are shifting and wants orthodontic advice.,orthodontic_form,6
"Patient reports loose teeth and gum recession, periodontal treatment needed.",periodontal_form,7
Old crown on tooth 27 is loose and needs replacement.,crown_bridge_form,2
Broken tooth 17 has poor prognosis and extraction is planned.,extraction_form,4
Patient needs crown placement on damaged tooth 9.,crown_bridge_form,2
Consultation needed for ongoing mouth pain and sensitivity.,consultation_form,1
Patient is unsure which tooth hurts and needs examination.,consultation_form,1
Patient cannot sleep because tooth 26 has constant pulsing pain.,root_canal_form,8
"Patient reports loose painful tooth 23, removal may be needed.",extraction_form,4
Patient needs orthodontic consultation for crowded teeth.,orthodontic_form,6
Clear aligner assessment requested for teeth alignment.,orthodontic_form,6
Clear aligner assessment requested for teeth alignment.,orthodontic_form,6
Patient needs orthodontic consultation for crowded teeth.,orthodontic_form,6
Patient has severe dental pain and needs emergency appointment.,emergency_form,3
"Patient reports bad breath and plaque buildup, cleaning recommended.",cleaning_form,0
Patient has bite issue and may need orthodontic treatment.,orthodontic_form,6
Tooth 14 cannot be restored and should be removed.,extraction_form,4
Patient broke tooth 12 yesterday and reports sharp pain.,emergency_form,3
Tooth 23 cannot be restored and should be removed.,extraction_form,4
Patient has severe dental pain and needs emergency appointment.,emergency_form,3
Severe nerve pain in tooth 2; root canal treatment recommended.,root_canal_form,8
Patient cannot sleep because tooth 24 has constant pulsing pain.,root_canal_form,8
Tooth 4 extraction is needed due to severe decay.,extraction_form,4
"Dental exam showed tooth decay on tooth 9, restorative filling recommended.",filling_form,5
"Patient says food gets stuck in tooth 6, possible cavity requiring filling.",filling_form,5
"Dental exam showed tooth decay on tooth 17, restorative filling recommended.",filling_form,5
Abscess found near tooth 30; endodontic treatment is needed.,root_canal_form,8
Patient has swelling and pain around tooth 16; extraction may be required.,extraction_form,4
Patient reports sensitivity to cold drinks and filling is needed on tooth 6.,filling_form,5
Patient has general tooth discomfort and requests dental evaluation.,consultation_form,1
Broken tooth 18 has poor prognosis and extraction is planned.,extraction_form,4
Patient broke a crown while chewing and needs crown evaluation.,crown_bridge_form,2
Patient says teeth are shifting and wants orthodontic advice.,orthodontic_form,6
Facial swelling and severe tooth pain require urgent dental care.,emergency_form,3
Clear aligner assessment requested for teeth alignment.,orthodontic_form,6
"Patient reports loose teeth and gum recession, periodontal treatment needed.",periodontal_form,7
Severe nerve pain in tooth 26; root canal treatment recommended.,root_canal_form,8
Patient has general tooth discomfort and requests dental evaluation.,consultation_form,1
Patient has bite issue and may need orthodontic treatment.,orthodontic_form,6
Tartar accumulation found during exam; dental cleaning is required.,cleaning_form,0
Deep decay reached nerve of tooth 25; root canal therapy planned.,root_canal_form,8
Patient has gum inflammation and periodontal assessment is required.,periodontal_form,7
Clear aligner assessment requested for teeth alignment.,orthodontic_form,6
Clear aligner assessment requested for teeth alignment.,orthodontic_form,6
Braces consultation requested due to misaligned teeth.,orthodontic_form,6
Patient has general tooth discomfort and requests dental evaluation.,consultation_form,1
Patient has gum inflammation and periodontal assessment is required.,periodontal_form,7
Tartar accumulation found during exam; dental cleaning is required.,cleaning_form,0
Patient reports jaw pain and needs dental consultation.,consultation_form,1
Tooth 25 hurts when eating sweets and may need filling.,filling_form,5
Tooth 16 hurts when eating sweets and may need filling.,filling_form,5
Tooth 25 cannot be restored and should be removed.,extraction_form,4
Patient has plaque buildup and needs dental cleaning.,cleaning_form,0
Patient came for general dental assessment and treatment planning.,consultation_form,1
Deep pockets and bleeding gums suggest periodontal disease.,periodontal_form,7
Broken tooth 8 has poor prognosis and extraction is planned.,extraction_form,4
Braces consultation requested due to misaligned teeth.,orthodontic_form,6
Patient woke up with swollen face and severe mouth pain.,emergency_form,3
Patient needs orthodontic consultation for crowded teeth.,orthodontic_form,6
"Patient reports bad breath and plaque buildup, cleaning recommended.",cleaning_form,0
Patient is unsure which tooth hurts and needs examination.,consultation_form,1
Patient broke a crown while chewing and needs crown evaluation.,crown_bridge_form,2
"Patient reports loose teeth and gum recession, periodontal treatment needed.",periodontal_form,7
Patient is unsure which tooth hurts and needs examination.,consultation_form,1
Large restoration on tooth 17 failed; crown treatment recommended.,crown_bridge_form,2
Deep pockets and bleeding gums suggest periodontal disease.,periodontal_form,7
Tooth 21 cannot be restored and should be removed.,extraction_form,4
"Bleeding gums observed, cleaning and oral hygiene instructions recommended.",cleaning_form,0
Patient needs crown placement on damaged tooth 32.,crown_bridge_form,2
Patient is due for regular hygiene cleaning appointment.,cleaning_form,0
Patient broke tooth 8 yesterday and reports sharp pain.,emergency_form,3
Tooth 20 extraction is needed due to severe decay.,extraction_form,4
Tartar accumulation found during exam; dental cleaning is required.,cleaning_form,0
Periodontal charting required because of bleeding and bone loss.,periodontal_form,7
Braces consultation requested due to misaligned teeth.,orthodontic_form,6
Tooth 19 extraction is needed due to severe decay.,extraction_form,4
Patient has gum inflammation and periodontal assessment is required.,periodontal_form,7
Braces consultation requested due to misaligned teeth.,orthodontic_form,6
Tooth 19 hurts when eating sweets and may need filling.,filling_form,5
Tooth 1 extraction is needed due to severe decay.,extraction_form,4
"Patient reports loose teeth and gum recession, periodontal treatment needed.",periodontal_form,7
Patient has general tooth discomfort and requests dental evaluation.,consultation_form,1
Bridge replacement required due to fractured dental restoration.,crown_bridge_form,2
Patient woke up with swollen face and severe mouth pain.,emergency_form,3
Patient has swelling and pain around tooth 14; extraction may be required.,extraction_form,4
Facial swelling and severe tooth pain require urgent dental care.,emergency_form,3
Patient has gum inflammation and periodontal assessment is required.,periodontal_form,7
Patient is unsure which tooth hurts and needs examination.,consultation_form,1
Abscess found near tooth 9; endodontic treatment is needed.,root_canal_form,8
"Patient reports bad breath and plaque buildup, cleaning recommended.",cleaning_form,0
Periodontal charting required because of bleeding and bone loss.,periodontal_form,7
Consultation needed for ongoing mouth pain and sensitivity.,consultation_form,1
Periodontal charting required because of bleeding and bone loss.,periodontal_form,7
Patient came for general dental assessment and treatment planning.,consultation_form,1
Facial swelling and severe tooth pain require urgent dental care.,emergency_form,3
Patient says teeth are shifting and wants orthodontic advice.,orthodontic_form,6
Deep decay reached nerve of tooth 3; root canal therapy planned.,root_canal_form,8
Facial swelling and severe tooth pain require urgent dental care.,emergency_form,3
Patient broke a crown while chewing and needs crown evaluation.,crown_bridge_form,2
Severe nerve pain in tooth 13; root canal treatment recommended.,root_canal_form,8
"Patient reports loose teeth and gum recession, periodontal treatment needed.",periodontal_form,7
Deep pockets and bleeding gums suggest periodontal disease.,periodontal_form,7
Patient reports jaw pain and needs dental consultation.,consultation_form,1
Patient has bite issue and may need orthodontic treatment.,orthodontic_form,6
"Patient reports loose teeth and gum recession, periodontal treatment needed.",periodontal_form,7
Facial swelling and severe tooth pain require urgent dental care.,emergency_form,3
Patient has cavity on tooth 2 and needs composite filling.,filling_form,5
Patient has general tooth discomfort and requests dental evaluation.,consultation_form,1
"Patient reports bad breath and plaque buildup, cleaning recommended.",cleaning_form,0
"Dental exam showed tooth decay on tooth 20, restorative filling recommended.",filling_form,5
Deep decay reached nerve of tooth 14; root canal therapy planned.,root_canal_form,8
Scaling and root planing recommended due to gum disease.,periodontal_form,7
Patient woke up with swollen face and severe mouth pain.,emergency_form,3
Patient broke tooth 22 yesterday and reports sharp pain.,emergency_form,3
Braces consultation requested due to misaligned teeth.,orthodontic_form,6
Old crown on tooth 30 is loose and needs replacement.,crown_bridge_form,2
"Bleeding gums observed, cleaning and oral hygiene instructions recommended.",cleaning_form,0
Bridge replacement required due to fractured dental restoration.,crown_bridge_form,2
Facial swelling and severe tooth pain require urgent dental care.,emergency_form,3
Tooth 32 extraction is needed due to severe decay.,extraction_form,4
Patient came for general dental assessment and treatment planning.,consultation_form,1
Patient has severe dental pain and needs emergency appointment.,emergency_form,3
"Patient reports bad breath and plaque buildup, cleaning recommended.",cleaning_form,0
Severe nerve pain in tooth 14; root canal treatment recommended.,root_canal_form,8
Patient says teeth are shifting and wants orthodontic advice.,orthodontic_form,6
Abscess found near tooth 30; endodontic treatment is needed.,root_canal_form,8
Large restoration on tooth 1 failed; crown treatment recommended.,crown_bridge_form,2
Deep decay reached nerve of tooth 22; root canal therapy planned.,root_canal_form,8
Patient has bite issue and may need orthodontic treatment.,orthodontic_form,6
Deep pockets and bleeding gums suggest periodontal disease.,periodontal_form,7
Patient is due for regular hygiene cleaning appointment.,cleaning_form,0
"Bleeding gums observed, cleaning and oral hygiene instructions recommended.",cleaning_form,0
Patient has gum inflammation and periodontal assessment is required.,periodontal_form,7
Tooth 13 extraction is needed due to severe decay.,extraction_form,4
Abscess found near tooth 27; endodontic treatment is needed.,root_canal_form,8
Old crown on tooth 30 is loose and needs replacement.,crown_bridge_form,2
Patient has dental trauma after accident and needs emergency evaluation.,emergency_form,3
Large restoration on tooth 18 failed; crown treatment recommended.,crown_bridge_form,2
Large restoration on tooth 7 failed; crown treatment recommended.,crown_bridge_form,2
Patient is unsure which tooth hurts and needs examination.,consultation_form,1
Tooth 28 hurts when eating sweets and may need filling.,filling_form,5
Patient woke up with swollen face and severe mouth pain.,emergency_form,3
Tooth 16 hurts when eating sweets and may need filling.,filling_form,5
Patient reports sensitivity to cold drinks and filling is needed on tooth 17.,filling_form,5
Tooth 2 extraction is needed due to severe decay.,extraction_form,4
Scaling and root planing recommended due to gum disease.,periodontal_form,7
Patient has severe dental pain and needs emergency appointment.,emergency_form,3
Facial swelling and severe tooth pain require urgent dental care.,emergency_form,3
Tartar accumulation found during exam; dental cleaning is required.,cleaning_form,0
Deep pockets and bleeding gums suggest periodontal disease.,periodontal_form,7
"Patient says food gets stuck in tooth 25, possible cavity requiring filling.",filling_form,5
Tooth 14 extraction is needed due to severe decay.,extraction_form,4
"Patient reports bad breath and plaque buildup, cleaning recommended.",cleaning_form,0
Patient says teeth are shifting and wants orthodontic advice.,orthodontic_form,6
Patient requires root canal treatment on tooth 29 because of infection.,root_canal_form,8
Tooth 29 hurts when eating sweets and may need filling.,filling_form,5
Patient requires root canal treatment on tooth 7 because of infection.,root_canal_form,8
Patient requires root canal treatment on tooth 10 because of infection.,root_canal_form,8
Patient broke a crown while chewing and needs crown evaluation.,crown_bridge_form,2
Patient is due for regular hygiene cleaning appointment.,cleaning_form,0
Facial swelling and severe tooth pain require urgent dental care.,emergency_form,3
Clear aligner assessment requested for teeth alignment.,orthodontic_form,6
Abscess found near tooth 4; endodontic treatment is needed.,root_canal_form,8
Patient is due for regular hygiene cleaning appointment.,cleaning_form,0
Old crown on tooth 11 is loose and needs replacement.,crown_bridge_form,2
Patient has cavity on tooth 28 and needs composite filling.,filling_form,5
Tooth 10 cannot be restored and should be removed.,extraction_form,4
"Patient reports loose painful tooth 11, removal may be needed.",extraction_form,4
Patient has gum inflammation and periodontal assessment is required.,periodontal_form,7
Deep decay reached nerve of tooth 17; root canal therapy planned.,root_canal_form,8
Abscess found near tooth 15; endodontic treatment is needed.,root_canal_form,8
Patient has plaque buildup and needs dental cleaning.,cleaning_form,0
Braces consultation requested due to misaligned teeth.,orthodontic_form,6
Patient broke a crown while chewing and needs crown evaluation.,crown_bridge_form,2
"Patient reports loose painful tooth 20, removal may be needed.",extraction_form,4
Patient cannot sleep because tooth 10 has constant pulsing pain.,root_canal_form,8
Deep decay reached nerve of tooth 14; root canal therapy planned.,root_canal_form,8
"Bleeding gums observed, cleaning and oral hygiene instructions recommended.",cleaning_form,0
Tooth 18 hurts when eating sweets and may need filling.,filling_form,5
Patient needs orthodontic consultation for crowded teeth.,orthodontic_form,6
Patient has gum inflammation and periodontal assessment is required.,periodontal_form,7
Patient reports jaw pain and needs dental consultation.,consultation_form,1
"Patient reports bad breath and plaque buildup, cleaning recommended.",cleaning_form,0
Patient requires root canal treatment on tooth 2 because of infection.,root_canal_form,8
Periodontal charting required because of bleeding and bone loss.,periodontal_form,7
Large restoration on tooth 28 failed; crown treatment recommended.,crown_bridge_form,2
Old crown on tooth 14 is loose and needs replacement.,crown_bridge_form,2
Deep pockets and bleeding gums suggest periodontal disease.,periodontal_form,7
Patient needs orthodontic consultation for crowded teeth.,orthodontic_form,6
Patient has dental trauma after accident and needs emergency evaluation.,emergency_form,3
Patient has gum inflammation and periodontal assessment is required.,periodontal_form,7
Patient came for general dental assessment and treatment planning.,consultation_form,1
Patient has general tooth discomfort and requests dental evaluation.,consultation_form,1
Patient requires root canal treatment on tooth 26 because of infection.,root_canal_form,8
Braces consultation requested due to misaligned teeth.,orthodontic_form,6
"Patient reports bad breath and plaque buildup, cleaning recommended.",cleaning_form,0
Scaling and root planing recommended due to gum disease.,periodontal_form,7
Tooth 8 cannot be restored and should be removed.,extraction_form,4
"Patient says food gets stuck in tooth 10, possible cavity requiring filling.",filling_form,5
Tooth 13 extraction is needed due to severe decay.,extraction_form,4
Patient has bite issue and may need orthodontic treatment.,orthodontic_form,6
Consultation needed for ongoing mouth pain and sensitivity.,consultation_form,1
Braces consultation requested due to misaligned teeth.,orthodontic_form,6
Old crown on tooth 20 is loose and needs replacement.,crown_bridge_form,2
Patient requires root canal treatment on tooth 24 because of infection.,root_canal_form,8
Bridge replacement required due to fractured dental restoration.,crown_bridge_form,2
Patient needs crown placement on damaged tooth 2.,crown_bridge_form,2
Patient cannot sleep because tooth 31 has constant pulsing pain.,root_canal_form,8
Clear aligner assessment requested for teeth alignment.,orthodontic_form,6
Facial swelling and severe tooth pain require urgent dental care.,emergency_form,3
Patient has severe dental pain and needs emergency appointment.,emergency_form,3
"Dental exam showed tooth decay on tooth 7, restorative filling recommended.",filling_form,5
Patient has cavity on tooth 8 and needs composite filling.,filling_form,5
"Patient reports bad breath and plaque buildup, cleaning recommended.",cleaning_form,0
Broken tooth 32 has poor prognosis and extraction is planned.,extraction_form,4
Periodontal charting required because of bleeding and bone loss.,periodontal_form,7
Old crown on tooth 6 is loose and needs replacement.,crown_bridge_form,2
Patient came for general dental assessment and treatment planning.,consultation_form,1
Braces consultation requested due to misaligned teeth.,orthodontic_form,6
Patient has cavity on tooth 5 and needs composite filling.,filling_form,5
Scaling and root planing recommended due to gum disease.,periodontal_form,7
Old crown on tooth 20 is loose and needs replacement.,crown_bridge_form,2
Clear aligner assessment requested for teeth alignment.,orthodontic_form,6
Abscess found near tooth 22; endodontic treatment is needed.,root_canal_form,8
Periodontal charting required because of bleeding and bone loss.,periodontal_form,7
"Patient reports loose teeth and gum recession, periodontal treatment needed.",periodontal_form,7
Tooth 18 extraction is needed due to severe decay.,extraction_form,4
Deep decay reached nerve of tooth 13; root canal therapy planned.,root_canal_form,8
Deep pockets and bleeding gums suggest periodontal disease.,periodontal_form,7
Patient cannot sleep because tooth 3 has constant pulsing pain.,root_canal_form,8
Patient is due for regular hygiene cleaning appointment.,cleaning_form,0
Patient is due for regular hygiene cleaning appointment.,cleaning_form,0
Patient needs orthodontic consultation for crowded teeth.,orthodontic_form,6
"Patient reports loose teeth and gum recession, periodontal treatment needed.",periodontal_form,7
Patient has dental trauma after accident and needs emergency evaluation.,emergency_form,3
Old crown on tooth 4 is loose and needs replacement.,crown_bridge_form,2
Braces consultation requested due to misaligned teeth.,orthodontic_form,6
Patient broke a crown while chewing and needs crown evaluation.,crown_bridge_form,2
Old crown on tooth 29 is loose and needs replacement.,crown_bridge_form,2
Patient needs orthodontic consultation for crowded teeth.,orthodontic_form,6
Clear aligner assessment requested for teeth alignment.,orthodontic_form,6
Deep pockets and bleeding gums suggest periodontal disease.,periodontal_form,7
Scaling and root planing recommended due to gum disease.,periodontal_form,7
"Dental exam showed tooth decay on tooth 3, restorative filling recommended.",filling_form,5
Broken tooth 32 has poor prognosis and extraction is planned.,extraction_form,4
Broken tooth 7 has poor prognosis and extraction is planned.,extraction_form,4
Patient reports jaw pain and needs dental consultation.,consultation_form,1
"Patient reports loose painful tooth 5, removal may be needed.",extraction_form,4
Patient broke a crown while chewing and needs crown evaluation.,crown_bridge_form,2
Large restoration on tooth 30 failed; crown treatment recommended.,crown_bridge_form,2
Tooth 24 cannot be restored and should be removed.,extraction_form,4
Patient is due for regular hygiene cleaning appointment.,cleaning_form,0
Patient has gum inflammation and periodontal assessment is required.,periodontal_form,7
Abscess found near tooth 20; endodontic treatment is needed.,root_canal_form,8
Patient has gum inflammation and periodontal assessment is required.,periodontal_form,7
"Patient reports bad breath and plaque buildup, cleaning recommended.",cleaning_form,0
Patient requires root canal treatment on tooth 25 because of infection.,root_canal_form,8
Clear aligner assessment requested for teeth alignment.,orthodontic_form,6
Patient reports jaw pain and needs dental consultation.,consultation_form,1
Patient reports jaw pain and needs dental consultation.,consultation_form,1
"Patient reports loose painful tooth 24, removal may be needed.",extraction_form,4
Braces consultation requested due to misaligned teeth.,orthodontic_form,6
Patient cannot sleep because tooth 15 has constant pulsing pain.,root_canal_form,8
Patient is due for regular hygiene cleaning appointment.,cleaning_form,0
Patient has dental trauma after accident and needs emergency evaluation.,emergency_form,3
Bridge replacement required due to fractured dental restoration.,crown_bridge_form,2
Abscess found near tooth 28; endodontic treatment is needed.,root_canal_form,8
Patient broke tooth 27 yesterday and reports sharp pain.,emergency_form,3
Broken tooth 6 has poor prognosis and extraction is planned.,extraction_form,4
Patient has gum inflammation and periodontal assessment is required.,periodontal_form,7
Patient broke a crown while chewing and needs crown evaluation.,crown_bridge_form,2
Patient is due for regular hygiene cleaning appointment.,cleaning_form,0
Deep decay reached nerve of tooth 32; root canal therapy planned.,root_canal_form,8
Patient reports jaw pain and needs dental consultation.,consultation_form,1
Broken tooth 15 has poor prognosis and extraction is planned.,extraction_form,4
Patient has bite issue and may need orthodontic treatment.,orthodontic_form,6
Patient has severe dental pain and needs emergency appointment.,emergency_form,3
Patient has general tooth discomfort and requests dental evaluation.,consultation_form,1
"Bleeding gums observed, cleaning and oral hygiene instructions recommended.",cleaning_form,0
Tooth 6 cannot be restored and should be removed.,extraction_form,4
Patient requires root canal treatment on tooth 4 because of infection.,root_canal_form,8
"Dental exam showed tooth decay on tooth 22, restorative filling recommended.",filling_form,5
Abscess found near tooth 19; endodontic treatment is needed.,root_canal_form,8
Patient needs orthodontic consultation for crowded teeth.,orthodontic_form,6
"Dental exam showed tooth decay on tooth 12, restorative filling recommended.",filling_form,5
"Patient reports bad breath and plaque buildup, cleaning recommended.",cleaning_form,0
Deep decay reached nerve of tooth 8; root canal therapy planned.,root_canal_form,8
Tooth 7 cannot be restored and should be removed.,extraction_form,4
Patient broke tooth 24 yesterday and reports sharp pain.,emergency_form,3
Patient has plaque buildup and needs dental cleaning.,cleaning_form,0
Patient woke up with swollen face and severe mouth pain.,emergency_form,3
Patient requires root canal treatment on tooth 5 because of infection.,root_canal_form,8
Patient has cavity on tooth 11 and needs composite filling.,filling_form,5
"Dental exam showed tooth decay on tooth 7, restorative filling recommended.",filling_form,5
Patient broke tooth 16 yesterday and reports sharp pain.,emergency_form,3
Deep decay reached nerve of tooth 20; root canal therapy planned.,root_canal_form,8
Deep pockets and bleeding gums suggest periodontal disease.,periodontal_form,7
Patient is due for regular hygiene cleaning appointment.,cleaning_form,0
Large restoration on tooth 15 failed; crown treatment recommended.,crown_bridge_form,2
Patient broke a crown while chewing and needs crown evaluation.,crown_bridge_form,2
"Patient reports bad breath and plaque buildup, cleaning recommended.",cleaning_form,0
Patient needs orthodontic consultation for crowded teeth.,orthodontic_form,6
Patient cannot sleep because tooth 20 has constant pulsing pain.,root_canal_form,8
"Patient says food gets stuck in tooth 1, possible cavity requiring filling.",filling_form,5
Patient requires root canal treatment on tooth 3 because of infection.,root_canal_form,8
Patient has gum inflammation and periodontal assessment is required.,periodontal_form,7
"Patient reports bad breath and plaque buildup, cleaning recommended.",cleaning_form,0
Patient is due for regular hygiene cleaning appointment.,cleaning_form,0
Patient broke tooth 18 yesterday and reports sharp pain.,emergency_form,3
"Bleeding gums observed, cleaning and oral hygiene instructions recommended.",cleaning_form,0
Severe nerve pain in tooth 9; root canal treatment recommended.,root_canal_form,8
"Patient says food gets stuck in tooth 24, possible cavity requiring filling.",filling_form,5
Patient broke a crown while chewing and needs crown evaluation.,crown_bridge_form,2
Braces consultation requested due to misaligned teeth.,orthodontic_form,6
"Bleeding gums observed, cleaning and oral hygiene instructions recommended.",cleaning_form,0
Tooth 25 cannot be restored and should be removed.,extraction_form,4
Clear aligner assessment requested for teeth alignment.,orthodontic_form,6
Tooth 31 extraction is needed due to severe decay.,extraction_form,4
Patient has gum inflammation and periodontal assessment is required.,periodontal_form,7
Scaling and root planing recommended due to gum disease.,periodontal_form,7
Abscess found near tooth 32; endodontic treatment is needed.,root_canal_form,8
Patient broke a crown while chewing and needs crown evaluation.,crown_bridge_form,2
Patient broke tooth 17 yesterday and reports sharp pain.,emergency_form,3
Patient woke up with swollen face and severe mouth pain.,emergency_form,3
Broken tooth 2 has poor prognosis and extraction is planned.,extraction_form,4
Scaling and root planing recommended due to gum disease.,periodontal_form,7
Patient has severe dental pain and needs emergency appointment.,emergency_form,3
"Patient says food gets stuck in tooth 9, possible cavity requiring filling.",filling_form,5
Abscess found near tooth 18; endodontic treatment is needed.,root_canal_form,8
Patient broke a crown while chewing and needs crown evaluation.,crown_bridge_form,2
Patient has gum inflammation and periodontal assessment is required.,periodontal_form,7
"Patient says food gets stuck in tooth 16, possible cavity requiring filling.",filling_form,5
Patient has bite issue and may need orthodontic treatment.,orthodontic_form,6
Patient has gum inflammation and periodontal assessment is required.,periodontal_form,7
Patient reports jaw pain and needs dental consultation.,consultation_form,1
Patient has severe dental pain and needs emergency appointment.,emergency_form,3
Patient broke tooth 7 yesterday and reports sharp pain.,emergency_form,3
Clear aligner assessment requested for teeth alignment.,orthodontic_form,6
Patient has swelling and pain around tooth 8; extraction may be required.,extraction_form,4
Patient broke tooth 15 yesterday and reports sharp pain.,emergency_form,3
Patient came for general dental assessment and treatment planning.,consultation_form,1
"Dental exam showed tooth decay on tooth 29, restorative filling recommended.",filling_form,5
Tooth 9 cannot be restored and should be removed.,extraction_form,4
Patient has general tooth discomfort and requests dental evaluation.,consultation_form,1
Deep pockets and bleeding gums suggest periodontal disease.,periodontal_form,7
Patient requires root canal treatment on tooth 15 because of infection.,root_canal_form,8
Patient is due for regular hygiene cleaning appointment.,cleaning_form,0
Scaling and root planing recommended due to gum disease.,periodontal_form,7
Periodontal charting required because of bleeding and bone loss.,periodontal_form,7
Tooth 12 hurts when eating sweets and may need filling.,filling_form,5
Patient says teeth are shifting and wants orthodontic advice.,orthodontic_form,6
Patient needs crown placement on damaged tooth 9.,crown_bridge_form,2
"Patient reports bad breath and plaque buildup, cleaning recommended.",cleaning_form,0
Facial swelling and severe tooth pain require urgent dental care.,emergency_form,3
Patient woke up with swollen face and severe mouth pain.,emergency_form,3
Patient has bite issue and may need orthodontic treatment.,orthodontic_form,6
Broken tooth 12 has poor prognosis and extraction is planned.,extraction_form,4
Patient has swelling and pain around tooth 25; extraction may be required.,extraction_form,4
Abscess found near tooth 17; endodontic treatment is needed.,root_canal_form,8
Braces consultation requested due to misaligned teeth.,orthodontic_form,6
Consultation needed for ongoing mouth pain and sensitivity.,consultation_form,1
Scaling and root planing recommended due to gum disease.,periodontal_form,7
"Bleeding gums observed, cleaning and oral hygiene instructions recommended.",cleaning_form,0
Patient has general tooth discomfort and requests dental evaluation.,consultation_form,1
Patient has severe dental pain and needs emergency appointment.,emergency_form,3
"Patient reports bad breath and plaque buildup, cleaning recommended.",cleaning_form,0
"Patient reports loose teeth and gum recession, periodontal treatment needed.",periodontal_form,7
"Bleeding gums observed, cleaning and oral hygiene instructions recommended.",cleaning_form,0
Facial swelling and severe tooth pain require urgent dental care.,emergency_form,3
Patient has bite issue and may need orthodontic treatment.,orthodontic_form,6
"Patient reports loose teeth and gum recession, periodontal treatment needed.",periodontal_form,7
Broken tooth 25 has poor prognosis and extraction is planned.,extraction_form,4
"Dental exam showed tooth decay on tooth 11, restorative filling recommended.",filling_form,5
Patient has dental trauma after accident and needs emergency evaluation.,emergency_form,3
Clear aligner assessment requested for teeth alignment.,orthodontic_form,6
"Patient reports loose painful tooth 2, removal may be needed.",extraction_form,4
Clear aligner assessment requested for teeth alignment.,orthodontic_form,6
Facial swelling and severe tooth pain require urgent dental care.,emergency_form,3
"Patient reports loose painful tooth 21, removal may be needed.",extraction_form,4
Abscess found near tooth 25; endodontic treatment is needed.,root_canal_form,8
Bridge replacement required due to fractured dental restoration.,crown_bridge_form,2
Patient has gum inflammation and periodontal assessment is required.,periodontal_form,7
Patient has general tooth discomfort and requests dental evaluation.,consultation_form,1
"Patient reports bad breath and plaque buildup, cleaning recommended.",cleaning_form,0
Broken tooth 21 has poor prognosis and extraction is planned.,extraction_form,4
"Bleeding gums observed, cleaning and oral hygiene instructions recommended.",cleaning_form,0
Tooth 10 cannot be restored and should be removed.,extraction_form,4
Large restoration on tooth 9 failed; crown treatment recommended.,crown_bridge_form,2
Braces consultation requested due to misaligned teeth.,orthodontic_form,6
"Patient reports loose teeth and gum recession, periodontal treatment needed.",periodontal_form,7
Patient reports sensitivity to cold drinks and filling is needed on tooth 28.,filling_form,5
Clear aligner assessment requested for teeth alignment.,orthodontic_form,6
Bridge replacement required due to fractured dental restoration.,crown_bridge_form,2
Patient needs orthodontic consultation for crowded teeth.,orthodontic_form,6
Periodontal charting required because of bleeding and bone loss.,periodontal_form,7
Patient needs orthodontic consultation for crowded teeth.,orthodontic_form,6
Patient has bite issue and may need orthodontic treatment.,orthodontic_form,6
Patient reports jaw pain and needs dental consultation.,consultation_form,1
"Dental exam showed tooth decay on tooth 17, restorative filling recommended.",filling_form,5
Patient woke up with swollen face and severe mouth pain.,emergency_form,3
Abscess found near tooth 30; endodontic treatment is needed.,root_canal_form,8
Patient has severe dental pain and needs emergency appointment.,emergency_form,3
Severe nerve pain in tooth 7; root canal treatment recommended.,root_canal_form,8
Scaling and root planing recommended due to gum disease.,periodontal_form,7
Deep decay reached nerve of tooth 2; root canal therapy planned.,root_canal_form,8
"Patient reports loose teeth and gum recession, periodontal treatment needed.",periodontal_form,7
Tartar accumulation found during exam; dental cleaning is required.,cleaning_form,0
Tooth 29 extraction is needed due to severe decay.,extraction_form,4
"Dental exam showed tooth decay on tooth 29, restorative filling recommended.",filling_form,5
Scaling and root planing recommended due to gum disease.,periodontal_form,7
"Dental exam showed tooth decay on tooth 16, restorative filling recommended.",filling_form,5
Braces consultation requested due to misaligned teeth.,orthodontic_form,6
Tartar accumulation found during exam; dental cleaning is required.,cleaning_form,0
Old crown on tooth 3 is loose and needs replacement.,crown_bridge_form,2
Patient has swelling and pain around tooth 28; extraction may be required.,extraction_form,4
Scaling and root planing recommended due to gum disease.,periodontal_form,7
Facial swelling and severe tooth pain require urgent dental care.,emergency_form,3
"Patient reports bad breath and plaque buildup, cleaning recommended.",cleaning_form,0
Deep pockets and bleeding gums suggest periodontal disease.,periodontal_form,7
Broken tooth 8 has poor prognosis and extraction is planned.,extraction_form,4
Patient has plaque buildup and needs dental cleaning.,cleaning_form,0
Patient needs orthodontic consultation for crowded teeth.,orthodontic_form,6
Patient needs crown placement on damaged tooth 6.,crown_bridge_form,2
Abscess found near tooth 19; endodontic treatment is needed.,root_canal_form,8
Old crown on tooth 3 is loose and needs replacement.,crown_bridge_form,2
Tooth 27 hurts when eating sweets and may need filling.,filling_form,5
Tooth 16 hurts when eating sweets and may need filling.,filling_form,5
Patient cannot sleep because tooth 11 has constant pulsing pain.,root_canal_form,8
Patient has swelling and pain around tooth 24; extraction may be required.,extraction_form,4
Old crown on tooth 26 is loose and needs replacement.,crown_bridge_form,2
Clear aligner assessment requested for teeth alignment.,orthodontic_form,6
Patient has cavity on tooth 24 and needs composite filling.,filling_form,5
Consultation needed for ongoing mouth pain and sensitivity.,consultation_form,1
Patient has dental trauma after accident and needs emergency evaluation.,emergency_form,3
Deep decay reached nerve of tooth 1; root canal therapy planned.,root_canal_form,8
"Patient reports loose teeth and gum recession, periodontal treatment needed.",periodontal_form,7
Patient needs orthodontic consultation for crowded teeth.,orthodontic_form,6
Clear aligner assessment requested for teeth alignment.,orthodontic_form,6
Patient woke up with swollen face and severe mouth pain.,emergency_form,3
Patient requires root canal treatment on tooth 15 because of infection.,root_canal_form,8
Tartar accumulation found during exam; dental cleaning is required.,cleaning_form,0
Tooth 21 hurts when eating sweets and may need filling.,filling_form,5
Patient broke tooth 16 yesterday and reports sharp pain.,emergency_form,3
Tooth 15 extraction is needed due to severe decay.,extraction_form,4
Braces consultation requested due to misaligned teeth.,orthodontic_form,6
"Patient says food gets stuck in tooth 17, possible cavity requiring filling.",filling_form,5
Deep decay reached nerve of tooth 1; root canal therapy planned.,root_canal_form,8
"Patient reports bad breath and plaque buildup, cleaning recommended.",cleaning_form,0
Patient has gum inflammation and periodontal assessment is required.,periodontal_form,7
Facial swelling and severe tooth pain require urgent dental care.,emergency_form,3
Old crown on tooth 2 is loose and needs replacement.,crown_bridge_form,2
Patient has cavity on tooth 20 and needs composite filling.,filling_form,5
"Bleeding gums observed, cleaning and oral hygiene instructions recommended.",cleaning_form,0
Large restoration on tooth 20 failed; crown treatment recommended.,crown_bridge_form,2
Patient says teeth are shifting and wants orthodontic advice.,orthodontic_form,6
Broken tooth 20 has poor prognosis and extraction is planned.,extraction_form,4
Braces consultation requested due to misaligned teeth.,orthodontic_form,6
Patient is due for regular hygiene cleaning appointment.,cleaning_form,0
Consultation needed for ongoing mouth pain and sensitivity.,consultation_form,1
Braces consultation requested due to misaligned teeth.,orthodontic_form,6
"Patient says food gets stuck in tooth 6, possible cavity requiring filling.",filling_form,5
Tooth 23 extraction is needed due to severe decay.,extraction_form,4
Patient has general tooth discomfort and requests dental evaluation.,consultation_form,1
Patient broke a crown while chewing and needs crown evaluation.,crown_bridge_form,2
"Patient reports loose teeth and gum recession, periodontal treatment needed.",periodontal_form,7
Patient came for general dental assessment and treatment planning.,consultation_form,1
Patient broke tooth 21 yesterday and reports sharp pain.,emergency_form,3
Braces consultation requested due to misaligned teeth.,orthodontic_form,6
Consultation needed for ongoing mouth pain and sensitivity.,consultation_form,1
Patient woke up with swollen face and severe mouth pain.,emergency_form,3
Patient reports jaw pain and needs dental consultation.,consultation_form,1
Deep pockets and bleeding gums suggest periodontal disease.,periodontal_form,7
Bridge replacement required due to fractured dental restoration.,crown_bridge_form,2
Patient woke up with swollen face and severe mouth pain.,emergency_form,3
"Patient reports loose painful tooth 25, removal may be needed.",extraction_form,4
"Bleeding gums observed, cleaning and oral hygiene instructions recommended.",cleaning_form,0
Patient has bite issue and may need orthodontic treatment.,orthodontic_form,6
Patient says teeth are shifting and wants orthodontic advice.,orthodontic_form,6
Patient has dental trauma after accident and needs emergency evaluation.,emergency_form,3
Abscess found near tooth 30; endodontic treatment is needed.,root_canal_form,8
Patient has severe dental pain and needs emergency appointment.,emergency_form,3
Deep pockets and bleeding gums suggest periodontal disease.,periodontal_form,7
Patient broke a crown while chewing and needs crown evaluation.,crown_bridge_form,2
Periodontal charting required because of bleeding and bone loss.,periodontal_form,7
Deep pockets and bleeding gums suggest periodontal disease.,periodontal_form,7
Facial swelling and severe tooth pain require urgent dental care.,emergency_form,3
Tooth 16 cannot be restored and should be removed.,extraction_form,4
Severe nerve pain in tooth 4; root canal treatment recommended.,root_canal_form,8
Patient has dental trauma after accident and needs emergency evaluation.,emergency_form,3
Braces consultation requested due to misaligned teeth.,orthodontic_form,6
Patient woke up with swollen face and severe mouth pain.,emergency_form,3
Broken tooth 12 has poor prognosis and extraction is planned.,extraction_form,4
Patient has severe dental pain and needs emergency appointment.,emergency_form,3
Old crown on tooth 22 is loose and needs replacement.,crown_bridge_form,2
Patient has severe dental pain and needs emergency appointment.,emergency_form,3
Patient broke a crown while chewing and needs crown evaluation.,crown_bridge_form,2
"Patient reports loose teeth and gum recession, periodontal treatment needed.",periodontal_form,7
Bridge replacement required due to fractured dental restoration.,crown_bridge_form,2
Patient cannot sleep because tooth 6 has constant pulsing pain.,root_canal_form,8
Deep pockets and bleeding gums suggest periodontal disease.,periodontal_form,7
Patient broke tooth 20 yesterday and reports sharp pain.,emergency_form,3
Patient broke tooth 22 yesterday and reports sharp pain.,emergency_form,3
Patient cannot sleep because tooth 5 has constant pulsing pain.,root_canal_form,8
"Patient reports loose painful tooth 26, removal may be needed.",extraction_form,4
Patient reports sensitivity to cold drinks and filling is needed on tooth 4.,filling_form,5
Tartar accumulation found during exam; dental cleaning is required.,cleaning_form,0
Patient broke tooth 32 yesterday and reports sharp pain.,emergency_form,3
"Patient reports bad breath and plaque buildup, cleaning recommended.",cleaning_form,0
Patient needs orthodontic consultation for crowded teeth.,orthodontic_form,6
"Patient reports loose painful tooth 14, removal may be needed.",extraction_form,4
"Patient reports loose teeth and gum recession, periodontal treatment needed.",periodontal_form,7
Patient says teeth are shifting and wants orthodontic advice.,orthodontic_form,6
Tartar accumulation found during exam; dental cleaning is required.,cleaning_form,0
"Patient reports bad breath and plaque buildup, cleaning recommended.",cleaning_form,0
Patient has gum inflammation and periodontal assessment is required.,periodontal_form,7
"Patient says food gets stuck in tooth 21, possible cavity requiring filling.",filling_form,5
Severe nerve pain in tooth 27; root canal treatment recommended.,root_canal_form,8
Abscess found near tooth 4; endodontic treatment is needed.,root_canal_form,8
Facial swelling and severe tooth pain require urgent dental care.,emergency_form,3
Deep pockets and bleeding gums suggest periodontal disease.,periodontal_form,7
Broken tooth 11 has poor prognosis and extraction is planned.,extraction_form,4
Patient needs crown placement on damaged tooth 10.,crown_bridge_form,2
"Patient reports loose teeth and gum recession, periodontal treatment needed.",periodontal_form,7
"Dental exam showed tooth decay on tooth 1, restorative filling recommended.",filling_form,5
Patient has cavity on tooth 19 and needs composite filling.,filling_form,5
Bridge replacement required due to fractured dental restoration.,crown_bridge_form,2
Patient cannot sleep because tooth 31 has constant pulsing pain.,root_canal_form,8
Patient has bite issue and may need orthodontic treatment.,orthodontic_form,6
"Patient reports loose teeth and gum recession, periodontal treatment needed.",periodontal_form,7
Tooth 2 cannot be restored and should be removed.,extraction_form,4
Patient woke up with swollen face and severe mouth pain.,emergency_form,3
Patient needs orthodontic consultation for crowded teeth.,orthodontic_form,6
Patient has dental trauma after accident and needs emergency evaluation.,emergency_form,3
Patient needs orthodontic consultation for crowded teeth.,orthodontic_form,6
Patient is due for regular hygiene cleaning appointment.,cleaning_form,0
"Patient reports bad breath and plaque buildup, cleaning recommended.",cleaning_form,0
Clear aligner assessment requested for teeth alignment.,orthodontic_form,6
Deep decay reached nerve of tooth 23; root canal therapy planned.,root_canal_form,8
Patient is due for regular hygiene cleaning appointment.,cleaning_form,0
Patient reports jaw pain and needs dental consultation.,consultation_form,1
Patient needs orthodontic consultation for crowded teeth.,orthodontic_form,6
Patient is due for regular hygiene cleaning appointment.,cleaning_form,0
Patient needs crown placement on damaged tooth 24.,crown_bridge_form,2
Patient has cavity on tooth 10 and needs composite filling.,filling_form,5
Deep decay reached nerve of tooth 8; root canal therapy planned.,root_canal_form,8
Patient woke up with swollen face and severe mouth pain.,emergency_form,3
Tooth 9 hurts when eating sweets and may need filling.,filling_form,5
Patient has general tooth discomfort and requests dental evaluation.,consultation_form,1
Patient says teeth are shifting and wants orthodontic advice.,orthodontic_form,6
Patient has general tooth discomfort and requests dental evaluation.,consultation_form,1
"Patient reports bad breath and plaque buildup, cleaning recommended.",cleaning_form,0
Patient has severe dental pain and needs emergency appointment.,emergency_form,3
"Patient reports bad breath and plaque buildup, cleaning recommended.",cleaning_form,0
"Dental exam showed tooth decay on tooth 15, restorative filling recommended.",filling_form,5
Abscess found near tooth 22; endodontic treatment is needed.,root_canal_form,8
Patient requires root canal treatment on tooth 11 because of infection.,root_canal_form,8
Patient says teeth are shifting and wants orthodontic advice.,orthodontic_form,6
Patient reports sensitivity to cold drinks and filling is needed on tooth 10.,filling_form,5
Patient has general tooth discomfort and requests dental evaluation.,consultation_form,1
Tartar accumulation found during exam; dental cleaning is required.,cleaning_form,0
"Patient reports loose painful tooth 9, removal may be needed.",extraction_form,4
Patient reports jaw pain and needs dental consultation.,consultation_form,1
Braces consultation requested due to misaligned teeth.,orthodontic_form,6
Patient came for general dental assessment and treatment planning.,consultation_form,1
Braces consultation requested due to misaligned teeth.,orthodontic_form,6
Clear aligner assessment requested for teeth alignment.,orthodontic_form,6
Old crown on tooth 18 is loose and needs replacement.,crown_bridge_form,2
Patient has swelling and pain around tooth 6; extraction may be required.,extraction_form,4
Tooth 14 cannot be restored and should be removed.,extraction_form,4
Bridge replacement required due to fractured dental restoration.,crown_bridge_form,2
Patient cannot sleep because tooth 4 has constant pulsing pain.,root_canal_form,8
Tooth 24 hurts when eating sweets and may need filling.,filling_form,5
Tooth 30 extraction is needed due to severe decay.,extraction_form,4
"Bleeding gums observed, cleaning and oral hygiene instructions recommended.",cleaning_form,0
Patient is unsure which tooth hurts and needs examination.,consultation_form,1
"Dental exam showed tooth decay on tooth 3, restorative filling recommended.",filling_form,5
"Patient reports bad breath and plaque buildup, cleaning recommended.",cleaning_form,0
"Patient reports loose painful tooth 2, removal may be needed.",extraction_form,4
Patient broke a crown while chewing and needs crown evaluation.,crown_bridge_form,2
Patient is due for regular hygiene cleaning appointment.,cleaning_form,0
Patient reports sensitivity to cold drinks and filling is needed on tooth 14.,filling_form,5
Tartar accumulation found during exam; dental cleaning is required.,cleaning_form,0
Patient says teeth are shifting and wants orthodontic advice.,orthodontic_form,6
Deep pockets and bleeding gums suggest periodontal disease.,periodontal_form,7
Deep pockets and bleeding gums suggest periodontal disease.,periodontal_form,7
Patient has bite issue and may need orthodontic treatment.,orthodontic_form,6
Patient requires root canal treatment on tooth 19 because of infection.,root_canal_form,8
"Patient reports loose painful tooth 18, removal may be needed.",extraction_form,4
Patient has plaque buildup and needs dental cleaning.,cleaning_form,0
"Patient reports bad breath and plaque buildup, cleaning recommended.",cleaning_form,0
Deep decay reached nerve of tooth 19; root canal therapy planned.,root_canal_form,8
Patient is due for regular hygiene cleaning appointment.,cleaning_form,0
Tooth 3 cannot be restored and should be removed.,extraction_form,4
Patient is due for regular hygiene cleaning appointment.,cleaning_form,0
Broken tooth 31 has poor prognosis and extraction is planned.,extraction_form,4
Scaling and root planing recommended due to gum disease.,periodontal_form,7
Patient came for general dental assessment and treatment planning.,consultation_form,1
Old crown on tooth 29 is loose and needs replacement.,crown_bridge_form,2
Patient cannot sleep because tooth 1 has constant pulsing pain.,root_canal_form,8
Broken tooth 27 has poor prognosis and extraction is planned.,extraction_form,4
Abscess found near tooth 30; endodontic treatment is needed.,root_canal_form,8
Deep pockets and bleeding gums suggest periodontal disease.,periodontal_form,7
"Patient says food gets stuck in tooth 10, possible cavity requiring filling.",filling_form,5
Patient has swelling and pain around tooth 23; extraction may be required.,extraction_form,4
"Patient reports loose teeth and gum recession, periodontal treatment needed.",periodontal_form,7
Facial swelling and severe tooth pain require urgent dental care.,emergency_form,3
"Patient reports bad breath and plaque buildup, cleaning recommended.",cleaning_form,0
Patient has general tooth discomfort and requests dental evaluation.,consultation_form,1
Patient has bite issue and may need orthodontic treatment.,orthodontic_form,6
Tooth 20 extraction is needed due to severe decay.,extraction_form,4
Patient is due for regular hygiene cleaning appointment.,cleaning_form,0
Patient has dental trauma after accident and needs emergency evaluation.,emergency_form,3
Deep decay reached nerve of tooth 27; root canal therapy planned.,root_canal_form,8
"Patient reports bad breath and plaque buildup, cleaning recommended.",cleaning_form,0
Bridge replacement required due to fractured dental restoration.,crown_bridge_form,2
"Bleeding gums observed, cleaning and oral hygiene instructions recommended.",cleaning_form,0
Tartar accumulation found during exam; dental cleaning is required.,cleaning_form,0
Patient has severe dental pain and needs emergency appointment.,emergency_form,3
Patient needs orthodontic consultation for crowded teeth.,orthodontic_form,6
Tooth 4 extraction is needed due to severe decay.,extraction_form,4
Patient has dental trauma after accident and needs emergency evaluation.,emergency_form,3
Patient has swelling and pain around tooth 25; extraction may be required.,extraction_form,4
Patient broke tooth 32 yesterday and reports sharp pain.,emergency_form,3
"Patient reports loose teeth and gum recession, periodontal treatment needed.",periodontal_form,7
"Patient says food gets stuck in tooth 15, possible cavity requiring filling.",filling_form,5
Patient needs orthodontic consultation for crowded teeth.,orthodontic_form,6
Patient has plaque buildup and needs dental cleaning.,cleaning_form,0
Patient needs orthodontic consultation for crowded teeth.,orthodontic_form,6
Patient has dental trauma after accident and needs emergency evaluation.,emergency_form,3
"Patient reports bad breath and plaque buildup, cleaning recommended.",cleaning_form,0
Patient has bite issue and may need orthodontic treatment.,orthodontic_form,6
Patient is due for regular hygiene cleaning appointment.,cleaning_form,0
Patient requires root canal treatment on tooth 7 because of infection.,root_canal_form,8
"Patient says food gets stuck in tooth 6, possible cavity requiring filling.",filling_form,5
Patient reports sensitivity to cold drinks and filling is needed on tooth 22.,filling_form,5
Patient cannot sleep because tooth 27 has constant pulsing pain.,root_canal_form,8
Broken tooth 15 has poor prognosis and extraction is planned.,extraction_form,4
"Patient says food gets stuck in tooth 23, possible cavity requiring filling.",filling_form,5
"Patient says food gets stuck in tooth 20, possible cavity requiring filling.",filling_form,5
Patient needs orthodontic consultation for crowded teeth.,orthodontic_form,6
"Patient says food gets stuck in tooth 27, possible cavity requiring filling.",filling_form,5
Patient has cavity on tooth 8 and needs composite filling.,filling_form,5
Deep decay reached nerve of tooth 26; root canal therapy planned.,root_canal_form,8
Patient reports jaw pain and needs dental consultation.,consultation_form,1
Patient reports sensitivity to cold drinks and filling is needed on tooth 32.,filling_form,5
Clear aligner assessment requested for teeth alignment.,orthodontic_form,6
Patient needs orthodontic consultation for crowded teeth.,orthodontic_form,6
Patient broke a crown while chewing and needs crown evaluation.,crown_bridge_form,2
Patient has dental trauma after accident and needs emergency evaluation.,emergency_form,3
Patient cannot sleep because tooth 5 has constant pulsing pain.,root_canal_form,8
Patient requires root canal treatment on tooth 30 because of infection.,root_canal_form,8
Large restoration on tooth 7 failed; crown treatment recommended.,crown_bridge_form,2
Periodontal charting required because of bleeding and bone loss.,periodontal_form,7
Patient needs orthodontic consultation for crowded teeth.,orthodontic_form,6
Patient broke a crown while chewing and needs crown evaluation.,crown_bridge_form,2
Patient requires root canal treatment on tooth 30 because of infection.,root_canal_form,8
Tooth 20 extraction is needed due to severe decay.,extraction_form,4
Clear aligner assessment requested for teeth alignment.,orthodontic_form,6
"Dental exam showed tooth decay on tooth 19, restorative filling recommended.",filling_form,5
"Dental exam showed tooth decay on tooth 3, restorative filling recommended.",filling_form,5
Patient is due for regular hygiene cleaning appointment.,cleaning_form,0
Patient has gum inflammation and periodontal assessment is required.,periodontal_form,7
Facial swelling and severe tooth pain require urgent dental care.,emergency_form,3
Patient came for general dental assessment and treatment planning.,consultation_form,1
Braces consultation requested due to misaligned teeth.,orthodontic_form,6
Patient has general tooth discomfort and requests dental evaluation.,consultation_form,1
Patient reports sensitivity to cold drinks and filling is needed on tooth 10.,filling_form,5
Large restoration on tooth 17 failed; crown treatment recommended.,crown_bridge_form,2
Patient has cavity on tooth 5 and needs composite filling.,filling_form,5
Patient woke up with swollen face and severe mouth pain.,emergency_form,3
Consultation needed for ongoing mouth pain and sensitivity.,consultation_form,1
Patient broke tooth 30 yesterday and reports sharp pain.,emergency_form,3
"Patient reports bad breath and plaque buildup, cleaning recommended.",cleaning_form,0
Patient has general tooth discomfort and requests dental evaluation.,consultation_form,1
Patient woke up with swollen face and severe mouth pain.,emergency_form,3
Braces consultation requested due to misaligned teeth.,orthodontic_form,6
Bridge replacement required due to fractured dental restoration.,crown_bridge_form,2
Deep pockets and bleeding gums suggest periodontal disease.,periodontal_form,7
Tartar accumulation found during exam; dental cleaning is required.,cleaning_form,0
Facial swelling and severe tooth pain require urgent dental care.,emergency_form,3
"Patient reports bad breath and plaque buildup, cleaning recommended.",cleaning_form,0
Patient broke a crown while chewing and needs crown evaluation.,crown_bridge_form,2
Patient reports sensitivity to cold drinks and filling is needed on tooth 16.,filling_form,5
"Patient reports loose painful tooth 32, removal may be needed.",extraction_form,4
Severe nerve pain in tooth 32; root canal treatment recommended.,root_canal_form,8
Patient reports sensitivity to cold drinks and filling is needed on tooth 4.,filling_form,5
Patient woke up with swollen face and severe mouth pain.,emergency_form,3
Periodontal charting required because of bleeding and bone loss.,periodontal_form,7
Patient needs orthodontic consultation for crowded teeth.,orthodontic_form,6
Patient has bite issue and may need orthodontic treatment.,orthodontic_form,6
Patient broke tooth 29 yesterday and reports sharp pain.,emergency_form,3
"Patient reports loose painful tooth 9, removal may be needed.",extraction_form,4
Patient needs crown placement on damaged tooth 28.,crown_bridge_form,2
Tartar accumulation found during exam; dental cleaning is required.,cleaning_form,0
Patient has bite issue and may need orthodontic treatment.,orthodontic_form,6
Tooth 12 cannot be restored and should be removed.,extraction_form,4
"Bleeding gums observed, cleaning and oral hygiene instructions recommended.",cleaning_form,0
Patient broke tooth 31 yesterday and reports sharp pain.,emergency_form,3
Patient broke tooth 23 yesterday and reports sharp pain.,emergency_form,3
Bridge replacement required due to fractured dental restoration.,crown_bridge_form,2
"Bleeding gums observed, cleaning and oral hygiene instructions recommended.",cleaning_form,0
Deep pockets and bleeding gums suggest periodontal disease.,periodontal_form,7
Patient broke tooth 12 yesterday and reports sharp pain.,emergency_form,3
Tooth 30 cannot be restored and should be removed.,extraction_form,4
Consultation needed for ongoing mouth pain and sensitivity.,consultation_form,1
Patient has dental trauma after accident and needs emergency evaluation.,emergency_form,3
Patient requires root canal treatment on tooth 29 because of infection.,root_canal_form,8
Patient requires root canal treatment on tooth 28 because of infection.,root_canal_form,8
"Patient reports bad breath and plaque buildup, cleaning recommended.",cleaning_form,0
Patient broke tooth 4 yesterday and reports sharp pain.,emergency_form,3
Patient needs crown placement on damaged tooth 26.,crown_bridge_form,2
Patient needs crown placement on damaged tooth 13.,crown_bridge_form,2
Patient has bite issue and may need orthodontic treatment.,orthodontic_form,6
Patient requires root canal treatment on tooth 5 because of infection.,root_canal_form,8
Broken tooth 20 has poor prognosis and extraction is planned.,extraction_form,4
Patient is due for regular hygiene cleaning appointment.,cleaning_form,0
"Patient reports bad breath and plaque buildup, cleaning recommended.",cleaning_form,0
Patient needs crown placement on damaged tooth 22.,crown_bridge_form,2
Patient woke up with swollen face and severe mouth pain.,emergency_form,3
Broken tooth 20 has poor prognosis and extraction is planned.,extraction_form,4
Bridge replacement required due to fractured dental restoration.,crown_bridge_form,2
Tooth 9 extraction is needed due to severe decay.,extraction_form,4
Patient needs orthodontic consultation for crowded teeth.,orthodontic_form,6
Patient has cavity on tooth 8 and needs composite filling.,filling_form,5
"Patient says food gets stuck in tooth 8, possible cavity requiring filling.",filling_form,5
Patient cannot sleep because tooth 26 has constant pulsing pain.,root_canal_form,8
Severe nerve pain in tooth 12; root canal treatment recommended.,root_canal_form,8
Patient has general tooth discomfort and requests dental evaluation.,consultation_form,1
Periodontal charting required because of bleeding and bone loss.,periodontal_form,7
Patient has swelling and pain around tooth 4; extraction may be required.,extraction_form,4
Patient reports sensitivity to cold drinks and filling is needed on tooth 12.,filling_form,5
Patient woke up with swollen face and severe mouth pain.,emergency_form,3
Patient has severe dental pain and needs emergency appointment.,emergency_form,3
Deep decay reached nerve of tooth 25; root canal therapy planned.,root_canal_form,8
"Dental exam showed tooth decay on tooth 32, restorative filling recommended.",filling_form,5
Facial swelling and severe tooth pain require urgent dental care.,emergency_form,3
Scaling and root planing recommended due to gum disease.,periodontal_form,7
Patient woke up with swollen face and severe mouth pain.,emergency_form,3
Bridge replacement required due to fractured dental restoration.,crown_bridge_form,2
Tooth 19 hurts when eating sweets and may need filling.,filling_form,5
"Patient reports loose painful tooth 31, removal may be needed.",extraction_form,4
Severe nerve pain in tooth 5; root canal treatment recommended.,root_canal_form,8
Patient reports jaw pain and needs dental consultation.,consultation_form,1
Deep pockets and bleeding gums suggest periodontal disease.,periodontal_form,7
Patient reports sensitivity to cold drinks and filling is needed on tooth 7.,filling_form,5
Scaling and root planing recommended due to gum disease.,periodontal_form,7
Patient has dental trauma after accident and needs emergency evaluation.,emergency_form,3
Facial swelling and severe tooth pain require urgent dental care.,emergency_form,3
Patient needs crown placement on damaged tooth 30.,crown_bridge_form,2
Patient needs crown placement on damaged tooth 28.,crown_bridge_form,2
Patient is unsure which tooth hurts and needs examination.,consultation_form,1
Abscess found near tooth 32; endodontic treatment is needed.,root_canal_form,8
Patient needs crown placement on damaged tooth 27.,crown_bridge_form,2
Braces consultation requested due to misaligned teeth.,orthodontic_form,6
Consultation needed for ongoing mouth pain and sensitivity.,consultation_form,1
Patient requires root canal treatment on tooth 4 because of infection.,root_canal_form,8
Patient is due for regular hygiene cleaning appointment.,cleaning_form,0
Patient is unsure which tooth hurts and needs examination.,consultation_form,1
Patient broke tooth 9 yesterday and reports sharp pain.,emergency_form,3
Patient has cavity on tooth 6 and needs composite filling.,filling_form,5
Old crown on tooth 30 is loose and needs replacement.,crown_bridge_form,2
Tooth 9 extraction is needed due to severe decay.,extraction_form,4
Patient has general tooth discomfort and requests dental evaluation.,consultation_form,1
Patient has severe dental pain and needs emergency appointment.,emergency_form,3
Patient reports sensitivity to cold drinks and filling is needed on tooth 22.,filling_form,5
Consultation needed for ongoing mouth pain and sensitivity.,consultation_form,1
Patient has severe dental pain and needs emergency appointment.,emergency_form,3
Scaling and root planing recommended due to gum disease.,periodontal_form,7
"Patient reports bad breath and plaque buildup, cleaning recommended.",cleaning_form,0
Scaling and root planing recommended due to gum disease.,periodontal_form,7
Patient has general tooth discomfort and requests dental evaluation.,consultation_form,1
Clear aligner assessment requested for teeth alignment.,orthodontic_form,6
Abscess found near tooth 5; endodontic treatment is needed.,root_canal_form,8
Bridge replacement required due to fractured dental restoration.,crown_bridge_form,2
Patient cannot sleep because tooth 17 has constant pulsing pain.,root_canal_form,8
Tooth 29 cannot be restored and should be removed.,extraction_form,4
Facial swelling and severe tooth pain require urgent dental care.,emergency_form,3
Tooth 11 cannot be restored and should be removed.,extraction_form,4
Patient woke up with swollen face and severe mouth pain.,emergency_form,3
Patient has cavity on tooth 32 and needs composite filling.,filling_form,5
Patient cannot sleep because tooth 16 has constant pulsing pain.,root_canal_form,8
Patient came for general dental assessment and treatment planning.,consultation_form,1
Patient has plaque buildup and needs dental cleaning.,cleaning_form,0
Patient requires root canal treatment on tooth 18 because of infection.,root_canal_form,8
"Bleeding gums observed, cleaning and oral hygiene instructions recommended.",cleaning_form,0
Severe nerve pain in tooth 15; root canal treatment recommended.,root_canal_form,8
Patient is due for regular hygiene cleaning appointment.,cleaning_form,0
Severe nerve pain in tooth 32; root canal treatment recommended.,root_canal_form,8
Severe nerve pain in tooth 3; root canal treatment recommended.,root_canal_form,8
Broken tooth 2 has poor prognosis and extraction is planned.,extraction_form,4
Patient has dental trauma after accident and needs emergency evaluation.,emergency_form,3
Severe nerve pain in tooth 7; root canal treatment recommended.,root_canal_form,8
Clear aligner assessment requested for teeth alignment.,orthodontic_form,6
Facial swelling and severe tooth pain require urgent dental care.,emergency_form,3
Facial swelling and severe tooth pain require urgent dental care.,emergency_form,3
Patient has dental trauma after accident and needs emergency evaluation.,emergency_form,3
Tooth 26 cannot be restored and should be removed.,extraction_form,4
Consultation needed for ongoing mouth pain and sensitivity.,consultation_form,1
Patient reports sensitivity to cold drinks and filling is needed on tooth 29.,filling_form,5
"Patient reports bad breath and plaque buildup, cleaning recommended.",cleaning_form,0
Clear aligner assessment requested for teeth alignment.,orthodontic_form,6
Bridge replacement required due to fractured dental restoration.,crown_bridge_form,2
Patient says teeth are shifting and wants orthodontic advice.,orthodontic_form,6
Patient requires root canal treatment on tooth 32 because of infection.,root_canal_form,8
Patient says teeth are shifting and wants orthodontic advice.,orthodontic_form,6
Patient needs crown placement on damaged tooth 1.,crown_bridge_form,2
Patient cannot sleep because tooth 24 has constant pulsing pain.,root_canal_form,8
Broken tooth 2 has poor prognosis and extraction is planned.,extraction_form,4
Severe nerve pain in tooth 31; root canal treatment recommended.,root_canal_form,8
Patient broke tooth 1 yesterday and reports sharp pain.,emergency_form,3
"Patient reports loose painful tooth 31, removal may be needed.",extraction_form,4
Clear aligner assessment requested for teeth alignment.,orthodontic_form,6
Deep pockets and bleeding gums suggest periodontal disease.,periodontal_form,7
Patient woke up with swollen face and severe mouth pain.,emergency_form,3
Deep decay reached nerve of tooth 31; root canal therapy planned.,root_canal_form,8
Patient needs orthodontic consultation for crowded teeth.,orthodontic_form,6
Patient has swelling and pain around tooth 32; extraction may be required.,extraction_form,4
Tooth 16 extraction is needed due to severe decay.,extraction_form,4
"Patient reports loose painful tooth 7, removal may be needed.",extraction_form,4
Patient needs crown placement on damaged tooth 28.,crown_bridge_form,2
"Dental exam showed tooth decay on tooth 25, restorative filling recommended.",filling_form,5
Patient has general tooth discomfort and requests dental evaluation.,consultation_form,1
Deep pockets and bleeding gums suggest periodontal disease.,periodontal_form,7
Abscess found near tooth 1; endodontic treatment is needed.,root_canal_form,8
Patient has dental trauma after accident and needs emergency evaluation.,emergency_form,3
Patient has bite issue and may need orthodontic treatment.,orthodontic_form,6
Tartar accumulation found during exam; dental cleaning is required.,cleaning_form,0
Bridge replacement required due to fractured dental restoration.,crown_bridge_form,2
Patient has dental trauma after accident and needs emergency evaluation.,emergency_form,3
Old crown on tooth 5 is loose and needs replacement.,crown_bridge_form,2
Tooth 23 extraction is needed due to severe decay.,extraction_form,4
"Patient reports loose painful tooth 9, removal may be needed.",extraction_form,4
Periodontal charting required because of bleeding and bone loss.,periodontal_form,7
Old crown on tooth 26 is loose and needs replacement.,crown_bridge_form,2
Tooth 15 extraction is needed due to severe decay.,extraction_form,4
Patient has general tooth discomfort and requests dental evaluation.,consultation_form,1
Broken tooth 14 has poor prognosis and extraction is planned.,extraction_form,4
Broken tooth 23 has poor prognosis and extraction is planned.,extraction_form,4
Patient has swelling and pain around tooth 6; extraction may be required.,extraction_form,4
Patient has cavity on tooth 15 and needs composite filling.,filling_form,5
"Patient reports loose painful tooth 7, removal may be needed.",extraction_form,4
Tooth 3 extraction is needed due to severe decay.,extraction_form,4
Patient broke tooth 15 yesterday and reports sharp pain.,emergency_form,3
Old crown on tooth 23 is loose and needs replacement.,crown_bridge_form,2
"Patient reports bad breath and plaque buildup, cleaning recommended.",cleaning_form,0
Patient needs orthodontic consultation for crowded teeth.,orthodontic_form,6
Patient reports jaw pain and needs dental consultation.,consultation_form,1
Patient is unsure which tooth hurts and needs examination.,consultation_form,1
Tooth 30 hurts when eating sweets and may need filling.,filling_form,5
Consultation needed for ongoing mouth pain and sensitivity.,consultation_form,1
Tartar accumulation found during exam; dental cleaning is required.,cleaning_form,0
Patient requires root canal treatment on tooth 32 because of infection.,root_canal_form,8
Old crown on tooth 31 is loose and needs replacement.,crown_bridge_form,2
Patient broke tooth 19 yesterday and reports sharp pain.,emergency_form,3
Patient needs crown placement on damaged tooth 13.,crown_bridge_form,2
Patient reports jaw pain and needs dental consultation.,consultation_form,1
Clear aligner assessment requested for teeth alignment.,orthodontic_form,6
Old crown on tooth 23 is loose and needs replacement.,crown_bridge_form,2
Broken tooth 19 has poor prognosis and extraction is planned.,extraction_form,4
Deep pockets and bleeding gums suggest periodontal disease.,periodontal_form,7
Facial swelling and severe tooth pain require urgent dental care.,emergency_form,3
Patient broke a crown while chewing and needs crown evaluation.,crown_bridge_form,2
Periodontal charting required because of bleeding and bone loss.,periodontal_form,7
Old crown on tooth 6 is loose and needs replacement.,crown_bridge_form,2
Patient broke tooth 3 yesterday and reports sharp pain.,emergency_form,3
Patient is due for regular hygiene cleaning appointment.,cleaning_form,0
Patient needs orthodontic consultation for crowded teeth.,orthodontic_form,6
Bridge replacement required due to fractured dental restoration.,crown_bridge_form,2
"Patient reports loose teeth and gum recession, periodontal treatment needed.",periodontal_form,7
Tooth 13 cannot be restored and should be removed.,extraction_form,4
Tooth 27 cannot be restored and should be removed.,extraction_form,4
"Patient says food gets stuck in tooth 3, possible cavity requiring filling.",filling_form,5
Abscess found near tooth 26; endodontic treatment is needed.,root_canal_form,8
"Patient reports loose teeth and gum recession, periodontal treatment needed.",periodontal_form,7
Patient cannot sleep because tooth 26 has constant pulsing pain.,root_canal_form,8
"Patient reports bad breath and plaque buildup, cleaning recommended.",cleaning_form,0
"Patient reports loose teeth and gum recession, periodontal treatment needed.",periodontal_form,7
Facial swelling and severe tooth pain require urgent dental care.,emergency_form,3
Abscess found near tooth 10; endodontic treatment is needed.,root_canal_form,8
Periodontal charting required because of bleeding and bone loss.,periodontal_form,7
Deep decay reached nerve of tooth 5; root canal therapy planned.,root_canal_form,8
Deep pockets and bleeding gums suggest periodontal disease.,periodontal_form,7
Scaling and root planing recommended due to gum disease.,periodontal_form,7
Patient reports sensitivity to cold drinks and filling is needed on tooth 31.,filling_form,5
Tooth 21 cannot be restored and should be removed.,extraction_form,4
"Patient reports bad breath and plaque buildup, cleaning recommended.",cleaning_form,0
Abscess found near tooth 16; endodontic treatment is needed.,root_canal_form,8
Clear aligner assessment requested for teeth alignment.,orthodontic_form,6
Patient woke up with swollen face and severe mouth pain.,emergency_form,3
Abscess found near tooth 32; endodontic treatment is needed.,root_canal_form,8
Patient needs crown placement on damaged tooth 18.,crown_bridge_form,2
Tartar accumulation found during exam; dental cleaning is required.,cleaning_form,0
"Dental exam showed tooth decay on tooth 5, restorative filling recommended.",filling_form,5
Broken tooth 27 has poor prognosis and extraction is planned.,extraction_form,4
Patient is unsure which tooth hurts and needs examination.,consultation_form,1
Patient has swelling and pain around tooth 23; extraction may be required.,extraction_form,4
Patient has gum inflammation and periodontal assessment is required.,periodontal_form,7
Patient cannot sleep because tooth 17 has constant pulsing pain.,root_canal_form,8
"Patient reports bad breath and plaque buildup, cleaning recommended.",cleaning_form,0
Patient came for general dental assessment and treatment planning.,consultation_form,1
Patient says teeth are shifting and wants orthodontic advice.,orthodontic_form,6
Periodontal charting required because of bleeding and bone loss.,periodontal_form,7
Patient is unsure which tooth hurts and needs examination.,consultation_form,1
Deep decay reached nerve of tooth 25; root canal therapy planned.,root_canal_form,8
Tooth 16 extraction is needed due to severe decay.,extraction_form,4
Braces consultation requested due to misaligned teeth.,orthodontic_form,6
"Patient reports bad breath and plaque buildup, cleaning recommended.",cleaning_form,0
Patient needs crown placement on damaged tooth 22.,crown_bridge_form,2
Patient woke up with swollen face and severe mouth pain.,emergency_form,3
"Patient says food gets stuck in tooth 27, possible cavity requiring filling.",filling_form,5
"Bleeding gums observed, cleaning and oral hygiene instructions recommended.",cleaning_form,0
"Patient reports bad breath and plaque buildup, cleaning recommended.",cleaning_form,0
Large restoration on tooth 22 failed; crown treatment recommended.,crown_bridge_form,2
Clear aligner assessment requested for teeth alignment.,orthodontic_form,6
"Bleeding gums observed, cleaning and oral hygiene instructions recommended.",cleaning_form,0
Abscess found near tooth 11; endodontic treatment is needed.,root_canal_form,8
Tooth 31 cannot be restored and should be removed.,extraction_form,4
Patient is due for regular hygiene cleaning appointment.,cleaning_form,0
Patient reports jaw pain and needs dental consultation.,consultation_form,1
Patient is unsure which tooth hurts and needs examination.,consultation_form,1
Facial swelling and severe tooth pain require urgent dental care.,emergency_form,3
Severe nerve pain in tooth 2; root canal treatment recommended.,root_canal_form,8
"Patient reports loose teeth and gum recession, periodontal treatment needed.",periodontal_form,7
"Patient reports loose teeth and gum recession, periodontal treatment needed.",periodontal_form,7
Abscess found near tooth 1; endodontic treatment is needed.,root_canal_form,8
Large restoration on tooth 17 failed; crown treatment recommended.,crown_bridge_form,2
"Patient reports bad breath and plaque buildup, cleaning recommended.",cleaning_form,0
Large restoration on tooth 24 failed; crown treatment recommended.,crown_bridge_form,2
Tooth 6 extraction is needed due to severe decay.,extraction_form,4
Scaling and root planing recommended due to gum disease.,periodontal_form,7
"Patient reports loose teeth and gum recession, periodontal treatment needed.",periodontal_form,7
Severe nerve pain in tooth 27; root canal treatment recommended.,root_canal_form,8
Patient has dental trauma after accident and needs emergency evaluation.,emergency_form,3
Patient cannot sleep because tooth 10 has constant pulsing pain.,root_canal_form,8
Patient has cavity on tooth 9 and needs composite filling.,filling_form,5
Large restoration on tooth 10 failed; crown treatment recommended.,crown_bridge_form,2
Patient has gum inflammation and periodontal assessment is required.,periodontal_form,7
Patient broke tooth 22 yesterday and reports sharp pain.,emergency_form,3
Patient broke a crown while chewing and needs crown evaluation.,crown_bridge_form,2
Patient broke a crown while chewing and needs crown evaluation.,crown_bridge_form,2
Bridge replacement required due to fractured dental restoration.,crown_bridge_form,2
Consultation needed for ongoing mouth pain and sensitivity.,consultation_form,1
Patient has cavity on tooth 32 and needs composite filling.,filling_form,5
"Bleeding gums observed, cleaning and oral hygiene instructions recommended.",cleaning_form,0
Broken tooth 14 has poor prognosis and extraction is planned.,extraction_form,4
Braces consultation requested due to misaligned teeth.,orthodontic_form,6
Patient is unsure which tooth hurts and needs examination.,consultation_form,1
Patient says teeth are shifting and wants orthodontic advice.,orthodontic_form,6
Patient reports jaw pain and needs dental consultation.,consultation_form,1
Tartar accumulation found during exam; dental cleaning is required.,cleaning_form,0
Severe nerve pain in tooth 18; root canal treatment recommended.,root_canal_form,8
"Patient reports loose painful tooth 31, removal may be needed.",extraction_form,4
Tartar accumulation found during exam; dental cleaning is required.,cleaning_form,0
"Patient says food gets stuck in tooth 8, possible cavity requiring filling.",filling_form,5
Deep decay reached nerve of tooth 2; root canal therapy planned.,root_canal_form,8
Abscess found near tooth 5; endodontic treatment is needed.,root_canal_form,8
Patient needs crown placement on damaged tooth 7.,crown_bridge_form,2
"Patient reports loose teeth and gum recession, periodontal treatment needed.",periodontal_form,7
Patient is due for regular hygiene cleaning appointment.,cleaning_form,0
"Patient reports loose painful tooth 23, removal may be needed.",extraction_form,4
Patient woke up with swollen face and severe mouth pain.,emergency_form,3
"Bleeding gums observed, cleaning and oral hygiene instructions recommended.",cleaning_form,0
Patient broke a crown while chewing and needs crown evaluation.,crown_bridge_form,2
Patient is due for regular hygiene cleaning appointment.,cleaning_form,0
Patient reports sensitivity to cold drinks and filling is needed on tooth 25.,filling_form,5
Broken tooth 27 has poor prognosis and extraction is planned.,extraction_form,4
Patient reports sensitivity to cold drinks and filling is needed on tooth 16.,filling_form,5
Deep decay reached nerve of tooth 9; root canal therapy planned.,root_canal_form,8
Severe nerve pain in tooth 17; root canal treatment recommended.,root_canal_form,8
Old crown on tooth 9 is loose and needs replacement.,crown_bridge_form,2
Periodontal charting required because of bleeding and bone loss.,periodontal_form,7
"Dental exam showed tooth decay on tooth 4, restorative filling recommended.",filling_form,5
Tartar accumulation found during exam; dental cleaning is required.,cleaning_form,0
"Patient says food gets stuck in tooth 21, possible cavity requiring filling.",filling_form,5
Tooth 20 hurts when eating sweets and may need filling.,filling_form,5
Patient is due for regular hygiene cleaning appointment.,cleaning_form,0
Large restoration on tooth 8 failed; crown treatment recommended.,crown_bridge_form,2
Old crown on tooth 25 is loose and needs replacement.,crown_bridge_form,2
Large restoration on tooth 6 failed; crown treatment recommended.,crown_bridge_form,2
Patient is unsure which tooth hurts and needs examination.,consultation_form,1
Patient is due for regular hygiene cleaning appointment.,cleaning_form,0
Broken tooth 3 has poor prognosis and extraction is planned.,extraction_form,4
"Patient says food gets stuck in tooth 5, possible cavity requiring filling.",filling_form,5
Periodontal charting required because of bleeding and bone loss.,periodontal_form,7
"Patient says food gets stuck in tooth 19, possible cavity requiring filling.",filling_form,5
Clear aligner assessment requested for teeth alignment.,orthodontic_form,6
Patient has plaque buildup and needs dental cleaning.,cleaning_form,0
Patient says teeth are shifting and wants orthodontic advice.,orthodontic_form,6
Tartar accumulation found during exam; dental cleaning is required.,cleaning_form,0
Patient has cavity on tooth 23 and needs composite filling.,filling_form,5
Patient broke tooth 2 yesterday and reports sharp pain.,emergency_form,3
Patient has plaque buildup and needs dental cleaning.,cleaning_form,0
Patient came for general dental assessment and treatment planning.,consultation_form,1
Patient has severe dental pain and needs emergency appointment.,emergency_form,3
Patient needs orthodontic consultation for crowded teeth.,orthodontic_form,6
Facial swelling and severe tooth pain require urgent dental care.,emergency_form,3
Bridge replacement required due to fractured dental restoration.,crown_bridge_form,2
Patient broke tooth 15 yesterday and reports sharp pain.,emergency_form,3
Patient is unsure which tooth hurts and needs examination.,consultation_form,1
Patient needs crown placement on damaged tooth 12.,crown_bridge_form,2
Old crown on tooth 15 is loose and needs replacement.,crown_bridge_form,2
Patient came for general dental assessment and treatment planning.,consultation_form,1
Patient needs orthodontic consultation for crowded teeth.,orthodontic_form,6
Tooth 28 extraction is needed due to severe decay.,extraction_form,4
"Patient reports bad breath and plaque buildup, cleaning recommended.",cleaning_form,0
Periodontal charting required because of bleeding and bone loss.,periodontal_form,7
Deep pockets and bleeding gums suggest periodontal disease.,periodontal_form,7
Scaling and root planing recommended due to gum disease.,periodontal_form,7
"Patient reports loose teeth and gum recession, periodontal treatment needed.",periodontal_form,7
"Patient reports loose teeth and gum recession, periodontal treatment needed.",periodontal_form,7
Braces consultation requested due to misaligned teeth.,orthodontic_form,6
Patient broke tooth 31 yesterday and reports sharp pain.,emergency_form,3
"Dental exam showed tooth decay on tooth 10, restorative filling recommended.",filling_form,5
Patient broke a crown while chewing and needs crown evaluation.,crown_bridge_form,2
Patient broke a crown while chewing and needs crown evaluation.,crown_bridge_form,2
Patient came for general dental assessment and treatment planning.,consultation_form,1
Severe nerve pain in tooth 29; root canal treatment recommended.,root_canal_form,8
Severe nerve pain in tooth 25; root canal treatment recommended.,root_canal_form,8
Scaling and root planing recommended due to gum disease.,periodontal_form,7
Consultation needed for ongoing mouth pain and sensitivity.,consultation_form,1
Patient needs crown placement on damaged tooth 28.,crown_bridge_form,2
Patient is unsure which tooth hurts and needs examination.,consultation_form,1
"Bleeding gums observed, cleaning and oral hygiene instructions recommended.",cleaning_form,0
Facial swelling and severe tooth pain require urgent dental care.,emergency_form,3
Abscess found near tooth 9; endodontic treatment is needed.,root_canal_form,8
Patient reports sensitivity to cold drinks and filling is needed on tooth 28.,filling_form,5
Patient requires root canal treatment on tooth 19 because of infection.,root_canal_form,8
Patient has plaque buildup and needs dental cleaning.,cleaning_form,0
Consultation needed for ongoing mouth pain and sensitivity.,consultation_form,1
Patient has gum inflammation and periodontal assessment is required.,periodontal_form,7
Tartar accumulation found during exam; dental cleaning is required.,cleaning_form,0
Patient has swelling and pain around tooth 4; extraction may be required.,extraction_form,4
"Dental exam showed tooth decay on tooth 6, restorative filling recommended.",filling_form,5
"Patient says food gets stuck in tooth 21, possible cavity requiring filling.",filling_form,5
Clear aligner assessment requested for teeth alignment.,orthodontic_form,6
Patient came for general dental assessment and treatment planning.,consultation_form,1
Clear aligner assessment requested for teeth alignment.,orthodontic_form,6
Patient has bite issue and may need orthodontic treatment.,orthodontic_form,6
Patient is due for regular hygiene cleaning appointment.,cleaning_form,0
"Bleeding gums observed, cleaning and oral hygiene instructions recommended.",cleaning_form,0
Patient broke tooth 16 yesterday and reports sharp pain.,emergency_form,3
Patient has swelling and pain around tooth 19; extraction may be required.,extraction_form,4
Braces consultation requested due to misaligned teeth.,orthodontic_form,6
Periodontal charting required because of bleeding and bone loss.,periodontal_form,7
Severe nerve pain in tooth 4; root canal treatment recommended.,root_canal_form,8
Patient requires root canal treatment on tooth 16 because of infection.,root_canal_form,8
Patient has cavity on tooth 20 and needs composite filling.,filling_form,5
"Patient reports loose teeth and gum recession, periodontal treatment needed.",periodontal_form,7
"Patient reports bad breath and plaque buildup, cleaning recommended.",cleaning_form,0
Abscess found near tooth 13; endodontic treatment is needed.,root_canal_form,8
Patient has cavity on tooth 32 and needs composite filling.,filling_form,5
Patient needs orthodontic consultation for crowded teeth.,orthodontic_form,6
Patient has dental trauma after accident and needs emergency evaluation.,emergency_form,3
"Patient says food gets stuck in tooth 27, possible cavity requiring filling.",filling_form,5
"Dental exam showed tooth decay on tooth 29, restorative filling recommended.",filling_form,5
Patient reports sensitivity to cold drinks and filling is needed on tooth 9.,filling_form,5
"Bleeding gums observed, cleaning and oral hygiene instructions recommended.",cleaning_form,0
Clear aligner assessment requested for teeth alignment.,orthodontic_form,6
Abscess found near tooth 21; endodontic treatment is needed.,root_canal_form,8
Patient reports jaw pain and needs dental consultation.,consultation_form,1
Scaling and root planing recommended due to gum disease.,periodontal_form,7
Patient has severe dental pain and needs emergency appointment.,emergency_form,3
Bridge replacement required due to fractured dental restoration.,crown_bridge_form,2
Tooth 2 cannot be restored and should be removed.,extraction_form,4
Facial swelling and severe tooth pain require urgent dental care.,emergency_form,3
Tartar accumulation found during exam; dental cleaning is required.,cleaning_form,0
Patient broke tooth 11 yesterday and reports sharp pain.,emergency_form,3
Patient has gum inflammation and periodontal assessment is required.,periodontal_form,7
Patient has gum inflammation and periodontal assessment is required.,periodontal_form,7
Patient has cavity on tooth 3 and needs composite filling.,filling_form,5
Large restoration on tooth 26 failed; crown treatment recommended.,crown_bridge_form,2
Large restoration on tooth 15 failed; crown treatment recommended.,crown_bridge_form,2
Tooth 18 cannot be restored and should be removed.,extraction_form,4
Consultation needed for ongoing mouth pain and sensitivity.,consultation_form,1
Scaling and root planing recommended due to gum disease.,periodontal_form,7
"Bleeding gums observed, cleaning and oral hygiene instructions recommended.",cleaning_form,0
Patient broke tooth 6 yesterday and reports sharp pain.,emergency_form,3
Patient broke a crown while chewing and needs crown evaluation.,crown_bridge_form,2
Braces consultation requested due to misaligned teeth.,orthodontic_form,6
"Patient reports bad breath and plaque buildup, cleaning recommended.",cleaning_form,0
Scaling and root planing recommended due to gum disease.,periodontal_form,7
Tartar accumulation found during exam; dental cleaning is required.,cleaning_form,0
Patient reports jaw pain and needs dental consultation.,consultation_form,1
Patient requires root canal treatment on tooth 1 because of infection.,root_canal_form,8
Patient needs orthodontic consultation for crowded teeth.,orthodontic_form,6
Patient has swelling and pain around tooth 10; extraction may be required.,extraction_form,4
"Patient reports loose painful tooth 26, removal may be needed.",extraction_form,4
Patient woke up with swollen face and severe mouth pain.,emergency_form,3
Patient needs crown placement on damaged tooth 27.,crown_bridge_form,2
Patient woke up with swollen face and severe mouth pain.,emergency_form,3
Patient has plaque buildup and needs dental cleaning.,cleaning_form,0
Patient has severe dental pain and needs emergency appointment.,emergency_form,3
Severe nerve pain in tooth 28; root canal treatment recommended.,root_canal_form,8
Broken tooth 28 has poor prognosis and extraction is planned.,extraction_form,4
"Patient says food gets stuck in tooth 19, possible cavity requiring filling.",filling_form,5
Patient reports sensitivity to cold drinks and filling is needed on tooth 16.,filling_form,5
Patient requires root canal treatment on tooth 4 because of infection.,root_canal_form,8
Patient came for general dental assessment and treatment planning.,consultation_form,1
Patient reports sensitivity to cold drinks and filling is needed on tooth 22.,filling_form,5
Old crown on tooth 16 is loose and needs replacement.,crown_bridge_form,2
Old crown on tooth 18 is loose and needs replacement.,crown_bridge_form,2
Patient has cavity on tooth 10 and needs composite filling.,filling_form,5
Patient has bite issue and may need orthodontic treatment.,orthodontic_form,6
Tooth 14 hurts when eating sweets and may need filling.,filling_form,5
Patient needs orthodontic consultation for crowded teeth.,orthodontic_form,6
Patient has general tooth discomfort and requests dental evaluation.,consultation_form,1
Patient says teeth are shifting and wants orthodontic advice.,orthodontic_form,6
Patient needs crown placement on damaged tooth 24.,crown_bridge_form,2
Patient reports sensitivity to cold drinks and filling is needed on tooth 6.,filling_form,5
Patient has dental trauma after accident and needs emergency evaluation.,emergency_form,3
Bridge replacement required due to fractured dental restoration.,crown_bridge_form,2
Consultation needed for ongoing mouth pain and sensitivity.,consultation_form,1
Severe nerve pain in tooth 12; root canal treatment recommended.,root_canal_form,8
Patient has cavity on tooth 29 and needs composite filling.,filling_form,5
Patient needs crown placement on damaged tooth 6.,crown_bridge_form,2
Patient reports jaw pain and needs dental consultation.,consultation_form,1
Broken tooth 10 has poor prognosis and extraction is planned.,extraction_form,4
Patient has swelling and pain around tooth 13; extraction may be required.,extraction_form,4
Braces consultation requested due to misaligned teeth.,orthodontic_form,6
Deep pockets and bleeding gums suggest periodontal disease.,periodontal_form,7
Patient has dental trauma after accident and needs emergency evaluation.,emergency_form,3
Consultation needed for ongoing mouth pain and sensitivity.,consultation_form,1
"Patient reports loose teeth and gum recession, periodontal treatment needed.",periodontal_form,7
"Patient reports bad breath and plaque buildup, cleaning recommended.",cleaning_form,0
Patient has gum inflammation and periodontal assessment is required.,periodontal_form,7
Patient is unsure which tooth hurts and needs examination.,consultation_form,1
Broken tooth 17 has poor prognosis and extraction is planned.,extraction_form,4
Patient needs crown placement on damaged tooth 2.,crown_bridge_form,2
Patient came for general dental assessment and treatment planning.,consultation_form,1
Bridge replacement required due to fractured dental restoration.,crown_bridge_form,2
Patient has cavity on tooth 32 and needs composite filling.,filling_form,5
Patient has general tooth discomfort and requests dental evaluation.,consultation_form,1
"Bleeding gums observed, cleaning and oral hygiene instructions recommended.",cleaning_form,0
Patient broke tooth 8 yesterday and reports sharp pain.,emergency_form,3
Patient broke tooth 7 yesterday and reports sharp pain.,emergency_form,3
Facial swelling and severe tooth pain require urgent dental care.,emergency_form,3
"Patient reports loose painful tooth 7, removal may be needed.",extraction_form,4
Deep pockets and bleeding gums suggest periodontal disease.,periodontal_form,7
Patient reports jaw pain and needs dental consultation.,consultation_form,1
Broken tooth 19 has poor prognosis and extraction is planned.,extraction_form,4
"Bleeding gums observed, cleaning and oral hygiene instructions recommended.",cleaning_form,0
Large restoration on tooth 28 failed; crown treatment recommended.,crown_bridge_form,2
Large restoration on tooth 13 failed; crown treatment recommended.,crown_bridge_form,2
"Patient reports loose teeth and gum recession, periodontal treatment needed.",periodontal_form,7
Patient needs orthodontic consultation for crowded teeth.,orthodontic_form,6
Clear aligner assessment requested for teeth alignment.,orthodontic_form,6
Large restoration on tooth 11 failed; crown treatment recommended.,crown_bridge_form,2
Scaling and root planing recommended due to gum disease.,periodontal_form,7
Bridge replacement required due to fractured dental restoration.,crown_bridge_form,2
Tartar accumulation found during exam; dental cleaning is required.,cleaning_form,0
"Patient says food gets stuck in tooth 8, possible cavity requiring filling.",filling_form,5
"Patient says food gets stuck in tooth 13, possible cavity requiring filling.",filling_form,5
Patient needs orthodontic consultation for crowded teeth.,orthodontic_form,6
Patient has dental trauma after accident and needs emergency evaluation.,emergency_form,3
Tartar accumulation found during exam; dental cleaning is required.,cleaning_form,0
"Patient says food gets stuck in tooth 27, possible cavity requiring filling.",filling_form,5
Patient is due for regular hygiene cleaning appointment.,cleaning_form,0
Facial swelling and severe tooth pain require urgent dental care.,emergency_form,3
Old crown on tooth 16 is loose and needs replacement.,crown_bridge_form,2
Patient cannot sleep because tooth 1 has constant pulsing pain.,root_canal_form,8
Scaling and root planing recommended due to gum disease.,periodontal_form,7
Patient has general tooth discomfort and requests dental evaluation.,consultation_form,1
Patient requires root canal treatment on tooth 29 because of infection.,root_canal_form,8
Severe nerve pain in tooth 21; root canal treatment recommended.,root_canal_form,8
Periodontal charting required because of bleeding and bone loss.,periodontal_form,7
Abscess found near tooth 6; endodontic treatment is needed.,root_canal_form,8
Patient reports jaw pain and needs dental consultation.,consultation_form,1
Broken tooth 3 has poor prognosis and extraction is planned.,extraction_form,4
Patient needs orthodontic consultation for crowded teeth.,orthodontic_form,6
Patient needs crown placement on damaged tooth 26.,crown_bridge_form,2
Patient broke tooth 15 yesterday and reports sharp pain.,emergency_form,3
Severe nerve pain in tooth 29; root canal treatment recommended.,root_canal_form,8
"Patient reports loose teeth and gum recession, periodontal treatment needed.",periodontal_form,7
Patient cannot sleep because tooth 32 has constant pulsing pain.,root_canal_form,8
Patient woke up with swollen face and severe mouth pain.,emergency_form,3
Periodontal charting required because of bleeding and bone loss.,periodontal_form,7
Patient says teeth are shifting and wants orthodontic advice.,orthodontic_form,6
Patient has cavity on tooth 27 and needs composite filling.,filling_form,5
Abscess found near tooth 18; endodontic treatment is needed.,root_canal_form,8
Patient is due for regular hygiene cleaning appointment.,cleaning_form,0
Patient requires root canal treatment on tooth 27 because of infection.,root_canal_form,8
Broken tooth 25 has poor prognosis and extraction is planned.,extraction_form,4
Patient is due for regular hygiene cleaning appointment.,cleaning_form,0
Patient woke up with swollen face and severe mouth pain.,emergency_form,3
"Dental exam showed tooth decay on tooth 30, restorative filling recommended.",filling_form,5
"Patient reports loose teeth and gum recession, periodontal treatment needed.",periodontal_form,7
"Patient says food gets stuck in tooth 10, possible cavity requiring filling.",filling_form,5
Patient has cavity on tooth 4 and needs composite filling.,filling_form,5
Patient needs orthodontic consultation for crowded teeth.,orthodontic_form,6
"Dental exam showed tooth decay on tooth 3, restorative filling recommended.",filling_form,5
Patient requires root canal treatment on tooth 17 because of infection.,root_canal_form,8
Patient has dental trauma after accident and needs emergency evaluation.,emergency_form,3
Old crown on tooth 32 is loose and needs replacement.,crown_bridge_form,2
Patient has dental trauma after accident and needs emergency evaluation.,emergency_form,3
Tartar accumulation found during exam; dental cleaning is required.,cleaning_form,0
Patient has severe dental pain and needs emergency appointment.,emergency_form,3
Severe nerve pain in tooth 29; root canal treatment recommended.,root_canal_form,8
Tartar accumulation found during exam; dental cleaning is required.,cleaning_form,0
Patient reports jaw pain and needs dental consultation.,consultation_form,1
"Bleeding gums observed, cleaning and oral hygiene instructions recommended.",cleaning_form,0
Broken tooth 2 has poor prognosis and extraction is planned.,extraction_form,4
Abscess found near tooth 28; endodontic treatment is needed.,root_canal_form,8
Severe nerve pain in tooth 29; root canal treatment recommended.,root_canal_form,8
Patient broke a crown while chewing and needs crown evaluation.,crown_bridge_form,2
Bridge replacement required due to fractured dental restoration.,crown_bridge_form,2
Patient is due for regular hygiene cleaning appointment.,cleaning_form,0
Patient needs orthodontic consultation for crowded teeth.,orthodontic_form,6
Large restoration on tooth 14 failed; crown treatment recommended.,crown_bridge_form,2
Patient has swelling and pain around tooth 11; extraction may be required.,extraction_form,4
"Bleeding gums observed, cleaning and oral hygiene instructions recommended.",cleaning_form,0
"Bleeding gums observed, cleaning and oral hygiene instructions recommended.",cleaning_form,0
Old crown on tooth 18 is loose and needs replacement.,crown_bridge_form,2
Patient has dental trauma after accident and needs emergency evaluation.,emergency_form,3
Braces consultation requested due to misaligned teeth.,orthodontic_form,6
Tooth 5 cannot be restored and should be removed.,extraction_form,4
"Patient says food gets stuck in tooth 2, possible cavity requiring filling.",filling_form,5
Patient broke a crown while chewing and needs crown evaluation.,crown_bridge_form,2
Braces consultation requested due to misaligned teeth.,orthodontic_form,6
Severe nerve pain in tooth 29; root canal treatment recommended.,root_canal_form,8
Severe nerve pain in tooth 7; root canal treatment recommended.,root_canal_form,8
Patient is unsure which tooth hurts and needs examination.,consultation_form,1
Scaling and root planing recommended due to gum disease.,periodontal_form,7
Patient requires root canal treatment on tooth 19 because of infection.,root_canal_form,8
Patient has swelling and pain around tooth 24; extraction may be required.,extraction_form,4
Abscess found near tooth 27; endodontic treatment is needed.,root_canal_form,8
Patient has dental trauma after accident and needs emergency evaluation.,emergency_form,3
Patient needs orthodontic consultation for crowded teeth.,orthodontic_form,6
Old crown on tooth 26 is loose and needs replacement.,crown_bridge_form,2
Patient is unsure which tooth hurts and needs examination.,consultation_form,1
Tooth 25 cannot be restored and should be removed.,extraction_form,4
Severe nerve pain in tooth 28; root canal treatment recommended.,root_canal_form,8
Tooth 11 cannot be restored and should be removed.,extraction_form,4
Patient has plaque buildup and needs dental cleaning.,cleaning_form,0
Abscess found near tooth 20; endodontic treatment is needed.,root_canal_form,8
Patient woke up with swollen face and severe mouth pain.,emergency_form,3
"Patient says food gets stuck in tooth 8, possible cavity requiring filling.",filling_form,5
"Patient reports loose painful tooth 28, removal may be needed.",extraction_form,4
Bridge replacement required due to fractured dental restoration.,crown_bridge_form,2
Patient has swelling and pain around tooth 28; extraction may be required.,extraction_form,4
Scaling and root planing recommended due to gum disease.,periodontal_form,7
"Bleeding gums observed, cleaning and oral hygiene instructions recommended.",cleaning_form,0
Tooth 22 hurts when eating sweets and may need filling.,filling_form,5
Abscess found near tooth 1; endodontic treatment is needed.,root_canal_form,8
Tooth 30 hurts when eating sweets and may need filling.,filling_form,5
Patient has bite issue and may need orthodontic treatment.,orthodontic_form,6
Severe nerve pain in tooth 3; root canal treatment recommended.,root_canal_form,8
Patient has plaque buildup and needs dental cleaning.,cleaning_form,0
Patient has gum inflammation and periodontal assessment is required.,periodontal_form,7
Patient cannot sleep because tooth 8 has constant pulsing pain.,root_canal_form,8
Deep pockets and bleeding gums suggest periodontal disease.,periodontal_form,7
Tartar accumulation found during exam; dental cleaning is required.,cleaning_form,0
Patient is unsure which tooth hurts and needs examination.,consultation_form,1
Patient broke a crown while chewing and needs crown evaluation.,crown_bridge_form,2
Tooth 24 cannot be restored and should be removed.,extraction_form,4
"Dental exam showed tooth decay on tooth 30, restorative filling recommended.",filling_form,5
Bridge replacement required due to fractured dental restoration.,crown_bridge_form,2
Bridge replacement required due to fractured dental restoration.,crown_bridge_form,2
Patient has bite issue and may need orthodontic treatment.,orthodontic_form,6
Periodontal charting required because of bleeding and bone loss.,periodontal_form,7
Patient has general tooth discomfort and requests dental evaluation.,consultation_form,1
"Patient reports bad breath and plaque buildup, cleaning recommended.",cleaning_form,0
Tooth 19 cannot be restored and should be removed.,extraction_form,4
Abscess found near tooth 13; endodontic treatment is needed.,root_canal_form,8
Tartar accumulation found during exam; dental cleaning is required.,cleaning_form,0
Deep pockets and bleeding gums suggest periodontal disease.,periodontal_form,7
"Patient says food gets stuck in tooth 32, possible cavity requiring filling.",filling_form,5
"Patient reports loose painful tooth 13, removal may be needed.",extraction_form,4
Patient says teeth are shifting and wants orthodontic advice.,orthodontic_form,6
Deep pockets and bleeding gums suggest periodontal disease.,periodontal_form,7
Patient has gum inflammation and periodontal assessment is required.,periodontal_form,7
Patient is unsure which tooth hurts and needs examination.,consultation_form,1
Clear aligner assessment requested for teeth alignment.,orthodontic_form,6
Patient needs crown placement on damaged tooth 18.,crown_bridge_form,2
Patient reports jaw pain and needs dental consultation.,consultation_form,1
Patient has severe dental pain and needs emergency appointment.,emergency_form,3
Large restoration on tooth 5 failed; crown treatment recommended.,crown_bridge_form,2
Patient needs orthodontic consultation for crowded teeth.,orthodontic_form,6
Patient is unsure which tooth hurts and needs examination.,consultation_form,1
Deep decay reached nerve of tooth 6; root canal therapy planned.,root_canal_form,8
Tooth 21 hurts when eating sweets and may need filling.,filling_form,5
Patient has plaque buildup and needs dental cleaning.,cleaning_form,0
Old crown on tooth 28 is loose and needs replacement.,crown_bridge_form,2
"Dental exam showed tooth decay on tooth 26, restorative filling recommended.",filling_form,5
Clear aligner assessment requested for teeth alignment.,orthodontic_form,6
Patient has cavity on tooth 16 and needs composite filling.,filling_form,5
Patient has gum inflammation and periodontal assessment is required.,periodontal_form,7
Tooth 21 hurts when eating sweets and may need filling.,filling_form,5
Severe nerve pain in tooth 29; root canal treatment recommended.,root_canal_form,8
"Patient says food gets stuck in tooth 27, possible cavity requiring filling.",filling_form,5
Patient has severe dental pain and needs emergency appointment.,emergency_form,3
Patient requires root canal treatment on tooth 31 because of infection.,root_canal_form,8
Severe nerve pain in tooth 27; root canal treatment recommended.,root_canal_form,8
Patient has plaque buildup and needs dental cleaning.,cleaning_form,0
Deep pockets and bleeding gums suggest periodontal disease.,periodontal_form,7
Patient reports sensitivity to cold drinks and filling is needed on tooth 26.,filling_form,5
Patient has gum inflammation and periodontal assessment is required.,periodontal_form,7
Abscess found near tooth 2; endodontic treatment is needed.,root_canal_form,8
Large restoration on tooth 21 failed; crown treatment recommended.,crown_bridge_form,2
Patient broke tooth 27 yesterday and reports sharp pain.,emergency_form,3
Patient is due for regular hygiene cleaning appointment.,cleaning_form,0
Severe nerve pain in tooth 32; root canal treatment recommended.,root_canal_form,8
Deep pockets and bleeding gums suggest periodontal disease.,periodontal_form,7
Braces consultation requested due to misaligned teeth.,orthodontic_form,6
Patient has severe dental pain and needs emergency appointment.,emergency_form,3
Abscess found near tooth 23; endodontic treatment is needed.,root_canal_form,8
Old crown on tooth 2 is loose and needs replacement.,crown_bridge_form,2
Patient has bite issue and may need orthodontic treatment.,orthodontic_form,6
Braces consultation requested due to misaligned teeth.,orthodontic_form,6
Patient broke tooth 18 yesterday and reports sharp pain.,emergency_form,3
"Patient says food gets stuck in tooth 19, possible cavity requiring filling.",filling_form,5
Patient broke tooth 29 yesterday and reports sharp pain.,emergency_form,3
Patient broke tooth 19 yesterday and reports sharp pain.,emergency_form,3
Braces consultation requested due to misaligned teeth.,orthodontic_form,6
Patient has dental trauma after accident and needs emergency evaluation.,emergency_form,3
Patient has plaque buildup and needs dental cleaning.,cleaning_form,0
Patient has gum inflammation and periodontal assessment is required.,periodontal_form,7
Patient has severe dental pain and needs emergency appointment.,emergency_form,3
Consultation needed for ongoing mouth pain and sensitivity.,consultation_form,1
Patient has dental trauma after accident and needs emergency evaluation.,emergency_form,3
"Bleeding gums observed, cleaning and oral hygiene instructions recommended.",cleaning_form,0
Patient has cavity on tooth 26 and needs composite filling.,filling_form,5
"Patient reports bad breath and plaque buildup, cleaning recommended.",cleaning_form,0
"Patient reports bad breath and plaque buildup, cleaning recommended.",cleaning_form,0
Patient has severe dental pain and needs emergency appointment.,emergency_form,3
Patient has gum inflammation and periodontal assessment is required.,periodontal_form,7
Deep pockets and bleeding gums suggest periodontal disease.,periodontal_form,7
Patient is due for regular hygiene cleaning appointment.,cleaning_form,0
Patient has gum inflammation and periodontal assessment is required.,periodontal_form,7
Patient needs crown placement on damaged tooth 17.,crown_bridge_form,2
Old crown on tooth 27 is loose and needs replacement.,crown_bridge_form,2
"Patient reports loose teeth and gum recession, periodontal treatment needed.",periodontal_form,7
Patient requires root canal treatment on tooth 24 because of infection.,root_canal_form,8
Patient is due for regular hygiene cleaning appointment.,cleaning_form,0
Patient needs crown placement on damaged tooth 6.,crown_bridge_form,2
Patient has swelling and pain around tooth 7; extraction may be required.,extraction_form,4
Patient has plaque buildup and needs dental cleaning.,cleaning_form,0
Patient reports jaw pain and needs dental consultation.,consultation_form,1
Patient has severe dental pain and needs emergency appointment.,emergency_form,3
Clear aligner assessment requested for teeth alignment.,orthodontic_form,6
Large restoration on tooth 26 failed; crown treatment recommended.,crown_bridge_form,2
Patient woke up with swollen face and severe mouth pain.,emergency_form,3
Consultation needed for ongoing mouth pain and sensitivity.,consultation_form,1
Clear aligner assessment requested for teeth alignment.,orthodontic_form,6
Patient has dental trauma after accident and needs emergency evaluation.,emergency_form,3
Patient requires root canal treatment on tooth 26 because of infection.,root_canal_form,8
Patient has general tooth discomfort and requests dental evaluation.,consultation_form,1
Patient has gum inflammation and periodontal assessment is required.,periodontal_form,7
"Patient reports bad breath and plaque buildup, cleaning recommended.",cleaning_form,0
Patient is due for regular hygiene cleaning appointment.,cleaning_form,0
Braces consultation requested due to misaligned teeth.,orthodontic_form,6
Deep pockets and bleeding gums suggest periodontal disease.,periodontal_form,7
Tooth 29 extraction is needed due to severe decay.,extraction_form,4
Patient reports jaw pain and needs dental consultation.,consultation_form,1
Patient says teeth are shifting and wants orthodontic advice.,orthodontic_form,6
Braces consultation requested due to misaligned teeth.,orthodontic_form,6
"Patient says food gets stuck in tooth 21, possible cavity requiring filling.",filling_form,5
Facial swelling and severe tooth pain require urgent dental care.,emergency_form,3
Broken tooth 26 has poor prognosis and extraction is planned.,extraction_form,4
Tartar accumulation found during exam; dental cleaning is required.,cleaning_form,0
Broken tooth 9 has poor prognosis and extraction is planned.,extraction_form,4
Broken tooth 27 has poor prognosis and extraction is planned.,extraction_form,4
Patient woke up with swollen face and severe mouth pain.,emergency_form,3
Clear aligner assessment requested for teeth alignment.,orthodontic_form,6
Patient has general tooth discomfort and requests dental evaluation.,consultation_form,1
Patient broke a crown while chewing and needs crown evaluation.,crown_bridge_form,2
Patient requires root canal treatment on tooth 9 because of infection.,root_canal_form,8
Patient broke a crown while chewing and needs crown evaluation.,crown_bridge_form,2
Patient needs crown placement on damaged tooth 12.,crown_bridge_form,2
"Patient reports loose painful tooth 9, removal may be needed.",extraction_form,4
Patient broke tooth 32 yesterday and reports sharp pain.,emergency_form,3
Patient has cavity on tooth 30 and needs composite filling.,filling_form,5
Broken tooth 3 has poor prognosis and extraction is planned.,extraction_form,4
"Patient reports bad breath and plaque buildup, cleaning recommended.",cleaning_form,0
Patient has gum inflammation and periodontal assessment is required.,periodontal_form,7
Tooth 19 hurts when eating sweets and may need filling.,filling_form,5
Abscess found near tooth 29; endodontic treatment is needed.,root_canal_form,8
Periodontal charting required because of bleeding and bone loss.,periodontal_form,7
Periodontal charting required because of bleeding and bone loss.,periodontal_form,7
Consultation needed for ongoing mouth pain and sensitivity.,consultation_form,1
Bridge replacement required due to fractured dental restoration.,crown_bridge_form,2
"Patient reports loose teeth and gum recession, periodontal treatment needed.",periodontal_form,7
Patient has cavity on tooth 23 and needs composite filling.,filling_form,5
Broken tooth 11 has poor prognosis and extraction is planned.,extraction_form,4
Scaling and root planing recommended due to gum disease.,periodontal_form,7
Patient reports sensitivity to cold drinks and filling is needed on tooth 29.,filling_form,5
Abscess found near tooth 12; endodontic treatment is needed.,root_canal_form,8
Deep decay reached nerve of tooth 12; root canal therapy planned.,root_canal_form,8
Patient is unsure which tooth hurts and needs examination.,consultation_form,1
Patient has gum inflammation and periodontal assessment is required.,periodontal_form,7
Consultation needed for ongoing mouth pain and sensitivity.,consultation_form,1
Bridge replacement required due to fractured dental restoration.,crown_bridge_form,2
Patient broke a crown while chewing and needs crown evaluation.,crown_bridge_form,2
Deep pockets and bleeding gums suggest periodontal disease.,periodontal_form,7
Patient came for general dental assessment and treatment planning.,consultation_form,1
"Patient reports loose painful tooth 14, removal may be needed.",extraction_form,4
Patient has plaque buildup and needs dental cleaning.,cleaning_form,0
Patient requires root canal treatment on tooth 25 because of infection.,root_canal_form,8
Patient has plaque buildup and needs dental cleaning.,cleaning_form,0
Patient woke up with swollen face and severe mouth pain.,emergency_form,3
Patient has general tooth discomfort and requests dental evaluation.,consultation_form,1
Old crown on tooth 23 is loose and needs replacement.,crown_bridge_form,2
Patient has dental trauma after accident and needs emergency evaluation.,emergency_form,3
Patient has dental trauma after accident and needs emergency evaluation.,emergency_form,3
Scaling and root planing recommended due to gum disease.,periodontal_form,7
Patient has bite issue and may need orthodontic treatment.,orthodontic_form,6
Abscess found near tooth 32; endodontic treatment is needed.,root_canal_form,8
Severe nerve pain in tooth 20; root canal treatment recommended.,root_canal_form,8
Deep decay reached nerve of tooth 17; root canal therapy planned.,root_canal_form,8
Patient broke a crown while chewing and needs crown evaluation.,crown_bridge_form,2
Deep decay reached nerve of tooth 21; root canal therapy planned.,root_canal_form,8
Tooth 11 hurts when eating sweets and may need filling.,filling_form,5
"Patient says food gets stuck in tooth 31, possible cavity requiring filling.",filling_form,5
Tartar accumulation found during exam; dental cleaning is required.,cleaning_form,0
Bridge replacement required due to fractured dental restoration.,crown_bridge_form,2
Patient has general tooth discomfort and requests dental evaluation.,consultation_form,1
Tooth 3 cannot be restored and should be removed.,extraction_form,4
Patient has dental trauma after accident and needs emergency evaluation.,emergency_form,3
Patient has general tooth discomfort and requests dental evaluation.,consultation_form,1
"Bleeding gums observed, cleaning and oral hygiene instructions recommended.",cleaning_form,0
Patient is due for regular hygiene cleaning appointment.,cleaning_form,0
Patient needs crown placement on damaged tooth 12.,crown_bridge_form,2
Patient has severe dental pain and needs emergency appointment.,emergency_form,3
Severe nerve pain in tooth 32; root canal treatment recommended.,root_canal_form,8
Patient has gum inflammation and periodontal assessment is required.,periodontal_form,7
Patient requires root canal treatment on tooth 17 because of infection.,root_canal_form,8
Patient has bite issue and may need orthodontic treatment.,orthodontic_form,6
Patient has bite issue and may need orthodontic treatment.,orthodontic_form,6
Old crown on tooth 28 is loose and needs replacement.,crown_bridge_form,2
Patient has cavity on tooth 20 and needs composite filling.,filling_form,5
Scaling and root planing recommended due to gum disease.,periodontal_form,7
"Dental exam showed tooth decay on tooth 14, restorative filling recommended.",filling_form,5
Facial swelling and severe tooth pain require urgent dental care.,emergency_form,3
Patient needs orthodontic consultation for crowded teeth.,orthodontic_form,6
Broken tooth 25 has poor prognosis and extraction is planned.,extraction_form,4
Consultation needed for ongoing mouth pain and sensitivity.,consultation_form,1
Patient needs orthodontic consultation for crowded teeth.,orthodontic_form,6
Periodontal charting required because of bleeding and bone loss.,periodontal_form,7
Patient has cavity on tooth 17 and needs composite filling.,filling_form,5
Patient has cavity on tooth 17 and needs composite filling.,filling_form,5
"Patient reports loose painful tooth 4, removal may be needed.",extraction_form,4
"Patient reports bad breath and plaque buildup, cleaning recommended.",cleaning_form,0
Patient has plaque buildup and needs dental cleaning.,cleaning_form,0
"Patient reports bad breath and plaque buildup, cleaning recommended.",cleaning_form,0
Clear aligner assessment requested for teeth alignment.,orthodontic_form,6
"Dental exam showed tooth decay on tooth 26, restorative filling recommended.",filling_form,5
Patient reports jaw pain and needs dental consultation.,consultation_form,1
Patient came for general dental assessment and treatment planning.,consultation_form,1
Patient reports jaw pain and needs dental consultation.,consultation_form,1
Patient reports jaw pain and needs dental consultation.,consultation_form,1
Tooth 29 hurts when eating sweets and may need filling.,filling_form,5
"Patient reports loose painful tooth 18, removal may be needed.",extraction_form,4
Abscess found near tooth 31; endodontic treatment is needed.,root_canal_form,8
Patient has plaque buildup and needs dental cleaning.,cleaning_form,0
Patient has general tooth discomfort and requests dental evaluation.,consultation_form,1
Bridge replacement required due to fractured dental restoration.,crown_bridge_form,2
Tooth 13 extraction is needed due to severe decay.,extraction_form,4
Large restoration on tooth 3 failed; crown treatment recommended.,crown_bridge_form,2
Patient is unsure which tooth hurts and needs examination.,consultation_form,1
Broken tooth 20 has poor prognosis and extraction is planned.,extraction_form,4
Patient has general tooth discomfort and requests dental evaluation.,consultation_form,1
Patient is unsure which tooth hurts and needs examination.,consultation_form,1
Patient has general tooth discomfort and requests dental evaluation.,consultation_form,1
Scaling and root planing recommended due to gum disease.,periodontal_form,7
Patient has swelling and pain around tooth 9; extraction may be required.,extraction_form,4
Severe nerve pain in tooth 23; root canal treatment recommended.,root_canal_form,8
Patient is unsure which tooth hurts and needs examination.,consultation_form,1
Old crown on tooth 18 is loose and needs replacement.,crown_bridge_form,2
Patient has swelling and pain around tooth 29; extraction may be required.,extraction_form,4
Patient has bite issue and may need orthodontic treatment.,orthodontic_form,6
Large restoration on tooth 16 failed; crown treatment recommended.,crown_bridge_form,2
Patient has severe dental pain and needs emergency appointment.,emergency_form,3
Braces consultation requested due to misaligned teeth.,orthodontic_form,6
Tartar accumulation found during exam; dental cleaning is required.,cleaning_form,0
Severe nerve pain in tooth 13; root canal treatment recommended.,root_canal_form,8
Patient needs orthodontic consultation for crowded teeth.,orthodontic_form,6
Tooth 32 cannot be restored and should be removed.,extraction_form,4
"Patient reports loose painful tooth 24, removal may be needed.",extraction_form,4
Large restoration on tooth 4 failed; crown treatment recommended.,crown_bridge_form,2
Patient has severe dental pain and needs emergency appointment.,emergency_form,3
Tooth 16 extraction is needed due to severe decay.,extraction_form,4
"Patient reports loose painful tooth 18, removal may be needed.",extraction_form,4
Patient has gum inflammation and periodontal assessment is required.,periodontal_form,7
Large restoration on tooth 13 failed; crown treatment recommended.,crown_bridge_form,2
Deep decay reached nerve of tooth 12; root canal therapy planned.,root_canal_form,8
Abscess found near tooth 5; endodontic treatment is needed.,root_canal_form,8
Patient came for general dental assessment and treatment planning.,consultation_form,1
Patient has gum inflammation and periodontal assessment is required.,periodontal_form,7
Broken tooth 11 has poor prognosis and extraction is planned.,extraction_form,4
Patient has bite issue and may need orthodontic treatment.,orthodontic_form,6
Patient came for general dental assessment and treatment planning.,consultation_form,1
"Patient reports loose teeth and gum recession, periodontal treatment needed.",periodontal_form,7
Scaling and root planing recommended due to gum disease.,periodontal_form,7
Consultation needed for ongoing mouth pain and sensitivity.,consultation_form,1
Clear aligner assessment requested for teeth alignment.,orthodontic_form,6
Broken tooth 3 has poor prognosis and extraction is planned.,extraction_form,4
Patient has dental trauma after accident and needs emergency evaluation.,emergency_form,3
Patient is unsure which tooth hurts and needs examination.,consultation_form,1
Patient broke a crown while chewing and needs crown evaluation.,crown_bridge_form,2
Patient is due for regular hygiene cleaning appointment.,cleaning_form,0
Tooth 12 cannot be restored and should be removed.,extraction_form,4
Patient has dental trauma after accident and needs emergency evaluation.,emergency_form,3
Patient broke tooth 19 yesterday and reports sharp pain.,emergency_form,3
Patient says teeth are shifting and wants orthodontic advice.,orthodontic_form,6
Patient has swelling and pain around tooth 20; extraction may be required.,extraction_form,4
Patient has severe dental pain and needs emergency appointment.,emergency_form,3
Clear aligner assessment requested for teeth alignment.,orthodontic_form,6
Facial swelling and severe tooth pain require urgent dental care.,emergency_form,3
Large restoration on tooth 22 failed; crown treatment recommended.,crown_bridge_form,2
Patient came for general dental assessment and treatment planning.,consultation_form,1
Patient is due for regular hygiene cleaning appointment.,cleaning_form,0
Patient needs crown placement on damaged tooth 27.,crown_bridge_form,2
"Patient reports loose painful tooth 14, removal may be needed.",extraction_form,4
Bridge replacement required due to fractured dental restoration.,crown_bridge_form,2
Severe nerve pain in tooth 24; root canal treatment recommended.,root_canal_form,8
Deep decay reached nerve of tooth 26; root canal therapy planned.,root_canal_form,8
Tooth 4 extraction is needed due to severe decay.,extraction_form,4
"Dental exam showed tooth decay on tooth 4, restorative filling recommended.",filling_form,5
"Patient reports loose painful tooth 32, removal may be needed.",extraction_form,4
Patient needs orthodontic consultation for crowded teeth.,orthodontic_form,6
"Patient reports loose painful tooth 20, removal may be needed.",extraction_form,4
"Bleeding gums observed, cleaning and oral hygiene instructions recommended.",cleaning_form,0
Braces consultation requested due to misaligned teeth.,orthodontic_form,6
Patient broke tooth 5 yesterday and reports sharp pain.,emergency_form,3
Patient says teeth are shifting and wants orthodontic advice.,orthodontic_form,6
Patient is unsure which tooth hurts and needs examination.,consultation_form,1
"Patient reports loose painful tooth 16, removal may be needed.",extraction_form,4
Patient needs crown placement on damaged tooth 16.,crown_bridge_form,2
Patient has severe dental pain and needs emergency appointment.,emergency_form,3
Patient broke a crown while chewing and needs crown evaluation.,crown_bridge_form,2
Clear aligner assessment requested for teeth alignment.,orthodontic_form,6
Broken tooth 21 has poor prognosis and extraction is planned.,extraction_form,4
"Bleeding gums observed, cleaning and oral hygiene instructions recommended.",cleaning_form,0
"Patient reports bad breath and plaque buildup, cleaning recommended.",cleaning_form,0
"Patient says food gets stuck in tooth 22, possible cavity requiring filling.",filling_form,5
Patient has swelling and pain around tooth 12; extraction may be required.,extraction_form,4
Tooth 6 extraction is needed due to severe decay.,extraction_form,4
Tooth 31 extraction is needed due to severe decay.,extraction_form,4
Patient needs crown placement on damaged tooth 24.,crown_bridge_form,2
"Patient reports bad breath and plaque buildup, cleaning recommended.",cleaning_form,0
Scaling and root planing recommended due to gum disease.,periodontal_form,7
Tooth 8 extraction is needed due to severe decay.,extraction_form,4
"Patient reports loose teeth and gum recession, periodontal treatment needed.",periodontal_form,7
Patient reports sensitivity to cold drinks and filling is needed on tooth 30.,filling_form,5
Patient has swelling and pain around tooth 24; extraction may be required.,extraction_form,4
Broken tooth 28 has poor prognosis and extraction is planned.,extraction_form,4
Patient has swelling and pain around tooth 31; extraction may be required.,extraction_form,4
Tartar accumulation found during exam; dental cleaning is required.,cleaning_form,0
Clear aligner assessment requested for teeth alignment.,orthodontic_form,6
Deep decay reached nerve of tooth 7; root canal therapy planned.,root_canal_form,8
Deep pockets and bleeding gums suggest periodontal disease.,periodontal_form,7
Broken tooth 2 has poor prognosis and extraction is planned.,extraction_form,4
Tooth 7 hurts when eating sweets and may need filling.,filling_form,5
Patient has gum inflammation and periodontal assessment is required.,periodontal_form,7
Patient requires root canal treatment on tooth 32 because of infection.,root_canal_form,8
Broken tooth 16 has poor prognosis and extraction is planned.,extraction_form,4
Patient says teeth are shifting and wants orthodontic advice.,orthodontic_form,6
Deep decay reached nerve of tooth 3; root canal therapy planned.,root_canal_form,8
Patient requires root canal treatment on tooth 1 because of infection.,root_canal_form,8
Bridge replacement required due to fractured dental restoration.,crown_bridge_form,2
Patient is due for regular hygiene cleaning appointment.,cleaning_form,0
"Patient reports bad breath and plaque buildup, cleaning recommended.",cleaning_form,0
Patient has dental trauma after accident and needs emergency evaluation.,emergency_form,3
Patient is unsure which tooth hurts and needs examination.,consultation_form,1
Patient is unsure which tooth hurts and needs examination.,consultation_form,1
Tooth 31 extraction is needed due to severe decay.,extraction_form,4
Patient has cavity on tooth 9 and needs composite filling.,filling_form,5
Tartar accumulation found during exam; dental cleaning is required.,cleaning_form,0
Broken tooth 10 has poor prognosis and extraction is planned.,extraction_form,4
Patient has bite issue and may need orthodontic treatment.,orthodontic_form,6
Patient says teeth are shifting and wants orthodontic advice.,orthodontic_form,6
Severe nerve pain in tooth 25; root canal treatment recommended.,root_canal_form,8
Tartar accumulation found during exam; dental cleaning is required.,cleaning_form,0
"Patient says food gets stuck in tooth 20, possible cavity requiring filling.",filling_form,5
"Dental exam showed tooth decay on tooth 20, restorative filling recommended.",filling_form,5
Scaling and root planing recommended due to gum disease.,periodontal_form,7
Patient is unsure which tooth hurts and needs examination.,consultation_form,1
Patient came for general dental assessment and treatment planning.,consultation_form,1
Patient says teeth are shifting and wants orthodontic advice.,orthodontic_form,6
Patient has gum inflammation and periodontal assessment is required.,periodontal_form,7
Patient needs crown placement on damaged tooth 30.,crown_bridge_form,2
Deep decay reached nerve of tooth 29; root canal therapy planned.,root_canal_form,8
Patient has gum inflammation and periodontal assessment is required.,periodontal_form,7
Patient says teeth are shifting and wants orthodontic advice.,orthodontic_form,6
Patient is due for regular hygiene cleaning appointment.,cleaning_form,0
Patient reports sensitivity to cold drinks and filling is needed on tooth 3.,filling_form,5
Patient requires root canal treatment on tooth 16 because of infection.,root_canal_form,8
Old crown on tooth 18 is loose and needs replacement.,crown_bridge_form,2
Facial swelling and severe tooth pain require urgent dental care.,emergency_form,3
Patient is unsure which tooth hurts and needs examination.,consultation_form,1
Old crown on tooth 22 is loose and needs replacement.,crown_bridge_form,2
Patient has cavity on tooth 4 and needs composite filling.,filling_form,5
Periodontal charting required because of bleeding and bone loss.,periodontal_form,7
Facial swelling and severe tooth pain require urgent dental care.,emergency_form,3
"Patient says food gets stuck in tooth 11, possible cavity requiring filling.",filling_form,5
Braces consultation requested due to misaligned teeth.,orthodontic_form,6
Deep decay reached nerve of tooth 1; root canal therapy planned.,root_canal_form,8
"Bleeding gums observed, cleaning and oral hygiene instructions recommended.",cleaning_form,0
Patient is unsure which tooth hurts and needs examination.,consultation_form,1
Bridge replacement required due to fractured dental restoration.,crown_bridge_form,2
"Bleeding gums observed, cleaning and oral hygiene instructions recommended.",cleaning_form,0
Tooth 27 hurts when eating sweets and may need filling.,filling_form,5
Periodontal charting required because of bleeding and bone loss.,periodontal_form,7
Patient woke up with swollen face and severe mouth pain.,emergency_form,3
"Patient reports loose painful tooth 4, removal may be needed.",extraction_form,4
Patient has severe dental pain and needs emergency appointment.,emergency_form,3
Patient has plaque buildup and needs dental cleaning.,cleaning_form,0
Old crown on tooth 30 is loose and needs replacement.,crown_bridge_form,2
Patient broke tooth 23 yesterday and reports sharp pain.,emergency_form,3
Clear aligner assessment requested for teeth alignment.,orthodontic_form,6
Bridge replacement required due to fractured dental restoration.,crown_bridge_form,2
"Patient says food gets stuck in tooth 8, possible cavity requiring filling.",filling_form,5
Large restoration on tooth 7 failed; crown treatment recommended.,crown_bridge_form,2
Tooth 25 cannot be restored and should be removed.,extraction_form,4
Deep pockets and bleeding gums suggest periodontal disease.,periodontal_form,7
Tooth 5 extraction is needed due to severe decay.,extraction_form,4
Patient needs crown placement on damaged tooth 24.,crown_bridge_form,2
Scaling and root planing recommended due to gum disease.,periodontal_form,7
Abscess found near tooth 32; endodontic treatment is needed.,root_canal_form,8
Patient is unsure which tooth hurts and needs examination.,consultation_form,1
Deep decay reached nerve of tooth 10; root canal therapy planned.,root_canal_form,8
Deep pockets and bleeding gums suggest periodontal disease.,periodontal_form,7
Patient has severe dental pain and needs emergency appointment.,emergency_form,3
Patient broke a crown while chewing and needs crown evaluation.,crown_bridge_form,2
"Patient reports loose painful tooth 12, removal may be needed.",extraction_form,4
Severe nerve pain in tooth 29; root canal treatment recommended.,root_canal_form,8
Tooth 9 cannot be restored and should be removed.,extraction_form,4
Patient has gum inflammation and periodontal assessment is required.,periodontal_form,7
Patient says teeth are shifting and wants orthodontic advice.,orthodontic_form,6
Patient needs orthodontic consultation for crowded teeth.,orthodontic_form,6
Tooth 6 hurts when eating sweets and may need filling.,filling_form,5
Patient cannot sleep because tooth 23 has constant pulsing pain.,root_canal_form,8
Patient has dental trauma after accident and needs emergency evaluation.,emergency_form,3
Deep decay reached nerve of tooth 19; root canal therapy planned.,root_canal_form,8
"Dental exam showed tooth decay on tooth 10, restorative filling recommended.",filling_form,5
Patient broke a crown while chewing and needs crown evaluation.,crown_bridge_form,2
Patient has swelling and pain around tooth 31; extraction may be required.,extraction_form,4
Tooth 18 hurts when eating sweets and may need filling.,filling_form,5
Large restoration on tooth 11 failed; crown treatment recommended.,crown_bridge_form,2
"Patient reports loose painful tooth 13, removal may be needed.",extraction_form,4
Patient has general tooth discomfort and requests dental evaluation.,consultation_form,1
Patient has dental trauma after accident and needs emergency evaluation.,emergency_form,3
Patient came for general dental assessment and treatment planning.,consultation_form,1
Tooth 5 hurts when eating sweets and may need filling.,filling_form,5
Tooth 15 hurts when eating sweets and may need filling.,filling_form,5
Patient cannot sleep because tooth 27 has constant pulsing pain.,root_canal_form,8
Old crown on tooth 5 is loose and needs replacement.,crown_bridge_form,2
Patient has cavity on tooth 16 and needs composite filling.,filling_form,5
"Patient reports bad breath and plaque buildup, cleaning recommended.",cleaning_form,0
Patient has plaque buildup and needs dental cleaning.,cleaning_form,0
Patient broke a crown while chewing and needs crown evaluation.,crown_bridge_form,2
Patient broke a crown while chewing and needs crown evaluation.,crown_bridge_form,2
Patient requires root canal treatment on tooth 11 because of infection.,root_canal_form,8
Patient reports jaw pain and needs dental consultation.,consultation_form,1
Patient has swelling and pain around tooth 31; extraction may be required.,extraction_form,4
Patient broke a crown while chewing and needs crown evaluation.,crown_bridge_form,2
Scaling and root planing recommended due to gum disease.,periodontal_form,7
Tooth 26 cannot be restored and should be removed.,extraction_form,4
Patient has gum inflammation and periodontal assessment is required.,periodontal_form,7
Patient has bite issue and may need orthodontic treatment.,orthodontic_form,6
Old crown on tooth 17 is loose and needs replacement.,crown_bridge_form,2
"Bleeding gums observed, cleaning and oral hygiene instructions recommended.",cleaning_form,0
Bridge replacement required due to fractured dental restoration.,crown_bridge_form,2
Patient reports sensitivity to cold drinks and filling is needed on tooth 23.,filling_form,5
Facial swelling and severe tooth pain require urgent dental care.,emergency_form,3
Patient reports sensitivity to cold drinks and filling is needed on tooth 3.,filling_form,5
Patient has gum inflammation and periodontal assessment is required.,periodontal_form,7
Facial swelling and severe tooth pain require urgent dental care.,emergency_form,3
Patient broke tooth 26 yesterday and reports sharp pain.,emergency_form,3
Braces consultation requested due to misaligned teeth.,orthodontic_form,6
Tooth 1 hurts when eating sweets and may need filling.,filling_form,5
Patient reports sensitivity to cold drinks and filling is needed on tooth 21.,filling_form,5
Patient cannot sleep because tooth 14 has constant pulsing pain.,root_canal_form,8
Patient is due for regular hygiene cleaning appointment.,cleaning_form,0
Patient reports sensitivity to cold drinks and filling is needed on tooth 17.,filling_form,5
Braces consultation requested due to misaligned teeth.,orthodontic_form,6
"Patient reports loose painful tooth 21, removal may be needed.",extraction_form,4
Braces consultation requested due to misaligned teeth.,orthodontic_form,6
Severe nerve pain in tooth 11; root canal treatment recommended.,root_canal_form,8
Old crown on tooth 9 is loose and needs replacement.,crown_bridge_form,2
"Patient reports loose painful tooth 22, removal may be needed.",extraction_form,4
"Patient says food gets stuck in tooth 7, possible cavity requiring filling.",filling_form,5
Deep decay reached nerve of tooth 11; root canal therapy planned.,root_canal_form,8
"Patient reports bad breath and plaque buildup, cleaning recommended.",cleaning_form,0
Consultation needed for ongoing mouth pain and sensitivity.,consultation_form,1
Facial swelling and severe tooth pain require urgent dental care.,emergency_form,3
Patient cannot sleep because tooth 11 has constant pulsing pain.,root_canal_form,8
Tooth 6 hurts when eating sweets and may need filling.,filling_form,5
"Patient says food gets stuck in tooth 10, possible cavity requiring filling.",filling_form,5
Patient has dental trauma after accident and needs emergency evaluation.,emergency_form,3
Patient reports sensitivity to cold drinks and filling is needed on tooth 4.,filling_form,5
Deep pockets and bleeding gums suggest periodontal disease.,periodontal_form,7
Patient has cavity on tooth 4 and needs composite filling.,filling_form,5
Patient came for general dental assessment and treatment planning.,consultation_form,1
Periodontal charting required because of bleeding and bone loss.,periodontal_form,7
"Patient reports bad breath and plaque buildup, cleaning recommended.",cleaning_form,0
Patient requires root canal treatment on tooth 20 because of infection.,root_canal_form,8
Tooth 2 hurts when eating sweets and may need filling.,filling_form,5
Patient is due for regular hygiene cleaning appointment.,cleaning_form,0
Patient is unsure which tooth hurts and needs examination.,consultation_form,1
Deep pockets and bleeding gums suggest periodontal disease.,periodontal_form,7
Severe nerve pain in tooth 7; root canal treatment recommended.,root_canal_form,8
Large restoration on tooth 2 failed; crown treatment recommended.,crown_bridge_form,2
Patient has general tooth discomfort and requests dental evaluation.,consultation_form,1
Patient reports sensitivity to cold drinks and filling is needed on tooth 18.,filling_form,5
Scaling and root planing recommended due to gum disease.,periodontal_form,7
Patient has swelling and pain around tooth 28; extraction may be required.,extraction_form,4
Patient needs orthodontic consultation for crowded teeth.,orthodontic_form,6
Tartar accumulation found during exam; dental cleaning is required.,cleaning_form,0
"Patient says food gets stuck in tooth 32, possible cavity requiring filling.",filling_form,5
Deep pockets and bleeding gums suggest periodontal disease.,periodontal_form,7
Patient came for general dental assessment and treatment planning.,consultation_form,1
Tartar accumulation found during exam; dental cleaning is required.,cleaning_form,0
Deep decay reached nerve of tooth 13; root canal therapy planned.,root_canal_form,8
Patient needs orthodontic consultation for crowded teeth.,orthodontic_form,6
"Patient says food gets stuck in tooth 20, possible cavity requiring filling.",filling_form,5
Patient has swelling and pain around tooth 14; extraction may be required.,extraction_form,4
Patient came for general dental assessment and treatment planning.,consultation_form,1
Patient says teeth are shifting and wants orthodontic advice.,orthodontic_form,6
Patient cannot sleep because tooth 17 has constant pulsing pain.,root_canal_form,8
Patient has severe dental pain and needs emergency appointment.,emergency_form,3
Patient requires root canal treatment on tooth 16 because of infection.,root_canal_form,8
Patient has cavity on tooth 3 and needs composite filling.,filling_form,5
Patient needs crown placement on damaged tooth 28.,crown_bridge_form,2
Deep pockets and bleeding gums suggest periodontal disease.,periodontal_form,7
Patient has severe dental pain and needs emergency appointment.,emergency_form,3
Patient requires root canal treatment on tooth 12 because of infection.,root_canal_form,8
"Patient says food gets stuck in tooth 28, possible cavity requiring filling.",filling_form,5
Patient needs crown placement on damaged tooth 23.,crown_bridge_form,2
Patient broke a crown while chewing and needs crown evaluation.,crown_bridge_form,2
Patient says teeth are shifting and wants orthodontic advice.,orthodontic_form,6
Patient broke a crown while chewing and needs crown evaluation.,crown_bridge_form,2
Patient reports sensitivity to cold drinks and filling is needed on tooth 15.,filling_form,5
Tooth 24 hurts when eating sweets and may need filling.,filling_form,5
Facial swelling and severe tooth pain require urgent dental care.,emergency_form,3
Patient broke tooth 3 yesterday and reports sharp pain.,emergency_form,3
Patient has dental trauma after accident and needs emergency evaluation.,emergency_form,3
Patient reports sensitivity to cold drinks and filling is needed on tooth 24.,filling_form,5
Deep decay reached nerve of tooth 24; root canal therapy planned.,root_canal_form,8
Severe nerve pain in tooth 32; root canal treatment recommended.,root_canal_form,8
Large restoration on tooth 6 failed; crown treatment recommended.,crown_bridge_form,2
Patient is unsure which tooth hurts and needs examination.,consultation_form,1
Tartar accumulation found during exam; dental cleaning is required.,cleaning_form,0
Patient reports jaw pain and needs dental consultation.,consultation_form,1
Patient reports sensitivity to cold drinks and filling is needed on tooth 18.,filling_form,5
Patient has general tooth discomfort and requests dental evaluation.,consultation_form,1
Scaling and root planing recommended due to gum disease.,periodontal_form,7
Large restoration on tooth 10 failed; crown treatment recommended.,crown_bridge_form,2
"Patient says food gets stuck in tooth 10, possible cavity requiring filling.",filling_form,5
Patient has dental trauma after accident and needs emergency evaluation.,emergency_form,3
Periodontal charting required because of bleeding and bone loss.,periodontal_form,7
Old crown on tooth 30 is loose and needs replacement.,crown_bridge_form,2
Broken tooth 9 has poor prognosis and extraction is planned.,extraction_form,4
Patient has cavity on tooth 28 and needs composite filling.,filling_form,5
Tooth 3 hurts when eating sweets and may need filling.,filling_form,5
Patient is unsure which tooth hurts and needs examination.,consultation_form,1
Large restoration on tooth 3 failed; crown treatment recommended.,crown_bridge_form,2
Patient broke tooth 27 yesterday and reports sharp pain.,emergency_form,3
Severe nerve pain in tooth 7; root canal treatment recommended.,root_canal_form,8
Bridge replacement required due to fractured dental restoration.,crown_bridge_form,2
Patient has severe dental pain and needs emergency appointment.,emergency_form,3
Severe nerve pain in tooth 6; root canal treatment recommended.,root_canal_form,8
Patient has swelling and pain around tooth 27; extraction may be required.,extraction_form,4
"Patient reports loose painful tooth 6, removal may be needed.",extraction_form,4
Braces consultation requested due to misaligned teeth.,orthodontic_form,6
Severe nerve pain in tooth 9; root canal treatment recommended.,root_canal_form,8
Patient cannot sleep because tooth 20 has constant pulsing pain.,root_canal_form,8
Patient is unsure which tooth hurts and needs examination.,consultation_form,1
Patient needs crown placement on damaged tooth 8.,crown_bridge_form,2
Tooth 31 cannot be restored and should be removed.,extraction_form,4
Bridge replacement required due to fractured dental restoration.,crown_bridge_form,2
Patient woke up with swollen face and severe mouth pain.,emergency_form,3
Patient needs crown placement on damaged tooth 8.,crown_bridge_form,2
Bridge replacement required due to fractured dental restoration.,crown_bridge_form,2
Old crown on tooth 2 is loose and needs replacement.,crown_bridge_form,2
Broken tooth 14 has poor prognosis and extraction is planned.,extraction_form,4
Periodontal charting required because of bleeding and bone loss.,periodontal_form,7
Patient came for general dental assessment and treatment planning.,consultation_form,1
Patient broke tooth 7 yesterday and reports sharp pain.,emergency_form,3
Large restoration on tooth 22 failed; crown treatment recommended.,crown_bridge_form,2
Clear aligner assessment requested for teeth alignment.,orthodontic_form,6
Patient came for general dental assessment and treatment planning.,consultation_form,1
Patient came for general dental assessment and treatment planning.,consultation_form,1
Consultation needed for ongoing mouth pain and sensitivity.,consultation_form,1
Clear aligner assessment requested for teeth alignment.,orthodontic_form,6
Tooth 14 extraction is needed due to severe decay.,extraction_form,4
Patient needs orthodontic consultation for crowded teeth.,orthodontic_form,6
Patient is unsure which tooth hurts and needs examination.,consultation_form,1
Patient has swelling and pain around tooth 21; extraction may be required.,extraction_form,4
Patient woke up with swollen face and severe mouth pain.,emergency_form,3
Periodontal charting required because of bleeding and bone loss.,periodontal_form,7
Tooth 13 hurts when eating sweets and may need filling.,filling_form,5
Patient has dental trauma after accident and needs emergency evaluation.,emergency_form,3
Patient requires root canal treatment on tooth 19 because of infection.,root_canal_form,8
Bridge replacement required due to fractured dental restoration.,crown_bridge_form,2
Patient needs crown placement on damaged tooth 10.,crown_bridge_form,2
Deep pockets and bleeding gums suggest periodontal disease.,periodontal_form,7
Patient has plaque buildup and needs dental cleaning.,cleaning_form,0
Patient reports jaw pain and needs dental consultation.,consultation_form,1
Patient broke a crown while chewing and needs crown evaluation.,crown_bridge_form,2
Patient broke tooth 24 yesterday and reports sharp pain.,emergency_form,3
Broken tooth 29 has poor prognosis and extraction is planned.,extraction_form,4
Patient has cavity on tooth 19 and needs composite filling.,filling_form,5
Patient is due for regular hygiene cleaning appointment.,cleaning_form,0
"Bleeding gums observed, cleaning and oral hygiene instructions recommended.",cleaning_form,0
Broken tooth 10 has poor prognosis and extraction is planned.,extraction_form,4
Patient needs crown placement on damaged tooth 13.,crown_bridge_form,2
"Patient says food gets stuck in tooth 14, possible cavity requiring filling.",filling_form,5
Patient reports sensitivity to cold drinks and filling is needed on tooth 13.,filling_form,5
Patient is due for regular hygiene cleaning appointment.,cleaning_form,0
Patient needs orthodontic consultation for crowded teeth.,orthodontic_form,6
Clear aligner assessment requested for teeth alignment.,orthodontic_form,6
Tooth 30 hurts when eating sweets and may need filling.,filling_form,5
Tartar accumulation found during exam; dental cleaning is required.,cleaning_form,0
Patient has swelling and pain around tooth 11; extraction may be required.,extraction_form,4
Tooth 10 extraction is needed due to severe decay.,extraction_form,4
Tooth 18 cannot be restored and should be removed.,extraction_form,4
Patient has swelling and pain around tooth 21; extraction may be required.,extraction_form,4
Patient has gum inflammation and periodontal assessment is required.,periodontal_form,7
Braces consultation requested due to misaligned teeth.,orthodontic_form,6
Tooth 9 hurts when eating sweets and may need filling.,filling_form,5
Patient requires root canal treatment on tooth 3 because of infection.,root_canal_form,8
Patient has swelling and pain around tooth 11; extraction may be required.,extraction_form,4
Patient is due for regular hygiene cleaning appointment.,cleaning_form,0
"Dental exam showed tooth decay on tooth 1, restorative filling recommended.",filling_form,5
Severe nerve pain in tooth 20; root canal treatment recommended.,root_canal_form,8
Old crown on tooth 14 is loose and needs replacement.,crown_bridge_form,2
Broken tooth 18 has poor prognosis and extraction is planned.,extraction_form,4
Patient has gum inflammation and periodontal assessment is required.,periodontal_form,7
Large restoration on tooth 21 failed; crown treatment recommended.,crown_bridge_form,2
Patient has plaque buildup and needs dental cleaning.,cleaning_form,0
Tooth 27 cannot be restored and should be removed.,extraction_form,4
Deep pockets and bleeding gums suggest periodontal disease.,periodontal_form,7
Patient needs orthodontic consultation for crowded teeth.,orthodontic_form,6
Deep decay reached nerve of tooth 29; root canal therapy planned.,root_canal_form,8
Patient needs orthodontic consultation for crowded teeth.,orthodontic_form,6
Deep decay reached nerve of tooth 20; root canal therapy planned.,root_canal_form,8
Braces consultation requested due to misaligned teeth.,orthodontic_form,6
Severe nerve pain in tooth 9; root canal treatment recommended.,root_canal_form,8
Tooth 2 hurts when eating sweets and may need filling.,filling_form,5
Patient requires root canal treatment on tooth 15 because of infection.,root_canal_form,8
Deep decay reached nerve of tooth 19; root canal therapy planned.,root_canal_form,8
Patient has cavity on tooth 2 and needs composite filling.,filling_form,5
Patient came for general dental assessment and treatment planning.,consultation_form,1
Patient has plaque buildup and needs dental cleaning.,cleaning_form,0
"Patient reports bad breath and plaque buildup, cleaning recommended.",cleaning_form,0
Large restoration on tooth 25 failed; crown treatment recommended.,crown_bridge_form,2
Facial swelling and severe tooth pain require urgent dental care.,emergency_form,3
Old crown on tooth 1 is loose and needs replacement.,crown_bridge_form,2
Old crown on tooth 5 is loose and needs replacement.,crown_bridge_form,2
Patient is due for regular hygiene cleaning appointment.,cleaning_form,0
Deep pockets and bleeding gums suggest periodontal disease.,periodontal_form,7
Patient has dental trauma after accident and needs emergency evaluation.,emergency_form,3
Patient woke up with swollen face and severe mouth pain.,emergency_form,3
Patient reports sensitivity to cold drinks and filling is needed on tooth 29.,filling_form,5
"Patient reports bad breath and plaque buildup, cleaning recommended.",cleaning_form,0
Patient broke a crown while chewing and needs crown evaluation.,crown_bridge_form,2
Patient has gum inflammation and periodontal assessment is required.,periodontal_form,7
Clear aligner assessment requested for teeth alignment.,orthodontic_form,6
Deep decay reached nerve of tooth 6; root canal therapy planned.,root_canal_form,8
Patient is due for regular hygiene cleaning appointment.,cleaning_form,0
Patient has bite issue and may need orthodontic treatment.,orthodontic_form,6
Patient cannot sleep because tooth 15 has constant pulsing pain.,root_canal_form,8
Patient has plaque buildup and needs dental cleaning.,cleaning_form,0
Patient has general tooth discomfort and requests dental evaluation.,consultation_form,1
"Patient reports bad breath and plaque buildup, cleaning recommended.",cleaning_form,0
Scaling and root planing recommended due to gum disease.,periodontal_form,7
"Patient reports loose painful tooth 27, removal may be needed.",extraction_form,4
Patient has bite issue and may need orthodontic treatment.,orthodontic_form,6
Patient has severe dental pain and needs emergency appointment.,emergency_form,3
Patient needs crown placement on damaged tooth 29.,crown_bridge_form,2
Scaling and root planing recommended due to gum disease.,periodontal_form,7
Patient requires root canal treatment on tooth 31 because of infection.,root_canal_form,8
Facial swelling and severe tooth pain require urgent dental care.,emergency_form,3
"Bleeding gums observed, cleaning and oral hygiene instructions recommended.",cleaning_form,0
"Patient reports bad breath and plaque buildup, cleaning recommended.",cleaning_form,0
Tooth 12 hurts when eating sweets and may need filling.,filling_form,5
Patient woke up with swollen face and severe mouth pain.,emergency_form,3
Patient came for general dental assessment and treatment planning.,consultation_form,1
Clear aligner assessment requested for teeth alignment.,orthodontic_form,6
Large restoration on tooth 6 failed; crown treatment recommended.,crown_bridge_form,2
Tooth 31 extraction is needed due to severe decay.,extraction_form,4
Patient came for general dental assessment and treatment planning.,consultation_form,1
Patient requires root canal treatment on tooth 10 because of infection.,root_canal_form,8
Patient came for general dental assessment and treatment planning.,consultation_form,1
Patient reports sensitivity to cold drinks and filling is needed on tooth 16.,filling_form,5
Deep pockets and bleeding gums suggest periodontal disease.,periodontal_form,7
Tooth 7 cannot be restored and should be removed.,extraction_form,4
Old crown on tooth 19 is loose and needs replacement.,crown_bridge_form,2
Old crown on tooth 9 is loose and needs replacement.,crown_bridge_form,2
Broken tooth 10 has poor prognosis and extraction is planned.,extraction_form,4
Tooth 23 cannot be restored and should be removed.,extraction_form,4
Patient needs orthodontic consultation for crowded teeth.,orthodontic_form,6
Patient requires root canal treatment on tooth 17 because of infection.,root_canal_form,8
Severe nerve pain in tooth 21; root canal treatment recommended.,root_canal_form,8
Bridge replacement required due to fractured dental restoration.,crown_bridge_form,2
Braces consultation requested due to misaligned teeth.,orthodontic_form,6
Scaling and root planing recommended due to gum disease.,periodontal_form,7
Broken tooth 32 has poor prognosis and extraction is planned.,extraction_form,4
Patient has severe dental pain and needs emergency appointment.,emergency_form,3
Tooth 20 cannot be restored and should be removed.,extraction_form,4
"Bleeding gums observed, cleaning and oral hygiene instructions recommended.",cleaning_form,0
Patient cannot sleep because tooth 1 has constant pulsing pain.,root_canal_form,8
"Patient reports loose painful tooth 3, removal may be needed.",extraction_form,4
Large restoration on tooth 5 failed; crown treatment recommended.,crown_bridge_form,2
"Patient reports loose painful tooth 23, removal may be needed.",extraction_form,4
Patient requires root canal treatment on tooth 16 because of infection.,root_canal_form,8
Scaling and root planing recommended due to gum disease.,periodontal_form,7
Patient needs orthodontic consultation for crowded teeth.,orthodontic_form,6
Patient reports jaw pain and needs dental consultation.,consultation_form,1
Deep decay reached nerve of tooth 11; root canal therapy planned.,root_canal_form,8
"Patient reports loose painful tooth 6, removal may be needed.",extraction_form,4
Patient broke a crown while chewing and needs crown evaluation.,crown_bridge_form,2
Scaling and root planing recommended due to gum disease.,periodontal_form,7
Patient reports sensitivity to cold drinks and filling is needed on tooth 15.,filling_form,5
Tartar accumulation found during exam; dental cleaning is required.,cleaning_form,0
Tooth 21 cannot be restored and should be removed.,extraction_form,4
"Bleeding gums observed, cleaning and oral hygiene instructions recommended.",cleaning_form,0
"Patient reports bad breath and plaque buildup, cleaning recommended.",cleaning_form,0
Deep decay reached nerve of tooth 31; root canal therapy planned.,root_canal_form,8
Deep decay reached nerve of tooth 2; root canal therapy planned.,root_canal_form,8
Severe nerve pain in tooth 2; root canal treatment recommended.,root_canal_form,8
Facial swelling and severe tooth pain require urgent dental care.,emergency_form,3
Patient has plaque buildup and needs dental cleaning.,cleaning_form,0
Tooth 6 cannot be restored and should be removed.,extraction_form,4
Patient has cavity on tooth 32 and needs composite filling.,filling_form,5
Patient requires root canal treatment on tooth 9 because of infection.,root_canal_form,8
Bridge replacement required due to fractured dental restoration.,crown_bridge_form,2
"Patient reports bad breath and plaque buildup, cleaning recommended.",cleaning_form,0
Patient is unsure which tooth hurts and needs examination.,consultation_form,1
Tooth 17 cannot be restored and should be removed.,extraction_form,4
Patient needs orthodontic consultation for crowded teeth.,orthodontic_form,6
"Patient reports loose painful tooth 28, removal may be needed.",extraction_form,4
Patient has gum inflammation and periodontal assessment is required.,periodontal_form,7
Patient is unsure which tooth hurts and needs examination.,consultation_form,1
Tooth 10 cannot be restored and should be removed.,extraction_form,4
Patient broke a crown while chewing and needs crown evaluation.,crown_bridge_form,2
Tooth 10 cannot be restored and should be removed.,extraction_form,4
Abscess found near tooth 1; endodontic treatment is needed.,root_canal_form,8
Patient reports sensitivity to cold drinks and filling is needed on tooth 27.,filling_form,5
Patient is unsure which tooth hurts and needs examination.,consultation_form,1
Patient requires root canal treatment on tooth 5 because of infection.,root_canal_form,8
Broken tooth 5 has poor prognosis and extraction is planned.,extraction_form,4
Patient says teeth are shifting and wants orthodontic advice.,orthodontic_form,6
Clear aligner assessment requested for teeth alignment.,orthodontic_form,6
Bridge replacement required due to fractured dental restoration.,crown_bridge_form,2
"Bleeding gums observed, cleaning and oral hygiene instructions recommended.",cleaning_form,0
Patient has bite issue and may need orthodontic treatment.,orthodontic_form,6
Patient has severe dental pain and needs emergency appointment.,emergency_form,3
Patient has plaque buildup and needs dental cleaning.,cleaning_form,0
Tooth 22 extraction is needed due to severe decay.,extraction_form,4
Patient has gum inflammation and periodontal assessment is required.,periodontal_form,7
Tartar accumulation found during exam; dental cleaning is required.,cleaning_form,0
Tooth 13 cannot be restored and should be removed.,extraction_form,4
Tooth 18 hurts when eating sweets and may need filling.,filling_form,5
Deep pockets and bleeding gums suggest periodontal disease.,periodontal_form,7
"Patient says food gets stuck in tooth 1, possible cavity requiring filling.",filling_form,5
Abscess found near tooth 14; endodontic treatment is needed.,root_canal_form,8
Patient has bite issue and may need orthodontic treatment.,orthodontic_form,6
Tooth 3 extraction is needed due to severe decay.,extraction_form,4
Bridge replacement required due to fractured dental restoration.,crown_bridge_form,2
Patient cannot sleep because tooth 11 has constant pulsing pain.,root_canal_form,8
Patient broke a crown while chewing and needs crown evaluation.,crown_bridge_form,2
"Bleeding gums observed, cleaning and oral hygiene instructions recommended.",cleaning_form,0
Periodontal charting required because of bleeding and bone loss.,periodontal_form,7
Patient has gum inflammation and periodontal assessment is required.,periodontal_form,7
Patient has bite issue and may need orthodontic treatment.,orthodontic_form,6
Facial swelling and severe tooth pain require urgent dental care.,emergency_form,3
Deep pockets and bleeding gums suggest periodontal disease.,periodontal_form,7
"Bleeding gums observed, cleaning and oral hygiene instructions recommended.",cleaning_form,0
Tooth 9 cannot be restored and should be removed.,extraction_form,4
Severe nerve pain in tooth 14; root canal treatment recommended.,root_canal_form,8
Large restoration on tooth 17 failed; crown treatment recommended.,crown_bridge_form,2
"Patient says food gets stuck in tooth 15, possible cavity requiring filling.",filling_form,5
Scaling and root planing recommended due to gum disease.,periodontal_form,7
Patient has dental trauma after accident and needs emergency evaluation.,emergency_form,3
Patient reports sensitivity to cold drinks and filling is needed on tooth 30.,filling_form,5
Facial swelling and severe tooth pain require urgent dental care.,emergency_form,3
Scaling and root planing recommended due to gum disease.,periodontal_form,7
Severe nerve pain in tooth 23; root canal treatment recommended.,root_canal_form,8
Clear aligner assessment requested for teeth alignment.,orthodontic_form,6
Patient has swelling and pain around tooth 3; extraction may be required.,extraction_form,4
Old crown on tooth 24 is loose and needs replacement.,crown_bridge_form,2
Braces consultation requested due to misaligned teeth.,orthodontic_form,6
Severe nerve pain in tooth 20; root canal treatment recommended.,root_canal_form,8
Patient needs orthodontic consultation for crowded teeth.,orthodontic_form,6
"Patient reports loose teeth and gum recession, periodontal treatment needed.",periodontal_form,7
"Bleeding gums observed, cleaning and oral hygiene instructions recommended.",cleaning_form,0
"Dental exam showed tooth decay on tooth 3, restorative filling recommended.",filling_form,5
Patient has general tooth discomfort and requests dental evaluation.,consultation_form,1
Tooth 3 cannot be restored and should be removed.,extraction_form,4
"Dental exam showed tooth decay on tooth 28, restorative filling recommended.",filling_form,5
Patient needs crown placement on damaged tooth 9.,crown_bridge_form,2
Broken tooth 18 has poor prognosis and extraction is planned.,extraction_form,4
Patient has dental trauma after accident and needs emergency evaluation.,emergency_form,3
Patient needs crown placement on damaged tooth 23.,crown_bridge_form,2
Patient has plaque buildup and needs dental cleaning.,cleaning_form,0
Patient has swelling and pain around tooth 27; extraction may be required.,extraction_form,4
Large restoration on tooth 25 failed; crown treatment recommended.,crown_bridge_form,2
Patient needs crown placement on damaged tooth 31.,crown_bridge_form,2
Tooth 18 hurts when eating sweets and may need filling.,filling_form,5
"Patient reports loose teeth and gum recession, periodontal treatment needed.",periodontal_form,7
Periodontal charting required because of bleeding and bone loss.,periodontal_form,7
Consultation needed for ongoing mouth pain and sensitivity.,consultation_form,1
Patient has dental trauma after accident and needs emergency evaluation.,emergency_form,3
Tartar accumulation found during exam; dental cleaning is required.,cleaning_form,0
Patient has general tooth discomfort and requests dental evaluation.,consultation_form,1
"Patient reports loose painful tooth 13, removal may be needed.",extraction_form,4
Patient has cavity on tooth 22 and needs composite filling.,filling_form,5
Patient woke up with swollen face and severe mouth pain.,emergency_form,3
Patient requires root canal treatment on tooth 3 because of infection.,root_canal_form,8
Scaling and root planing recommended due to gum disease.,periodontal_form,7
Consultation needed for ongoing mouth pain and sensitivity.,consultation_form,1
Tooth 1 extraction is needed due to severe decay.,extraction_form,4
"Bleeding gums observed, cleaning and oral hygiene instructions recommended.",cleaning_form,0
Patient woke up with swollen face and severe mouth pain.,emergency_form,3
Clear aligner assessment requested for teeth alignment.,orthodontic_form,6
Scaling and root planing recommended due to gum disease.,periodontal_form,7
Tooth 19 cannot be restored and should be removed.,extraction_form,4
Deep decay reached nerve of tooth 16; root canal therapy planned.,root_canal_form,8
Patient came for general dental assessment and treatment planning.,consultation_form,1
Deep pockets and bleeding gums suggest periodontal disease.,periodontal_form,7
"Dental exam showed tooth decay on tooth 12, restorative filling recommended.",filling_form,5
Deep pockets and bleeding gums suggest periodontal disease.,periodontal_form,7
Large restoration on tooth 20 failed; crown treatment recommended.,crown_bridge_form,2
Patient has cavity on tooth 30 and needs composite filling.,filling_form,5
"Patient reports loose teeth and gum recession, periodontal treatment needed.",periodontal_form,7
Facial swelling and severe tooth pain require urgent dental care.,emergency_form,3
Patient needs crown placement on damaged tooth 9.,crown_bridge_form,2
"Patient says food gets stuck in tooth 20, possible cavity requiring filling.",filling_form,5
Deep pockets and bleeding gums suggest periodontal disease.,periodontal_form,7
Clear aligner assessment requested for teeth alignment.,orthodontic_form,6
Patient reports jaw pain and needs dental consultation.,consultation_form,1
Patient reports sensitivity to cold drinks and filling is needed on tooth 30.,filling_form,5
Facial swelling and severe tooth pain require urgent dental care.,emergency_form,3
Facial swelling and severe tooth pain require urgent dental care.,emergency_form,3
Large restoration on tooth 17 failed; crown treatment recommended.,crown_bridge_form,2
Patient broke a crown while chewing and needs crown evaluation.,crown_bridge_form,2
Patient has dental trauma after accident and needs emergency evaluation.,emergency_form,3
Patient has plaque buildup and needs dental cleaning.,cleaning_form,0
Patient requires root canal treatment on tooth 24 because of infection.,root_canal_form,8
Patient woke up with swollen face and severe mouth pain.,emergency_form,3
Braces consultation requested due to misaligned teeth.,orthodontic_form,6
Patient broke a crown while chewing and needs crown evaluation.,crown_bridge_form,2
Patient has cavity on tooth 2 and needs composite filling.,filling_form,5
Tooth 19 hurts when eating sweets and may need filling.,filling_form,5
Large restoration on tooth 1 failed; crown treatment recommended.,crown_bridge_form,2
Patient has swelling and pain around tooth 24; extraction may be required.,extraction_form,4
Patient has dental trauma after accident and needs emergency evaluation.,emergency_form,3
Patient needs crown placement on damaged tooth 10.,crown_bridge_form,2
Bridge replacement required due to fractured dental restoration.,crown_bridge_form,2
"Dental exam showed tooth decay on tooth 23, restorative filling recommended.",filling_form,5
Patient reports jaw pain and needs dental consultation.,consultation_form,1
Patient broke tooth 2 yesterday and reports sharp pain.,emergency_form,3
Consultation needed for ongoing mouth pain and sensitivity.,consultation_form,1
Patient broke tooth 30 yesterday and reports sharp pain.,emergency_form,3
"Bleeding gums observed, cleaning and oral hygiene instructions recommended.",cleaning_form,0
Old crown on tooth 21 is loose and needs replacement.,crown_bridge_form,2
Bridge replacement required due to fractured dental restoration.,crown_bridge_form,2
Abscess found near tooth 1; endodontic treatment is needed.,root_canal_form,8
Patient reports sensitivity to cold drinks and filling is needed on tooth 5.,filling_form,5
"Patient reports loose teeth and gum recession, periodontal treatment needed.",periodontal_form,7
Braces consultation requested due to misaligned teeth.,orthodontic_form,6
Large restoration on tooth 27 failed; crown treatment recommended.,crown_bridge_form,2
"Patient reports loose teeth and gum recession, periodontal treatment needed.",periodontal_form,7
Patient has dental trauma after accident and needs emergency evaluation.,emergency_form,3
Patient says teeth are shifting and wants orthodontic advice.,orthodontic_form,6
Broken tooth 3 has poor prognosis and extraction is planned.,extraction_form,4
Tooth 17 hurts when eating sweets and may need filling.,filling_form,5
Tooth 1 cannot be restored and should be removed.,extraction_form,4
Clear aligner assessment requested for teeth alignment.,orthodontic_form,6
Tartar accumulation found during exam; dental cleaning is required.,cleaning_form,0
Severe nerve pain in tooth 16; root canal treatment recommended.,root_canal_form,8
Tooth 20 hurts when eating sweets and may need filling.,filling_form,5
Patient has cavity on tooth 7 and needs composite filling.,filling_form,5
Patient has gum inflammation and periodontal assessment is required.,periodontal_form,7
Patient needs crown placement on damaged tooth 11.,crown_bridge_form,2
Severe nerve pain in tooth 2; root canal treatment recommended.,root_canal_form,8
"Patient reports loose painful tooth 24, removal may be needed.",extraction_form,4
Patient requires root canal treatment on tooth 7 because of infection.,root_canal_form,8
Patient has gum inflammation and periodontal assessment is required.,periodontal_form,7
Periodontal charting required because of bleeding and bone loss.,periodontal_form,7
Patient is due for regular hygiene cleaning appointment.,cleaning_form,0
Patient says teeth are shifting and wants orthodontic advice.,orthodontic_form,6
Patient broke a crown while chewing and needs crown evaluation.,crown_bridge_form,2
"Patient reports loose painful tooth 26, removal may be needed.",extraction_form,4
Facial swelling and severe tooth pain require urgent dental care.,emergency_form,3
Patient has general tooth discomfort and requests dental evaluation.,consultation_form,1
"Patient says food gets stuck in tooth 7, possible cavity requiring filling.",filling_form,5
Tooth 20 extraction is needed due to severe decay.,extraction_form,4
Patient requires root canal treatment on tooth 3 because of infection.,root_canal_form,8
Braces consultation requested due to misaligned teeth.,orthodontic_form,6
Patient reports sensitivity to cold drinks and filling is needed on tooth 17.,filling_form,5
Patient needs crown placement on damaged tooth 7.,crown_bridge_form,2
Patient has gum inflammation and periodontal assessment is required.,periodontal_form,7
Patient reports jaw pain and needs dental consultation.,consultation_form,1
Scaling and root planing recommended due to gum disease.,periodontal_form,7
Patient is unsure which tooth hurts and needs examination.,consultation_form,1
Large restoration on tooth 15 failed; crown treatment recommended.,crown_bridge_form,2
Tooth 27 extraction is needed due to severe decay.,extraction_form,4
Patient woke up with swollen face and severe mouth pain.,emergency_form,3
Patient says teeth are shifting and wants orthodontic advice.,orthodontic_form,6
Large restoration on tooth 3 failed; crown treatment recommended.,crown_bridge_form,2
Facial swelling and severe tooth pain require urgent dental care.,emergency_form,3
Periodontal charting required because of bleeding and bone loss.,periodontal_form,7
Patient came for general dental assessment and treatment planning.,consultation_form,1
Patient is unsure which tooth hurts and needs examination.,consultation_form,1
Braces consultation requested due to misaligned teeth.,orthodontic_form,6
Deep decay reached nerve of tooth 16; root canal therapy planned.,root_canal_form,8
Consultation needed for ongoing mouth pain and sensitivity.,consultation_form,1
Tooth 29 hurts when eating sweets and may need filling.,filling_form,5
Patient has cavity on tooth 6 and needs composite filling.,filling_form,5
"Patient reports loose teeth and gum recession, periodontal treatment needed.",periodontal_form,7
Deep pockets and bleeding gums suggest periodontal disease.,periodontal_form,7
Clear aligner assessment requested for teeth alignment.,orthodontic_form,6
Abscess found near tooth 6; endodontic treatment is needed.,root_canal_form,8
Large restoration on tooth 29 failed; crown treatment recommended.,crown_bridge_form,2
Braces consultation requested due to misaligned teeth.,orthodontic_form,6
Patient requires root canal treatment on tooth 31 because of infection.,root_canal_form,8
"Patient reports loose teeth and gum recession, periodontal treatment needed.",periodontal_form,7
Patient says teeth are shifting and wants orthodontic advice.,orthodontic_form,6
Patient reports sensitivity to cold drinks and filling is needed on tooth 4.,filling_form,5
Severe nerve pain in tooth 10; root canal treatment recommended.,root_canal_form,8
Large restoration on tooth 4 failed; crown treatment recommended.,crown_bridge_form,2
Patient has plaque buildup and needs dental cleaning.,cleaning_form,0
"Dental exam showed tooth decay on tooth 24, restorative filling recommended.",filling_form,5
Braces consultation requested due to misaligned teeth.,orthodontic_form,6
Facial swelling and severe tooth pain require urgent dental care.,emergency_form,3
Tartar accumulation found during exam; dental cleaning is required.,cleaning_form,0
Patient came for general dental assessment and treatment planning.,consultation_form,1
Patient requires root canal treatment on tooth 26 because of infection.,root_canal_form,8
"Patient says food gets stuck in tooth 10, possible cavity requiring filling.",filling_form,5
Patient requires root canal treatment on tooth 1 because of infection.,root_canal_form,8
Tartar accumulation found during exam; dental cleaning is required.,cleaning_form,0
Tooth 27 extraction is needed due to severe decay.,extraction_form,4
Patient is unsure which tooth hurts and needs examination.,consultation_form,1
Broken tooth 22 has poor prognosis and extraction is planned.,extraction_form,4
"Patient says food gets stuck in tooth 13, possible cavity requiring filling.",filling_form,5
Patient needs orthodontic consultation for crowded teeth.,orthodontic_form,6
Patient has plaque buildup and needs dental cleaning.,cleaning_form,0
Periodontal charting required because of bleeding and bone loss.,periodontal_form,7
"Bleeding gums observed, cleaning and oral hygiene instructions recommended.",cleaning_form,0
Patient is unsure which tooth hurts and needs examination.,consultation_form,1
Consultation needed for ongoing mouth pain and sensitivity.,consultation_form,1
Large restoration on tooth 16 failed; crown treatment recommended.,crown_bridge_form,2
Patient has plaque buildup and needs dental cleaning.,cleaning_form,0
Deep pockets and bleeding gums suggest periodontal disease.,periodontal_form,7
Deep pockets and bleeding gums suggest periodontal disease.,periodontal_form,7
"Patient reports bad breath and plaque buildup, cleaning recommended.",cleaning_form,0
"Bleeding gums observed, cleaning and oral hygiene instructions recommended.",cleaning_form,0
Tartar accumulation found during exam; dental cleaning is required.,cleaning_form,0
Patient has gum inflammation and periodontal assessment is required.,periodontal_form,7
Patient has swelling and pain around tooth 18; extraction may be required.,extraction_form,4
Patient woke up with swollen face and severe mouth pain.,emergency_form,3
Patient woke up with swollen face and severe mouth pain.,emergency_form,3
Patient has bite issue and may need orthodontic treatment.,orthodontic_form,6
Tooth 16 cannot be restored and should be removed.,extraction_form,4
Patient woke up with swollen face and severe mouth pain.,emergency_form,3
Patient woke up with swollen face and severe mouth pain.,emergency_form,3
Abscess found near tooth 29; endodontic treatment is needed.,root_canal_form,8
Patient woke up with swollen face and severe mouth pain.,emergency_form,3
Patient reports jaw pain and needs dental consultation.,consultation_form,1
Periodontal charting required because of bleeding and bone loss.,periodontal_form,7
Deep pockets and bleeding gums suggest periodontal disease.,periodontal_form,7
Facial swelling and severe tooth pain require urgent dental care.,emergency_form,3
Periodontal charting required because of bleeding and bone loss.,periodontal_form,7
Large restoration on tooth 28 failed; crown treatment recommended.,crown_bridge_form,2
Deep decay reached nerve of tooth 7; root canal therapy planned.,root_canal_form,8
Tooth 15 hurts when eating sweets and may need filling.,filling_form,5
Bridge replacement required due to fractured dental restoration.,crown_bridge_form,2
Broken tooth 29 has poor prognosis and extraction is planned.,extraction_form,4
Broken tooth 16 has poor prognosis and extraction is planned.,extraction_form,4
Patient reports jaw pain and needs dental consultation.,consultation_form,1
Patient broke a crown while chewing and needs crown evaluation.,crown_bridge_form,2
Patient has gum inflammation and periodontal assessment is required.,periodontal_form,7
Patient reports jaw pain and needs dental consultation.,consultation_form,1
"Bleeding gums observed, cleaning and oral hygiene instructions recommended.",cleaning_form,0
Patient has swelling and pain around tooth 31; extraction may be required.,extraction_form,4
Patient has gum inflammation and periodontal assessment is required.,periodontal_form,7
"Patient reports loose painful tooth 29, removal may be needed.",extraction_form,4
Tooth 18 extraction is needed due to severe decay.,extraction_form,4
Patient needs orthodontic consultation for crowded teeth.,orthodontic_form,6
Patient has gum inflammation and periodontal assessment is required.,periodontal_form,7
"Dental exam showed tooth decay on tooth 28, restorative filling recommended.",filling_form,5
Patient has gum inflammation and periodontal assessment is required.,periodontal_form,7
Large restoration on tooth 14 failed; crown treatment recommended.,crown_bridge_form,2
Tartar accumulation found during exam; dental cleaning is required.,cleaning_form,0
Patient has severe dental pain and needs emergency appointment.,emergency_form,3
Tooth 8 extraction is needed due to severe decay.,extraction_form,4
Patient has dental trauma after accident and needs emergency evaluation.,emergency_form,3
Facial swelling and severe tooth pain require urgent dental care.,emergency_form,3
Patient has severe dental pain and needs emergency appointment.,emergency_form,3
Patient is unsure which tooth hurts and needs examination.,consultation_form,1
Patient came for general dental assessment and treatment planning.,consultation_form,1
Patient reports sensitivity to cold drinks and filling is needed on tooth 21.,filling_form,5
"Patient reports bad breath and plaque buildup, cleaning recommended.",cleaning_form,0
Patient has severe dental pain and needs emergency appointment.,emergency_form,3
Deep pockets and bleeding gums suggest periodontal disease.,periodontal_form,7
Tooth 29 extraction is needed due to severe decay.,extraction_form,4
Patient reports jaw pain and needs dental consultation.,consultation_form,1
Consultation needed for ongoing mouth pain and sensitivity.,consultation_form,1
Braces consultation requested due to misaligned teeth.,orthodontic_form,6
Patient has cavity on tooth 4 and needs composite filling.,filling_form,5
Old crown on tooth 27 is loose and needs replacement.,crown_bridge_form,2
Consultation needed for ongoing mouth pain and sensitivity.,consultation_form,1
Abscess found near tooth 24; endodontic treatment is needed.,root_canal_form,8
Abscess found near tooth 4; endodontic treatment is needed.,root_canal_form,8
Patient has gum inflammation and periodontal assessment is required.,periodontal_form,7
Scaling and root planing recommended due to gum disease.,periodontal_form,7
Bridge replacement required due to fractured dental restoration.,crown_bridge_form,2
Consultation needed for ongoing mouth pain and sensitivity.,consultation_form,1
Patient says teeth are shifting and wants orthodontic advice.,orthodontic_form,6
Broken tooth 7 has poor prognosis and extraction is planned.,extraction_form,4
Patient came for general dental assessment and treatment planning.,consultation_form,1
"Patient reports bad breath and plaque buildup, cleaning recommended.",cleaning_form,0
Patient says teeth are shifting and wants orthodontic advice.,orthodontic_form,6
Patient has bite issue and may need orthodontic treatment.,orthodontic_form,6
Patient is unsure which tooth hurts and needs examination.,consultation_form,1
Tooth 25 extraction is needed due to severe decay.,extraction_form,4
Facial swelling and severe tooth pain require urgent dental care.,emergency_form,3
Patient came for general dental assessment and treatment planning.,consultation_form,1
"Dental exam showed tooth decay on tooth 21, restorative filling recommended.",filling_form,5
Patient has dental trauma after accident and needs emergency evaluation.,emergency_form,3
Deep pockets and bleeding gums suggest periodontal disease.,periodontal_form,7
Patient needs orthodontic consultation for crowded teeth.,orthodontic_form,6
Patient is due for regular hygiene cleaning appointment.,cleaning_form,0
"Bleeding gums observed, cleaning and oral hygiene instructions recommended.",cleaning_form,0
Patient cannot sleep because tooth 26 has constant pulsing pain.,root_canal_form,8
Consultation needed for ongoing mouth pain and sensitivity.,consultation_form,1
"Patient reports loose painful tooth 6, removal may be needed.",extraction_form,4
Tooth 3 extraction is needed due to severe decay.,extraction_form,4
Patient says teeth are shifting and wants orthodontic advice.,orthodontic_form,6
Patient is due for regular hygiene cleaning appointment.,cleaning_form,0
Broken tooth 21 has poor prognosis and extraction is planned.,extraction_form,4
Patient has general tooth discomfort and requests dental evaluation.,consultation_form,1
Abscess found near tooth 13; endodontic treatment is needed.,root_canal_form,8
Patient needs orthodontic consultation for crowded teeth.,orthodontic_form,6
"Patient reports loose teeth and gum recession, periodontal treatment needed.",periodontal_form,7
Patient requires root canal treatment on tooth 27 because of infection.,root_canal_form,8
Tooth 20 hurts when eating sweets and may need filling.,filling_form,5
Large restoration on tooth 3 failed; crown treatment recommended.,crown_bridge_form,2
Scaling and root planing recommended due to gum disease.,periodontal_form,7
"Patient says food gets stuck in tooth 12, possible cavity requiring filling.",filling_form,5
Patient came for general dental assessment and treatment planning.,consultation_form,1
Braces consultation requested due to misaligned teeth.,orthodontic_form,6
Tooth 31 cannot be restored and should be removed.,extraction_form,4
Facial swelling and severe tooth pain require urgent dental care.,emergency_form,3
Patient is due for regular hygiene cleaning appointment.,cleaning_form,0
"Patient reports bad breath and plaque buildup, cleaning recommended.",cleaning_form,0
Periodontal charting required because of bleeding and bone loss.,periodontal_form,7
Patient has bite issue and may need orthodontic treatment.,orthodontic_form,6
Clear aligner assessment requested for teeth alignment.,orthodontic_form,6
Patient has dental trauma after accident and needs emergency evaluation.,emergency_form,3
Patient broke a crown while chewing and needs crown evaluation.,crown_bridge_form,2
Deep pockets and bleeding gums suggest periodontal disease.,periodontal_form,7
Deep decay reached nerve of tooth 19; root canal therapy planned.,root_canal_form,8
Large restoration on tooth 22 failed; crown treatment recommended.,crown_bridge_form,2
"Patient reports loose teeth and gum recession, periodontal treatment needed.",periodontal_form,7
Patient says teeth are shifting and wants orthodontic advice.,orthodontic_form,6
Braces consultation requested due to misaligned teeth.,orthodontic_form,6
Clear aligner assessment requested for teeth alignment.,orthodontic_form,6
Patient has dental trauma after accident and needs emergency evaluation.,emergency_form,3
Patient says teeth are shifting and wants orthodontic advice.,orthodontic_form,6
Patient needs crown placement on damaged tooth 32.,crown_bridge_form,2
Patient has dental trauma after accident and needs emergency evaluation.,emergency_form,3
Facial swelling and severe tooth pain require urgent dental care.,emergency_form,3
Patient says teeth are shifting and wants orthodontic advice.,orthodontic_form,6
"Patient says food gets stuck in tooth 1, possible cavity requiring filling.",filling_form,5
Clear aligner assessment requested for teeth alignment.,orthodontic_form,6
Facial swelling and severe tooth pain require urgent dental care.,emergency_form,3
"Dental exam showed tooth decay on tooth 24, restorative filling recommended.",filling_form,5
Facial swelling and severe tooth pain require urgent dental care.,emergency_form,3
Patient needs orthodontic consultation for crowded teeth.,orthodontic_form,6
Scaling and root planing recommended due to gum disease.,periodontal_form,7
Bridge replacement required due to fractured dental restoration.,crown_bridge_form,2
Tooth 7 hurts when eating sweets and may need filling.,filling_form,5
"Patient reports loose painful tooth 25, removal may be needed.",extraction_form,4
Large restoration on tooth 4 failed; crown treatment recommended.,crown_bridge_form,2
Tartar accumulation found during exam; dental cleaning is required.,cleaning_form,0
Braces consultation requested due to misaligned teeth.,orthodontic_form,6
Periodontal charting required because of bleeding and bone loss.,periodontal_form,7
Large restoration on tooth 2 failed; crown treatment recommended.,crown_bridge_form,2
Severe nerve pain in tooth 15; root canal treatment recommended.,root_canal_form,8
Patient has severe dental pain and needs emergency appointment.,emergency_form,3
Patient is unsure which tooth hurts and needs examination.,consultation_form,1
Patient is unsure which tooth hurts and needs examination.,consultation_form,1
Broken tooth 10 has poor prognosis and extraction is planned.,extraction_form,4
Deep decay reached nerve of tooth 7; root canal therapy planned.,root_canal_form,8
Patient reports jaw pain and needs dental consultation.,consultation_form,1
Patient is unsure which tooth hurts and needs examination.,consultation_form,1
Patient reports jaw pain and needs dental consultation.,consultation_form,1
Severe nerve pain in tooth 20; root canal treatment recommended.,root_canal_form,8
Large restoration on tooth 8 failed; crown treatment recommended.,crown_bridge_form,2
Patient has general tooth discomfort and requests dental evaluation.,consultation_form,1
Patient reports jaw pain and needs dental consultation.,consultation_form,1
Patient broke a crown while chewing and needs crown evaluation.,crown_bridge_form,2
Patient needs orthodontic consultation for crowded teeth.,orthodontic_form,6
Braces consultation requested due to misaligned teeth.,orthodontic_form,6
Patient is unsure which tooth hurts and needs examination.,consultation_form,1
"Patient says food gets stuck in tooth 30, possible cavity requiring filling.",filling_form,5
Patient came for general dental assessment and treatment planning.,consultation_form,1
Patient says teeth are shifting and wants orthodontic advice.,orthodontic_form,6
"Dental exam showed tooth decay on tooth 13, restorative filling recommended.",filling_form,5
Old crown on tooth 31 is loose and needs replacement.,crown_bridge_form,2
Patient is unsure which tooth hurts and needs examination.,consultation_form,1
Scaling and root planing recommended due to gum disease.,periodontal_form,7
Large restoration on tooth 8 failed; crown treatment recommended.,crown_bridge_form,2
"Patient reports bad breath and plaque buildup, cleaning recommended.",cleaning_form,0
Tooth 7 extraction is needed due to severe decay.,extraction_form,4
Severe nerve pain in tooth 9; root canal treatment recommended.,root_canal_form,8
Patient has swelling and pain around tooth 31; extraction may be required.,extraction_form,4
Patient has general tooth discomfort and requests dental evaluation.,consultation_form,1
Patient has severe dental pain and needs emergency appointment.,emergency_form,3
Patient is due for regular hygiene cleaning appointment.,cleaning_form,0
Facial swelling and severe tooth pain require urgent dental care.,emergency_form,3
"Patient reports bad breath and plaque buildup, cleaning recommended.",cleaning_form,0
Tooth 1 hurts when eating sweets and may need filling.,filling_form,5
Tartar accumulation found during exam; dental cleaning is required.,cleaning_form,0
"Dental exam showed tooth decay on tooth 30, restorative filling recommended.",filling_form,5
Tooth 19 cannot be restored and should be removed.,extraction_form,4
Patient has gum inflammation and periodontal assessment is required.,periodontal_form,7
Consultation needed for ongoing mouth pain and sensitivity.,consultation_form,1
Patient has bite issue and may need orthodontic treatment.,orthodontic_form,6
Patient broke tooth 25 yesterday and reports sharp pain.,emergency_form,3
Patient came for general dental assessment and treatment planning.,consultation_form,1
Bridge replacement required due to fractured dental restoration.,crown_bridge_form,2
"Patient reports bad breath and plaque buildup, cleaning recommended.",cleaning_form,0
Deep decay reached nerve of tooth 28; root canal therapy planned.,root_canal_form,8
Tooth 24 extraction is needed due to severe decay.,extraction_form,4
Patient broke tooth 3 yesterday and reports sharp pain.,emergency_form,3
"Bleeding gums observed, cleaning and oral hygiene instructions recommended.",cleaning_form,0
"Dental exam showed tooth decay on tooth 3, restorative filling recommended.",filling_form,5
Deep pockets and bleeding gums suggest periodontal disease.,periodontal_form,7
Large restoration on tooth 19 failed; crown treatment recommended.,crown_bridge_form,2
Patient is unsure which tooth hurts and needs examination.,consultation_form,1
Patient has plaque buildup and needs dental cleaning.,cleaning_form,0
Braces consultation requested due to misaligned teeth.,orthodontic_form,6
Patient says teeth are shifting and wants orthodontic advice.,orthodontic_form,6
Patient came for general dental assessment and treatment planning.,consultation_form,1
Patient has dental trauma after accident and needs emergency evaluation.,emergency_form,3
Patient is unsure which tooth hurts and needs examination.,consultation_form,1
Patient has general tooth discomfort and requests dental evaluation.,consultation_form,1
Patient cannot sleep because tooth 8 has constant pulsing pain.,root_canal_form,8
Scaling and root planing recommended due to gum disease.,periodontal_form,7
Patient requires root canal treatment on tooth 11 because of infection.,root_canal_form,8
"Patient reports bad breath and plaque buildup, cleaning recommended.",cleaning_form,0
"Patient reports bad breath and plaque buildup, cleaning recommended.",cleaning_form,0
Patient is due for regular hygiene cleaning appointment.,cleaning_form,0
"Patient reports loose painful tooth 26, removal may be needed.",extraction_form,4
Patient has general tooth discomfort and requests dental evaluation.,consultation_form,1
Patient has swelling and pain around tooth 31; extraction may be required.,extraction_form,4
Tartar accumulation found during exam; dental cleaning is required.,cleaning_form,0
"Patient reports bad breath and plaque buildup, cleaning recommended.",cleaning_form,0
"Dental exam showed tooth decay on tooth 32, restorative filling recommended.",filling_form,5
Patient has swelling and pain around tooth 21; extraction may be required.,extraction_form,4
"Patient reports loose painful tooth 32, removal may be needed.",extraction_form,4
Tooth 3 hurts when eating sweets and may need filling.,filling_form,5
Severe nerve pain in tooth 19; root canal treatment recommended.,root_canal_form,8
Patient has swelling and pain around tooth 3; extraction may be required.,extraction_form,4
"Patient reports bad breath and plaque buildup, cleaning recommended.",cleaning_form,0
Patient broke tooth 31 yesterday and reports sharp pain.,emergency_form,3
Patient cannot sleep because tooth 12 has constant pulsing pain.,root_canal_form,8
Patient has general tooth discomfort and requests dental evaluation.,consultation_form,1
Bridge replacement required due to fractured dental restoration.,crown_bridge_form,2
Tartar accumulation found during exam; dental cleaning is required.,cleaning_form,0
Patient broke a crown while chewing and needs crown evaluation.,crown_bridge_form,2
Braces consultation requested due to misaligned teeth.,orthodontic_form,6
Severe nerve pain in tooth 17; root canal treatment recommended.,root_canal_form,8
Bridge replacement required due to fractured dental restoration.,crown_bridge_form,2
Patient woke up with swollen face and severe mouth pain.,emergency_form,3
Patient has general tooth discomfort and requests dental evaluation.,consultation_form,1
Tooth 10 extraction is needed due to severe decay.,extraction_form,4
"Bleeding gums observed, cleaning and oral hygiene instructions recommended.",cleaning_form,0
Patient has plaque buildup and needs dental cleaning.,cleaning_form,0
"Patient reports loose painful tooth 8, removal may be needed.",extraction_form,4
Patient is due for regular hygiene cleaning appointment.,cleaning_form,0
Scaling and root planing recommended due to gum disease.,periodontal_form,7
Patient needs orthodontic consultation for crowded teeth.,orthodontic_form,6
Patient broke a crown while chewing and needs crown evaluation.,crown_bridge_form,2
Large restoration on tooth 11 failed; crown treatment recommended.,crown_bridge_form,2
Scaling and root planing recommended due to gum disease.,periodontal_form,7
Patient has swelling and pain around tooth 12; extraction may be required.,extraction_form,4
Deep decay reached nerve of tooth 8; root canal therapy planned.,root_canal_form,8
Tartar accumulation found during exam; dental cleaning is required.,cleaning_form,0
Tartar accumulation found during exam; dental cleaning is required.,cleaning_form,0
Patient is due for regular hygiene cleaning appointment.,cleaning_form,0
Tooth 29 extraction is needed due to severe decay.,extraction_form,4
Facial swelling and severe tooth pain require urgent dental care.,emergency_form,3
Scaling and root planing recommended due to gum disease.,periodontal_form,7
Patient is due for regular hygiene cleaning appointment.,cleaning_form,0
Patient has cavity on tooth 6 and needs composite filling.,filling_form,5
Patient has general tooth discomfort and requests dental evaluation.,consultation_form,1
Scaling and root planing recommended due to gum disease.,periodontal_form,7
"Patient reports loose painful tooth 12, removal may be needed.",extraction_form,4
Clear aligner assessment requested for teeth alignment.,orthodontic_form,6
"Patient reports loose painful tooth 9, removal may be needed.",extraction_form,4
Large restoration on tooth 9 failed; crown treatment recommended.,crown_bridge_form,2
Patient broke tooth 18 yesterday and reports sharp pain.,emergency_form,3
Patient has general tooth discomfort and requests dental evaluation.,consultation_form,1
Patient is unsure which tooth hurts and needs examination.,consultation_form,1
Tartar accumulation found during exam; dental cleaning is required.,cleaning_form,0
Patient has dental trauma after accident and needs emergency evaluation.,emergency_form,3
Patient has plaque buildup and needs dental cleaning.,cleaning_form,0
Patient has bite issue and may need orthodontic treatment.,orthodontic_form,6
Old crown on tooth 9 is loose and needs replacement.,crown_bridge_form,2
Tooth 15 hurts when eating sweets and may need filling.,filling_form,5
Severe nerve pain in tooth 4; root canal treatment recommended.,root_canal_form,8
"Patient reports loose teeth and gum recession, periodontal treatment needed.",periodontal_form,7
Patient has severe dental pain and needs emergency appointment.,emergency_form,3
Patient says teeth are shifting and wants orthodontic advice.,orthodontic_form,6
Large restoration on tooth 8 failed; crown treatment recommended.,crown_bridge_form,2
Patient cannot sleep because tooth 31 has constant pulsing pain.,root_canal_form,8
Broken tooth 20 has poor prognosis and extraction is planned.,extraction_form,4
Bridge replacement required due to fractured dental restoration.,crown_bridge_form,2
Consultation needed for ongoing mouth pain and sensitivity.,consultation_form,1
Facial swelling and severe tooth pain require urgent dental care.,emergency_form,3
Consultation needed for ongoing mouth pain and sensitivity.,consultation_form,1
Patient requires root canal treatment on tooth 4 because of infection.,root_canal_form,8
Patient broke tooth 16 yesterday and reports sharp pain.,emergency_form,3
Patient needs orthodontic consultation for crowded teeth.,orthodontic_form,6
Tartar accumulation found during exam; dental cleaning is required.,cleaning_form,0
Broken tooth 25 has poor prognosis and extraction is planned.,extraction_form,4
Tooth 28 hurts when eating sweets and may need filling.,filling_form,5
Patient requires root canal treatment on tooth 6 because of infection.,root_canal_form,8
Patient needs crown placement on damaged tooth 5.,crown_bridge_form,2
Facial swelling and severe tooth pain require urgent dental care.,emergency_form,3
Abscess found near tooth 12; endodontic treatment is needed.,root_canal_form,8
"Patient reports bad breath and plaque buildup, cleaning recommended.",cleaning_form,0
Severe nerve pain in tooth 28; root canal treatment recommended.,root_canal_form,8
Patient has cavity on tooth 14 and needs composite filling.,filling_form,5
Braces consultation requested due to misaligned teeth.,orthodontic_form,6
Patient cannot sleep because tooth 16 has constant pulsing pain.,root_canal_form,8
Deep pockets and bleeding gums suggest periodontal disease.,periodontal_form,7
Tooth 19 cannot be restored and should be removed.,extraction_form,4
Patient broke a crown while chewing and needs crown evaluation.,crown_bridge_form,2
Patient requires root canal treatment on tooth 23 because of infection.,root_canal_form,8
Scaling and root planing recommended due to gum disease.,periodontal_form,7
Abscess found near tooth 5; endodontic treatment is needed.,root_canal_form,8
Patient requires root canal treatment on tooth 21 because of infection.,root_canal_form,8
Patient requires root canal treatment on tooth 24 because of infection.,root_canal_form,8
Scaling and root planing recommended due to gum disease.,periodontal_form,7
"Patient reports loose teeth and gum recession, periodontal treatment needed.",periodontal_form,7
Braces consultation requested due to misaligned teeth.,orthodontic_form,6
Periodontal charting required because of bleeding and bone loss.,periodontal_form,7
"Patient reports loose teeth and gum recession, periodontal treatment needed.",periodontal_form,7
Patient has gum inflammation and periodontal assessment is required.,periodontal_form,7
"Patient says food gets stuck in tooth 29, possible cavity requiring filling.",filling_form,5
Tooth 10 cannot be restored and should be removed.,extraction_form,4
Patient broke tooth 9 yesterday and reports sharp pain.,emergency_form,3
"Patient reports loose painful tooth 16, removal may be needed.",extraction_form,4
"Bleeding gums observed, cleaning and oral hygiene instructions recommended.",cleaning_form,0
Tooth 29 extraction is needed due to severe decay.,extraction_form,4
Deep pockets and bleeding gums suggest periodontal disease.,periodontal_form,7
Braces consultation requested due to misaligned teeth.,orthodontic_form,6
Tartar accumulation found during exam; dental cleaning is required.,cleaning_form,0
Patient is unsure which tooth hurts and needs examination.,consultation_form,1
Patient reports sensitivity to cold drinks and filling is needed on tooth 16.,filling_form,5
"Patient says food gets stuck in tooth 29, possible cavity requiring filling.",filling_form,5
Tooth 7 hurts when eating sweets and may need filling.,filling_form,5
Patient broke a crown while chewing and needs crown evaluation.,crown_bridge_form,2
Patient has cavity on tooth 29 and needs composite filling.,filling_form,5
Patient has cavity on tooth 28 and needs composite filling.,filling_form,5
"Patient reports loose painful tooth 25, removal may be needed.",extraction_form,4
Patient is due for regular hygiene cleaning appointment.,cleaning_form,0
Patient has gum inflammation and periodontal assessment is required.,periodontal_form,7
"Patient reports loose painful tooth 14, removal may be needed.",extraction_form,4
Tartar accumulation found during exam; dental cleaning is required.,cleaning_form,0
Patient has cavity on tooth 30 and needs composite filling.,filling_form,5
Braces consultation requested due to misaligned teeth.,orthodontic_form,6
Patient has swelling and pain around tooth 30; extraction may be required.,extraction_form,4
Patient has general tooth discomfort and requests dental evaluation.,consultation_form,1
Patient broke a crown while chewing and needs crown evaluation.,crown_bridge_form,2
Tartar accumulation found during exam; dental cleaning is required.,cleaning_form,0
Large restoration on tooth 32 failed; crown treatment recommended.,crown_bridge_form,2
Patient reports jaw pain and needs dental consultation.,consultation_form,1
"Patient reports bad breath and plaque buildup, cleaning recommended.",cleaning_form,0
Patient cannot sleep because tooth 23 has constant pulsing pain.,root_canal_form,8
Patient has severe dental pain and needs emergency appointment.,emergency_form,3
Patient is due for regular hygiene cleaning appointment.,cleaning_form,0
"Bleeding gums observed, cleaning and oral hygiene instructions recommended.",cleaning_form,0
Clear aligner assessment requested for teeth alignment.,orthodontic_form,6
Tooth 22 extraction is needed due to severe decay.,extraction_form,4
Patient is unsure which tooth hurts and needs examination.,consultation_form,1
Patient needs crown placement on damaged tooth 32.,crown_bridge_form,2
Patient has dental trauma after accident and needs emergency evaluation.,emergency_form,3
Tartar accumulation found during exam; dental cleaning is required.,cleaning_form,0
Abscess found near tooth 16; endodontic treatment is needed.,root_canal_form,8
Old crown on tooth 10 is loose and needs replacement.,crown_bridge_form,2
Patient requires root canal treatment on tooth 26 because of infection.,root_canal_form,8
"Bleeding gums observed, cleaning and oral hygiene instructions recommended.",cleaning_form,0
Facial swelling and severe tooth pain require urgent dental care.,emergency_form,3
Tartar accumulation found during exam; dental cleaning is required.,cleaning_form,0
Old crown on tooth 20 is loose and needs replacement.,crown_bridge_form,2
"Patient reports loose teeth and gum recession, periodontal treatment needed.",periodontal_form,7
Patient cannot sleep because tooth 30 has constant pulsing pain.,root_canal_form,8
Scaling and root planing recommended due to gum disease.,periodontal_form,7
"Patient reports bad breath and plaque buildup, cleaning recommended.",cleaning_form,0
Tooth 10 extraction is needed due to severe decay.,extraction_form,4
Patient has severe dental pain and needs emergency appointment.,emergency_form,3
Patient reports sensitivity to cold drinks and filling is needed on tooth 3.,filling_form,5
Tooth 17 hurts when eating sweets and may need filling.,filling_form,5
Patient requires root canal treatment on tooth 18 because of infection.,root_canal_form,8
Consultation needed for ongoing mouth pain and sensitivity.,consultation_form,1
Bridge replacement required due to fractured dental restoration.,crown_bridge_form,2
"Patient reports loose teeth and gum recession, periodontal treatment needed.",periodontal_form,7
Patient reports sensitivity to cold drinks and filling is needed on tooth 32.,filling_form,5
Patient says teeth are shifting and wants orthodontic advice.,orthodontic_form,6
Broken tooth 24 has poor prognosis and extraction is planned.,extraction_form,4
Abscess found near tooth 26; endodontic treatment is needed.,root_canal_form,8
Patient broke tooth 24 yesterday and reports sharp pain.,emergency_form,3
Facial swelling and severe tooth pain require urgent dental care.,emergency_form,3
Deep decay reached nerve of tooth 29; root canal therapy planned.,root_canal_form,8
Periodontal charting required because of bleeding and bone loss.,periodontal_form,7
Patient has severe dental pain and needs emergency appointment.,emergency_form,3
Patient reports jaw pain and needs dental consultation.,consultation_form,1
Patient has bite issue and may need orthodontic treatment.,orthodontic_form,6
Consultation needed for ongoing mouth pain and sensitivity.,consultation_form,1
Patient broke tooth 17 yesterday and reports sharp pain.,emergency_form,3
"Bleeding gums observed, cleaning and oral hygiene instructions recommended.",cleaning_form,0
Tooth 4 cannot be restored and should be removed.,extraction_form,4
Abscess found near tooth 10; endodontic treatment is needed.,root_canal_form,8
Clear aligner assessment requested for teeth alignment.,orthodontic_form,6
Patient has bite issue and may need orthodontic treatment.,orthodontic_form,6
Clear aligner assessment requested for teeth alignment.,orthodontic_form,6
"Patient reports loose teeth and gum recession, periodontal treatment needed.",periodontal_form,7
"Patient says food gets stuck in tooth 31, possible cavity requiring filling.",filling_form,5
Consultation needed for ongoing mouth pain and sensitivity.,consultation_form,1
Patient has plaque buildup and needs dental cleaning.,cleaning_form,0
Bridge replacement required due to fractured dental restoration.,crown_bridge_form,2
Periodontal charting required because of bleeding and bone loss.,periodontal_form,7
Tooth 24 hurts when eating sweets and may need filling.,filling_form,5
Periodontal charting required because of bleeding and bone loss.,periodontal_form,7
Patient reports sensitivity to cold drinks and filling is needed on tooth 10.,filling_form,5
"Dental exam showed tooth decay on tooth 24, restorative filling recommended.",filling_form,5
Patient has cavity on tooth 20 and needs composite filling.,filling_form,5
Tartar accumulation found during exam; dental cleaning is required.,cleaning_form,0
Tooth 19 extraction is needed due to severe decay.,extraction_form,4
"Patient reports loose teeth and gum recession, periodontal treatment needed.",periodontal_form,7
Patient requires root canal treatment on tooth 28 because of infection.,root_canal_form,8
Patient has bite issue and may need orthodontic treatment.,orthodontic_form,6
Patient has bite issue and may need orthodontic treatment.,orthodontic_form,6
Periodontal charting required because of bleeding and bone loss.,periodontal_form,7
Bridge replacement required due to fractured dental restoration.,crown_bridge_form,2
Large restoration on tooth 9 failed; crown treatment recommended.,crown_bridge_form,2
Patient came for general dental assessment and treatment planning.,consultation_form,1
Periodontal charting required because of bleeding and bone loss.,periodontal_form,7
Patient says teeth are shifting and wants orthodontic advice.,orthodontic_form,6
Patient is due for regular hygiene cleaning appointment.,cleaning_form,0
"Bleeding gums observed, cleaning and oral hygiene instructions recommended.",cleaning_form,0
Patient says teeth are shifting and wants orthodontic advice.,orthodontic_form,6
Patient has plaque buildup and needs dental cleaning.,cleaning_form,0
Severe nerve pain in tooth 26; root canal treatment recommended.,root_canal_form,8
Patient has bite issue and may need orthodontic treatment.,orthodontic_form,6
Patient cannot sleep because tooth 28 has constant pulsing pain.,root_canal_form,8
Braces consultation requested due to misaligned teeth.,orthodontic_form,6
Patient has general tooth discomfort and requests dental evaluation.,consultation_form,1
Patient is due for regular hygiene cleaning appointment.,cleaning_form,0
Patient reports sensitivity to cold drinks and filling is needed on tooth 12.,filling_form,5
Patient needs crown placement on damaged tooth 27.,crown_bridge_form,2
Patient woke up with swollen face and severe mouth pain.,emergency_form,3
Patient has gum inflammation and periodontal assessment is required.,periodontal_form,7
Patient has bite issue and may need orthodontic treatment.,orthodontic_form,6
Patient is unsure which tooth hurts and needs examination.,consultation_form,1
Old crown on tooth 29 is loose and needs replacement.,crown_bridge_form,2
Patient cannot sleep because tooth 31 has constant pulsing pain.,root_canal_form,8
Patient reports sensitivity to cold drinks and filling is needed on tooth 21.,filling_form,5
Patient broke a crown while chewing and needs crown evaluation.,crown_bridge_form,2
Tooth 21 hurts when eating sweets and may need filling.,filling_form,5
Patient says teeth are shifting and wants orthodontic advice.,orthodontic_form,6
Patient requires root canal treatment on tooth 5 because of infection.,root_canal_form,8
Patient reports jaw pain and needs dental consultation.,consultation_form,1
Patient reports sensitivity to cold drinks and filling is needed on tooth 28.,filling_form,5
Patient requires root canal treatment on tooth 5 because of infection.,root_canal_form,8
Patient came for general dental assessment and treatment planning.,consultation_form,1
"Patient reports loose teeth and gum recession, periodontal treatment needed.",periodontal_form,7
"Patient reports loose painful tooth 27, removal may be needed.",extraction_form,4
Patient woke up with swollen face and severe mouth pain.,emergency_form,3
Patient has swelling and pain around tooth 6; extraction may be required.,extraction_form,4
Severe nerve pain in tooth 27; root canal treatment recommended.,root_canal_form,8
Patient needs crown placement on damaged tooth 7.,crown_bridge_form,2
Old crown on tooth 16 is loose and needs replacement.,crown_bridge_form,2
Large restoration on tooth 3 failed; crown treatment recommended.,crown_bridge_form,2
Bridge replacement required due to fractured dental restoration.,crown_bridge_form,2
Patient has gum inflammation and periodontal assessment is required.,periodontal_form,7
Tartar accumulation found during exam; dental cleaning is required.,cleaning_form,0
Large restoration on tooth 29 failed; crown treatment recommended.,crown_bridge_form,2
Patient reports jaw pain and needs dental consultation.,consultation_form,1
Bridge replacement required due to fractured dental restoration.,crown_bridge_form,2
Patient has general tooth discomfort and requests dental evaluation.,consultation_form,1
Patient says teeth are shifting and wants orthodontic advice.,orthodontic_form,6
Patient came for general dental assessment and treatment planning.,consultation_form,1
Tooth 3 hurts when eating sweets and may need filling.,filling_form,5
Deep pockets and bleeding gums suggest periodontal disease.,periodontal_form,7
"Bleeding gums observed, cleaning and oral hygiene instructions recommended.",cleaning_form,0
Patient is due for regular hygiene cleaning appointment.,cleaning_form,0
Patient reports jaw pain and needs dental consultation.,consultation_form,1
Deep pockets and bleeding gums suggest periodontal disease.,periodontal_form,7
Periodontal charting required because of bleeding and bone loss.,periodontal_form,7
Patient says teeth are shifting and wants orthodontic advice.,orthodontic_form,6
Patient says teeth are shifting and wants orthodontic advice.,orthodontic_form,6
Scaling and root planing recommended due to gum disease.,periodontal_form,7
Deep pockets and bleeding gums suggest periodontal disease.,periodontal_form,7
"Patient reports loose painful tooth 21, removal may be needed.",extraction_form,4
Patient cannot sleep because tooth 18 has constant pulsing pain.,root_canal_form,8
Deep pockets and bleeding gums suggest periodontal disease.,periodontal_form,7
Patient is due for regular hygiene cleaning appointment.,cleaning_form,0
Tooth 11 extraction is needed due to severe decay.,extraction_form,4
Tooth 30 extraction is needed due to severe decay.,extraction_form,4
Patient woke up with swollen face and severe mouth pain.,emergency_form,3
Patient is due for regular hygiene cleaning appointment.,cleaning_form,0
"Patient reports loose teeth and gum recession, periodontal treatment needed.",periodontal_form,7
"Patient reports bad breath and plaque buildup, cleaning recommended.",cleaning_form,0
Deep pockets and bleeding gums suggest periodontal disease.,periodontal_form,7
Old crown on tooth 8 is loose and needs replacement.,crown_bridge_form,2
Tooth 5 cannot be restored and should be removed.,extraction_form,4
Consultation needed for ongoing mouth pain and sensitivity.,consultation_form,1
Patient came for general dental assessment and treatment planning.,consultation_form,1
Patient has general tooth discomfort and requests dental evaluation.,consultation_form,1
Deep pockets and bleeding gums suggest periodontal disease.,periodontal_form,7
Patient cannot sleep because tooth 30 has constant pulsing pain.,root_canal_form,8
Periodontal charting required because of bleeding and bone loss.,periodontal_form,7
Patient is unsure which tooth hurts and needs examination.,consultation_form,1
Patient reports sensitivity to cold drinks and filling is needed on tooth 3.,filling_form,5
Tooth 27 hurts when eating sweets and may need filling.,filling_form,5
Tooth 31 extraction is needed due to severe decay.,extraction_form,4
Abscess found near tooth 19; endodontic treatment is needed.,root_canal_form,8
Scaling and root planing recommended due to gum disease.,periodontal_form,7
Old crown on tooth 7 is loose and needs replacement.,crown_bridge_form,2
Tooth 2 cannot be restored and should be removed.,extraction_form,4
"Bleeding gums observed, cleaning and oral hygiene instructions recommended.",cleaning_form,0
Patient has gum inflammation and periodontal assessment is required.,periodontal_form,7
"Patient says food gets stuck in tooth 6, possible cavity requiring filling.",filling_form,5
"Patient says food gets stuck in tooth 31, possible cavity requiring filling.",filling_form,5
Patient requires root canal treatment on tooth 17 because of infection.,root_canal_form,8
Patient is unsure which tooth hurts and needs examination.,consultation_form,1
Abscess found near tooth 20; endodontic treatment is needed.,root_canal_form,8
Deep decay reached nerve of tooth 22; root canal therapy planned.,root_canal_form,8
Patient has severe dental pain and needs emergency appointment.,emergency_form,3
Patient broke tooth 19 yesterday and reports sharp pain.,emergency_form,3
"Patient reports loose teeth and gum recession, periodontal treatment needed.",periodontal_form,7
Tooth 4 cannot be restored and should be removed.,extraction_form,4
Facial swelling and severe tooth pain require urgent dental care.,emergency_form,3
Patient broke tooth 11 yesterday and reports sharp pain.,emergency_form,3
Abscess found near tooth 13; endodontic treatment is needed.,root_canal_form,8
Patient has bite issue and may need orthodontic treatment.,orthodontic_form,6
Patient needs crown placement on damaged tooth 15.,crown_bridge_form,2
Patient has gum inflammation and periodontal assessment is required.,periodontal_form,7
"Patient reports bad breath and plaque buildup, cleaning recommended.",cleaning_form,0
Patient has severe dental pain and needs emergency appointment.,emergency_form,3
Patient cannot sleep because tooth 25 has constant pulsing pain.,root_canal_form,8
Deep decay reached nerve of tooth 11; root canal therapy planned.,root_canal_form,8
"Patient reports bad breath and plaque buildup, cleaning recommended.",cleaning_form,0
Abscess found near tooth 3; endodontic treatment is needed.,root_canal_form,8
Patient has gum inflammation and periodontal assessment is required.,periodontal_form,7
Periodontal charting required because of bleeding and bone loss.,periodontal_form,7
"Patient says food gets stuck in tooth 3, possible cavity requiring filling.",filling_form,5
Patient reports sensitivity to cold drinks and filling is needed on tooth 5.,filling_form,5
Patient has severe dental pain and needs emergency appointment.,emergency_form,3
"Patient reports bad breath and plaque buildup, cleaning recommended.",cleaning_form,0
Severe nerve pain in tooth 9; root canal treatment recommended.,root_canal_form,8
Facial swelling and severe tooth pain require urgent dental care.,emergency_form,3
Deep pockets and bleeding gums suggest periodontal disease.,periodontal_form,7
Patient broke a crown while chewing and needs crown evaluation.,crown_bridge_form,2
Patient needs orthodontic consultation for crowded teeth.,orthodontic_form,6
Patient broke a crown while chewing and needs crown evaluation.,crown_bridge_form,2
Clear aligner assessment requested for teeth alignment.,orthodontic_form,6
Clear aligner assessment requested for teeth alignment.,orthodontic_form,6
"Patient says food gets stuck in tooth 21, possible cavity requiring filling.",filling_form,5
"Bleeding gums observed, cleaning and oral hygiene instructions recommended.",cleaning_form,0
Patient has general tooth discomfort and requests dental evaluation.,consultation_form,1
"Patient reports loose teeth and gum recession, periodontal treatment needed.",periodontal_form,7
Severe nerve pain in tooth 30; root canal treatment recommended.,root_canal_form,8
Patient woke up with swollen face and severe mouth pain.,emergency_form,3
Patient says teeth are shifting and wants orthodontic advice.,orthodontic_form,6
Patient has bite issue and may need orthodontic treatment.,orthodontic_form,6
Tooth 17 extraction is needed due to severe decay.,extraction_form,4
Patient came for general dental assessment and treatment planning.,consultation_form,1
Tooth 13 hurts when eating sweets and may need filling.,filling_form,5
Abscess found near tooth 22; endodontic treatment is needed.,root_canal_form,8
Abscess found near tooth 13; endodontic treatment is needed.,root_canal_form,8
"Patient reports loose teeth and gum recession, periodontal treatment needed.",periodontal_form,7
"Dental exam showed tooth decay on tooth 16, restorative filling recommended.",filling_form,5
Deep pockets and bleeding gums suggest periodontal disease.,periodontal_form,7
Facial swelling and severe tooth pain require urgent dental care.,emergency_form,3
Deep decay reached nerve of tooth 28; root canal therapy planned.,root_canal_form,8
Consultation needed for ongoing mouth pain and sensitivity.,consultation_form,1
Broken tooth 30 has poor prognosis and extraction is planned.,extraction_form,4
Clear aligner assessment requested for teeth alignment.,orthodontic_form,6
Patient is due for regular hygiene cleaning appointment.,cleaning_form,0
Patient needs orthodontic consultation for crowded teeth.,orthodontic_form,6
Patient needs orthodontic consultation for crowded teeth.,orthodontic_form,6
Patient broke a crown while chewing and needs crown evaluation.,crown_bridge_form,2
Deep pockets and bleeding gums suggest periodontal disease.,periodontal_form,7
Large restoration on tooth 21 failed; crown treatment recommended.,crown_bridge_form,2
Patient has bite issue and may need orthodontic treatment.,orthodontic_form,6
Tartar accumulation found during exam; dental cleaning is required.,cleaning_form,0
Patient has cavity on tooth 31 and needs composite filling.,filling_form,5
"Patient reports bad breath and plaque buildup, cleaning recommended.",cleaning_form,0
Patient broke tooth 5 yesterday and reports sharp pain.,emergency_form,3
Patient broke tooth 18 yesterday and reports sharp pain.,emergency_form,3
Patient needs orthodontic consultation for crowded teeth.,orthodontic_form,6
Tooth 17 cannot be restored and should be removed.,extraction_form,4
Patient has bite issue and may need orthodontic treatment.,orthodontic_form,6
Deep pockets and bleeding gums suggest periodontal disease.,periodontal_form,7
Tooth 28 hurts when eating sweets and may need filling.,filling_form,5
Patient is unsure which tooth hurts and needs examination.,consultation_form,1
Tooth 1 hurts when eating sweets and may need filling.,filling_form,5
Clear aligner assessment requested for teeth alignment.,orthodontic_form,6
Patient came for general dental assessment and treatment planning.,consultation_form,1
Patient is due for regular hygiene cleaning appointment.,cleaning_form,0
Patient has swelling and pain around tooth 9; extraction may be required.,extraction_form,4
Patient needs orthodontic consultation for crowded teeth.,orthodontic_form,6
Patient has cavity on tooth 10 and needs composite filling.,filling_form,5
Patient is due for regular hygiene cleaning appointment.,cleaning_form,0
Consultation needed for ongoing mouth pain and sensitivity.,consultation_form,1
Patient needs crown placement on damaged tooth 21.,crown_bridge_form,2
Tooth 18 cannot be restored and should be removed.,extraction_form,4
Patient needs crown placement on damaged tooth 13.,crown_bridge_form,2
Patient broke tooth 12 yesterday and reports sharp pain.,emergency_form,3
Patient has bite issue and may need orthodontic treatment.,orthodontic_form,6
Patient has general tooth discomfort and requests dental evaluation.,consultation_form,1
Patient has swelling and pain around tooth 7; extraction may be required.,extraction_form,4
Patient broke a crown while chewing and needs crown evaluation.,crown_bridge_form,2
Broken tooth 18 has poor prognosis and extraction is planned.,extraction_form,4
Patient says teeth are shifting and wants orthodontic advice.,orthodontic_form,6
Facial swelling and severe tooth pain require urgent dental care.,emergency_form,3
"Patient reports loose teeth and gum recession, periodontal treatment needed.",periodontal_form,7
Patient is unsure which tooth hurts and needs examination.,consultation_form,1
Patient reports jaw pain and needs dental consultation.,consultation_form,1
Bridge replacement required due to fractured dental restoration.,crown_bridge_form,2
Patient needs orthodontic consultation for crowded teeth.,orthodontic_form,6
Patient needs orthodontic consultation for crowded teeth.,orthodontic_form,6
Severe nerve pain in tooth 13; root canal treatment recommended.,root_canal_form,8
Facial swelling and severe tooth pain require urgent dental care.,emergency_form,3
Patient has severe dental pain and needs emergency appointment.,emergency_form,3
"Patient reports bad breath and plaque buildup, cleaning recommended.",cleaning_form,0
Tooth 5 hurts when eating sweets and may need filling.,filling_form,5
Clear aligner assessment requested for teeth alignment.,orthodontic_form,6
Patient has bite issue and may need orthodontic treatment.,orthodontic_form,6
Patient has swelling and pain around tooth 30; extraction may be required.,extraction_form,4
Tooth 28 extraction is needed due to severe decay.,extraction_form,4
Patient woke up with swollen face and severe mouth pain.,emergency_form,3
Deep decay reached nerve of tooth 16; root canal therapy planned.,root_canal_form,8
Tooth 15 extraction is needed due to severe decay.,extraction_form,4
"Patient says food gets stuck in tooth 25, possible cavity requiring filling.",filling_form,5
Deep pockets and bleeding gums suggest periodontal disease.,periodontal_form,7
Abscess found near tooth 11; endodontic treatment is needed.,root_canal_form,8
Patient reports jaw pain and needs dental consultation.,consultation_form,1
Deep decay reached nerve of tooth 8; root canal therapy planned.,root_canal_form,8
"Patient reports loose painful tooth 18, removal may be needed.",extraction_form,4
Patient has swelling and pain around tooth 10; extraction may be required.,extraction_form,4
Patient needs orthodontic consultation for crowded teeth.,orthodontic_form,6
"Dental exam showed tooth decay on tooth 31, restorative filling recommended.",filling_form,5
Facial swelling and severe tooth pain require urgent dental care.,emergency_form,3
Bridge replacement required due to fractured dental restoration.,crown_bridge_form,2
Facial swelling and severe tooth pain require urgent dental care.,emergency_form,3
Patient has gum inflammation and periodontal assessment is required.,periodontal_form,7
Patient has gum inflammation and periodontal assessment is required.,periodontal_form,7
Scaling and root planing recommended due to gum disease.,periodontal_form,7
Bridge replacement required due to fractured dental restoration.,crown_bridge_form,2
Large restoration on tooth 13 failed; crown treatment recommended.,crown_bridge_form,2
Bridge replacement required due to fractured dental restoration.,crown_bridge_form,2
Tooth 24 cannot be restored and should be removed.,extraction_form,4
Patient needs crown placement on damaged tooth 17.,crown_bridge_form,2
Tartar accumulation found during exam; dental cleaning is required.,cleaning_form,0
Braces consultation requested due to misaligned teeth.,orthodontic_form,6
Patient is unsure which tooth hurts and needs examination.,consultation_form,1
Severe nerve pain in tooth 23; root canal treatment recommended.,root_canal_form,8
Patient came for general dental assessment and treatment planning.,consultation_form,1
Patient has general tooth discomfort and requests dental evaluation.,consultation_form,1
Severe nerve pain in tooth 22; root canal treatment recommended.,root_canal_form,8
Patient has swelling and pain around tooth 22; extraction may be required.,extraction_form,4
Tooth 14 cannot be restored and should be removed.,extraction_form,4
Deep pockets and bleeding gums suggest periodontal disease.,periodontal_form,7
Patient has cavity on tooth 18 and needs composite filling.,filling_form,5
Patient cannot sleep because tooth 26 has constant pulsing pain.,root_canal_form,8
Patient has cavity on tooth 11 and needs composite filling.,filling_form,5
Patient has severe dental pain and needs emergency appointment.,emergency_form,3
Patient cannot sleep because tooth 2 has constant pulsing pain.,root_canal_form,8
Patient has swelling and pain around tooth 9; extraction may be required.,extraction_form,4
Patient woke up with swollen face and severe mouth pain.,emergency_form,3
Large restoration on tooth 6 failed; crown treatment recommended.,crown_bridge_form,2
"Patient reports bad breath and plaque buildup, cleaning recommended.",cleaning_form,0
Patient needs orthodontic consultation for crowded teeth.,orthodontic_form,6
Consultation needed for ongoing mouth pain and sensitivity.,consultation_form,1
Patient cannot sleep because tooth 5 has constant pulsing pain.,root_canal_form,8
Tooth 2 cannot be restored and should be removed.,extraction_form,4
Tartar accumulation found during exam; dental cleaning is required.,cleaning_form,0
Patient came for general dental assessment and treatment planning.,consultation_form,1
Patient has bite issue and may need orthodontic treatment.,orthodontic_form,6
"Patient reports loose painful tooth 25, removal may be needed.",extraction_form,4
Braces consultation requested due to misaligned teeth.,orthodontic_form,6
Severe nerve pain in tooth 9; root canal treatment recommended.,root_canal_form,8
Patient has general tooth discomfort and requests dental evaluation.,consultation_form,1
Consultation needed for ongoing mouth pain and sensitivity.,consultation_form,1
"Patient reports bad breath and plaque buildup, cleaning recommended.",cleaning_form,0
Broken tooth 22 has poor prognosis and extraction is planned.,extraction_form,4
Deep pockets and bleeding gums suggest periodontal disease.,periodontal_form,7
Patient has gum inflammation and periodontal assessment is required.,periodontal_form,7
Patient has swelling and pain around tooth 12; extraction may be required.,extraction_form,4
Facial swelling and severe tooth pain require urgent dental care.,emergency_form,3
"Patient reports loose painful tooth 25, removal may be needed.",extraction_form,4
Patient broke tooth 19 yesterday and reports sharp pain.,emergency_form,3
Patient came for general dental assessment and treatment planning.,consultation_form,1
Patient is unsure which tooth hurts and needs examination.,consultation_form,1
Patient needs orthodontic consultation for crowded teeth.,orthodontic_form,6
Patient says teeth are shifting and wants orthodontic advice.,orthodontic_form,6
Patient is due for regular hygiene cleaning appointment.,cleaning_form,0
Tooth 29 extraction is needed due to severe decay.,extraction_form,4
Patient has plaque buildup and needs dental cleaning.,cleaning_form,0
Patient has swelling and pain around tooth 27; extraction may be required.,extraction_form,4
Patient reports jaw pain and needs dental consultation.,consultation_form,1
Patient needs crown placement on damaged tooth 17.,crown_bridge_form,2
Patient needs orthodontic consultation for crowded teeth.,orthodontic_form,6
Patient reports jaw pain and needs dental consultation.,consultation_form,1
"Patient reports loose teeth and gum recession, periodontal treatment needed.",periodontal_form,7
Patient came for general dental assessment and treatment planning.,consultation_form,1
Braces consultation requested due to misaligned teeth.,orthodontic_form,6
"Patient says food gets stuck in tooth 20, possible cavity requiring filling.",filling_form,5
Patient broke tooth 15 yesterday and reports sharp pain.,emergency_form,3
Old crown on tooth 11 is loose and needs replacement.,crown_bridge_form,2
Braces consultation requested due to misaligned teeth.,orthodontic_form,6
Tartar accumulation found during exam; dental cleaning is required.,cleaning_form,0
Tooth 5 cannot be restored and should be removed.,extraction_form,4
Deep decay reached nerve of tooth 8; root canal therapy planned.,root_canal_form,8
"Patient reports bad breath and plaque buildup, cleaning recommended.",cleaning_form,0
Deep pockets and bleeding gums suggest periodontal disease.,periodontal_form,7
Bridge replacement required due to fractured dental restoration.,crown_bridge_form,2
Patient reports sensitivity to cold drinks and filling is needed on tooth 18.,filling_form,5
Patient has severe dental pain and needs emergency appointment.,emergency_form,3
Patient has gum inflammation and periodontal assessment is required.,periodontal_form,7
"Patient reports loose painful tooth 8, removal may be needed.",extraction_form,4
Patient has dental trauma after accident and needs emergency evaluation.,emergency_form,3
"Dental exam showed tooth decay on tooth 9, restorative filling recommended.",filling_form,5
Old crown on tooth 4 is loose and needs replacement.,crown_bridge_form,2
Patient needs orthodontic consultation for crowded teeth.,orthodontic_form,6
Patient has bite issue and may need orthodontic treatment.,orthodontic_form,6
Patient reports jaw pain and needs dental consultation.,consultation_form,1
"Patient reports bad breath and plaque buildup, cleaning recommended.",cleaning_form,0
Patient has dental trauma after accident and needs emergency evaluation.,emergency_form,3
Patient broke a crown while chewing and needs crown evaluation.,crown_bridge_form,2
Patient has general tooth discomfort and requests dental evaluation.,consultation_form,1
Old crown on tooth 19 is loose and needs replacement.,crown_bridge_form,2
Old crown on tooth 8 is loose and needs replacement.,crown_bridge_form,2
Patient broke tooth 16 yesterday and reports sharp pain.,emergency_form,3
Patient has plaque buildup and needs dental cleaning.,cleaning_form,0
Patient has dental trauma after accident and needs emergency evaluation.,emergency_form,3
Braces consultation requested due to misaligned teeth.,orthodontic_form,6
Severe nerve pain in tooth 15; root canal treatment recommended.,root_canal_form,8
Old crown on tooth 16 is loose and needs replacement.,crown_bridge_form,2
Broken tooth 10 has poor prognosis and extraction is planned.,extraction_form,4
Patient is due for regular hygiene cleaning appointment.,cleaning_form,0
Patient has general tooth discomfort and requests dental evaluation.,consultation_form,1
Patient has plaque buildup and needs dental cleaning.,cleaning_form,0
Patient has general tooth discomfort and requests dental evaluation.,consultation_form,1
Tooth 28 hurts when eating sweets and may need filling.,filling_form,5
Patient is unsure which tooth hurts and needs examination.,consultation_form,1
Patient has general tooth discomfort and requests dental evaluation.,consultation_form,1
"Patient reports loose painful tooth 9, removal may be needed.",extraction_form,4
Tooth 12 hurts when eating sweets and may need filling.,filling_form,5
Patient has general tooth discomfort and requests dental evaluation.,consultation_form,1
Patient requires root canal treatment on tooth 21 because of infection.,root_canal_form,8
"Patient reports loose painful tooth 12, removal may be needed.",extraction_form,4
Patient came for general dental assessment and treatment planning.,consultation_form,1
Bridge replacement required due to fractured dental restoration.,crown_bridge_form,2
Patient has cavity on tooth 28 and needs composite filling.,filling_form,5
Tooth 29 hurts when eating sweets and may need filling.,filling_form,5
Patient reports sensitivity to cold drinks and filling is needed on tooth 7.,filling_form,5
Patient reports jaw pain and needs dental consultation.,consultation_form,1
Severe nerve pain in tooth 22; root canal treatment recommended.,root_canal_form,8
Patient woke up with swollen face and severe mouth pain.,emergency_form,3
Large restoration on tooth 9 failed; crown treatment recommended.,crown_bridge_form,2
Patient reports jaw pain and needs dental consultation.,consultation_form,1
Patient has dental trauma after accident and needs emergency evaluation.,emergency_form,3
Patient cannot sleep because tooth 1 has constant pulsing pain.,root_canal_form,8
Patient has swelling and pain around tooth 27; extraction may be required.,extraction_form,4
Patient is due for regular hygiene cleaning appointment.,cleaning_form,0
Large restoration on tooth 28 failed; crown treatment recommended.,crown_bridge_form,2
Patient reports jaw pain and needs dental consultation.,consultation_form,1
Patient broke tooth 6 yesterday and reports sharp pain.,emergency_form,3
Old crown on tooth 25 is loose and needs replacement.,crown_bridge_form,2
Patient is due for regular hygiene cleaning appointment.,cleaning_form,0
Periodontal charting required because of bleeding and bone loss.,periodontal_form,7
Patient has swelling and pain around tooth 30; extraction may be required.,extraction_form,4
Old crown on tooth 29 is loose and needs replacement.,crown_bridge_form,2
Clear aligner assessment requested for teeth alignment.,orthodontic_form,6
Patient needs orthodontic consultation for crowded teeth.,orthodontic_form,6
Patient says teeth are shifting and wants orthodontic advice.,orthodontic_form,6
Facial swelling and severe tooth pain require urgent dental care.,emergency_form,3
Patient came for general dental assessment and treatment planning.,consultation_form,1
Tartar accumulation found during exam; dental cleaning is required.,cleaning_form,0
Clear aligner assessment requested for teeth alignment.,orthodontic_form,6
Patient needs crown placement on damaged tooth 12.,crown_bridge_form,2
Patient requires root canal treatment on tooth 30 because of infection.,root_canal_form,8
Patient has plaque buildup and needs dental cleaning.,cleaning_form,0
Large restoration on tooth 28 failed; crown treatment recommended.,crown_bridge_form,2
Patient has severe dental pain and needs emergency appointment.,emergency_form,3
Severe nerve pain in tooth 14; root canal treatment recommended.,root_canal_form,8
Patient has swelling and pain around tooth 2; extraction may be required.,extraction_form,4
Patient broke a crown while chewing and needs crown evaluation.,crown_bridge_form,2
"Patient reports loose painful tooth 22, removal may be needed.",extraction_form,4
Periodontal charting required because of bleeding and bone loss.,periodontal_form,7
Tooth 32 hurts when eating sweets and may need filling.,filling_form,5
Patient reports jaw pain and needs dental consultation.,consultation_form,1
Patient has general tooth discomfort and requests dental evaluation.,consultation_form,1
"Patient reports loose teeth and gum recession, periodontal treatment needed.",periodontal_form,7
Patient has swelling and pain around tooth 19; extraction may be required.,extraction_form,4
"Patient reports loose painful tooth 15, removal may be needed.",extraction_form,4
Patient came for general dental assessment and treatment planning.,consultation_form,1
Abscess found near tooth 7; endodontic treatment is needed.,root_canal_form,8
Tartar accumulation found during exam; dental cleaning is required.,cleaning_form,0
Patient needs crown placement on damaged tooth 17.,crown_bridge_form,2
Patient reports jaw pain and needs dental consultation.,consultation_form,1
Patient broke tooth 13 yesterday and reports sharp pain.,emergency_form,3
Patient requires root canal treatment on tooth 3 because of infection.,root_canal_form,8
Scaling and root planing recommended due to gum disease.,periodontal_form,7
Facial swelling and severe tooth pain require urgent dental care.,emergency_form,3
Patient needs orthodontic consultation for crowded teeth.,orthodontic_form,6
Severe nerve pain in tooth 21; root canal treatment recommended.,root_canal_form,8
Periodontal charting required because of bleeding and bone loss.,periodontal_form,7
Tartar accumulation found during exam; dental cleaning is required.,cleaning_form,0
Patient is due for regular hygiene cleaning appointment.,cleaning_form,0
Patient reports jaw pain and needs dental consultation.,consultation_form,1
Braces consultation requested due to misaligned teeth.,orthodontic_form,6
Patient broke tooth 8 yesterday and reports sharp pain.,emergency_form,3
Patient is unsure which tooth hurts and needs examination.,consultation_form,1
Patient has bite issue and may need orthodontic treatment.,orthodontic_form,6
Patient has plaque buildup and needs dental cleaning.,cleaning_form,0
Clear aligner assessment requested for teeth alignment.,orthodontic_form,6
Patient is unsure which tooth hurts and needs examination.,consultation_form,1
Clear aligner assessment requested for teeth alignment.,orthodontic_form,6
Patient broke tooth 10 yesterday and reports sharp pain.,emergency_form,3
Bridge replacement required due to fractured dental restoration.,crown_bridge_form,2
Patient reports jaw pain and needs dental consultation.,consultation_form,1
"Bleeding gums observed, cleaning and oral hygiene instructions recommended.",cleaning_form,0
Patient needs orthodontic consultation for crowded teeth.,orthodontic_form,6
Patient broke a crown while chewing and needs crown evaluation.,crown_bridge_form,2
Patient requires root canal treatment on tooth 7 because of infection.,root_canal_form,8
Patient has gum inflammation and periodontal assessment is required.,periodontal_form,7
Patient came for general dental assessment and treatment planning.,consultation_form,1
"Bleeding gums observed, cleaning and oral hygiene instructions recommended.",cleaning_form,0
Tooth 27 hurts when eating sweets and may need filling.,filling_form,5
Patient requires root canal treatment on tooth 26 because of infection.,root_canal_form,8
"Patient reports loose teeth and gum recession, periodontal treatment needed.",periodontal_form,7
Large restoration on tooth 22 failed; crown treatment recommended.,crown_bridge_form,2
Patient needs orthodontic consultation for crowded teeth.,orthodontic_form,6
Patient has general tooth discomfort and requests dental evaluation.,consultation_form,1
Patient needs orthodontic consultation for crowded teeth.,orthodontic_form,6
Patient has gum inflammation and periodontal assessment is required.,periodontal_form,7
Patient broke a crown while chewing and needs crown evaluation.,crown_bridge_form,2
Patient has cavity on tooth 23 and needs composite filling.,filling_form,5
Clear aligner assessment requested for teeth alignment.,orthodontic_form,6
Patient has bite issue and may need orthodontic treatment.,orthodontic_form,6
Patient is unsure which tooth hurts and needs examination.,consultation_form,1
"Dental exam showed tooth decay on tooth 32, restorative filling recommended.",filling_form,5
Patient has gum inflammation and periodontal assessment is required.,periodontal_form,7
Broken tooth 25 has poor prognosis and extraction is planned.,extraction_form,4
Abscess found near tooth 3; endodontic treatment is needed.,root_canal_form,8
Tooth 13 cannot be restored and should be removed.,extraction_form,4
Patient cannot sleep because tooth 15 has constant pulsing pain.,root_canal_form,8
Tooth 27 extraction is needed due to severe decay.,extraction_form,4
Patient came for general dental assessment and treatment planning.,consultation_form,1
Patient has cavity on tooth 1 and needs composite filling.,filling_form,5
Patient has swelling and pain around tooth 25; extraction may be required.,extraction_form,4
Facial swelling and severe tooth pain require urgent dental care.,emergency_form,3
Clear aligner assessment requested for teeth alignment.,orthodontic_form,6
Bridge replacement required due to fractured dental restoration.,crown_bridge_form,2
Patient has swelling and pain around tooth 28; extraction may be required.,extraction_form,4
Patient reports sensitivity to cold drinks and filling is needed on tooth 31.,filling_form,5
Patient has gum inflammation and periodontal assessment is required.,periodontal_form,7
Patient has severe dental pain and needs emergency appointment.,emergency_form,3
Patient has severe dental pain and needs emergency appointment.,emergency_form,3
Patient has severe dental pain and needs emergency appointment.,emergency_form,3
"Patient says food gets stuck in tooth 14, possible cavity requiring filling.",filling_form,5
Deep pockets and bleeding gums suggest periodontal disease.,periodontal_form,7
"Patient reports loose teeth and gum recession, periodontal treatment needed.",periodontal_form,7
Bridge replacement required due to fractured dental restoration.,crown_bridge_form,2
Tooth 18 cannot be restored and should be removed.,extraction_form,4
Broken tooth 27 has poor prognosis and extraction is planned.,extraction_form,4
Deep pockets and bleeding gums suggest periodontal disease.,periodontal_form,7
Patient needs orthodontic consultation for crowded teeth.,orthodontic_form,6
Patient says teeth are shifting and wants orthodontic advice.,orthodontic_form,6
Tooth 6 hurts when eating sweets and may need filling.,filling_form,5
Patient reports jaw pain and needs dental consultation.,consultation_form,1
Patient woke up with swollen face and severe mouth pain.,emergency_form,3
Patient reports jaw pain and needs dental consultation.,consultation_form,1
"Bleeding gums observed, cleaning and oral hygiene instructions recommended.",cleaning_form,0
"Bleeding gums observed, cleaning and oral hygiene instructions recommended.",cleaning_form,0
Clear aligner assessment requested for teeth alignment.,orthodontic_form,6
Old crown on tooth 22 is loose and needs replacement.,crown_bridge_form,2
Patient needs orthodontic consultation for crowded teeth.,orthodontic_form,6
Deep pockets and bleeding gums suggest periodontal disease.,periodontal_form,7
Deep decay reached nerve of tooth 3; root canal therapy planned.,root_canal_form,8
Patient has swelling and pain around tooth 21; extraction may be required.,extraction_form,4
Patient has general tooth discomfort and requests dental evaluation.,consultation_form,1
Patient has cavity on tooth 8 and needs composite filling.,filling_form,5
Patient broke a crown while chewing and needs crown evaluation.,crown_bridge_form,2
Large restoration on tooth 26 failed; crown treatment recommended.,crown_bridge_form,2
Old crown on tooth 5 is loose and needs replacement.,crown_bridge_form,2
"Patient reports loose painful tooth 25, removal may be needed.",extraction_form,4
Severe nerve pain in tooth 14; root canal treatment recommended.,root_canal_form,8
Patient has plaque buildup and needs dental cleaning.,cleaning_form,0
Patient says teeth are shifting and wants orthodontic advice.,orthodontic_form,6
Patient needs orthodontic consultation for crowded teeth.,orthodontic_form,6
Tooth 4 extraction is needed due to severe decay.,extraction_form,4
Patient has swelling and pain around tooth 8; extraction may be required.,extraction_form,4
Patient has plaque buildup and needs dental cleaning.,cleaning_form,0
Deep pockets and bleeding gums suggest periodontal disease.,periodontal_form,7
Patient needs crown placement on damaged tooth 20.,crown_bridge_form,2
Patient is due for regular hygiene cleaning appointment.,cleaning_form,0
Patient needs crown placement on damaged tooth 24.,crown_bridge_form,2
"Patient reports loose teeth and gum recession, periodontal treatment needed.",periodontal_form,7
Patient needs crown placement on damaged tooth 28.,crown_bridge_form,2
Patient came for general dental assessment and treatment planning.,consultation_form,1
Patient woke up with swollen face and severe mouth pain.,emergency_form,3
Tooth 9 hurts when eating sweets and may need filling.,filling_form,5
"Patient reports bad breath and plaque buildup, cleaning recommended.",cleaning_form,0
Braces consultation requested due to misaligned teeth.,orthodontic_form,6
Severe nerve pain in tooth 1; root canal treatment recommended.,root_canal_form,8
"Dental exam showed tooth decay on tooth 25, restorative filling recommended.",filling_form,5
Consultation needed for ongoing mouth pain and sensitivity.,consultation_form,1
Patient broke tooth 21 yesterday and reports sharp pain.,emergency_form,3
Braces consultation requested due to misaligned teeth.,orthodontic_form,6
"Patient reports loose teeth and gum recession, periodontal treatment needed.",periodontal_form,7
Patient has general tooth discomfort and requests dental evaluation.,consultation_form,1
Tooth 30 extraction is needed due to severe decay.,extraction_form,4
Patient broke a crown while chewing and needs crown evaluation.,crown_bridge_form,2
Patient requires root canal treatment on tooth 4 because of infection.,root_canal_form,8
Patient has plaque buildup and needs dental cleaning.,cleaning_form,0
Tooth 1 hurts when eating sweets and may need filling.,filling_form,5
Patient is unsure which tooth hurts and needs examination.,consultation_form,1
Patient requires root canal treatment on tooth 7 because of infection.,root_canal_form,8
Patient reports jaw pain and needs dental consultation.,consultation_form,1
Patient woke up with swollen face and severe mouth pain.,emergency_form,3
Periodontal charting required because of bleeding and bone loss.,periodontal_form,7
Patient broke a crown while chewing and needs crown evaluation.,crown_bridge_form,2
"Patient reports bad breath and plaque buildup, cleaning recommended.",cleaning_form,0
Patient requires root canal treatment on tooth 8 because of infection.,root_canal_form,8
Patient needs orthodontic consultation for crowded teeth.,orthodontic_form,6
Patient reports sensitivity to cold drinks and filling is needed on tooth 14.,filling_form,5
Patient woke up with swollen face and severe mouth pain.,emergency_form,3
Patient cannot sleep because tooth 4 has constant pulsing pain.,root_canal_form,8
Abscess found near tooth 28; endodontic treatment is needed.,root_canal_form,8
Patient has cavity on tooth 14 and needs composite filling.,filling_form,5
Patient is unsure which tooth hurts and needs examination.,consultation_form,1
Patient has general tooth discomfort and requests dental evaluation.,consultation_form,1
Patient has dental trauma after accident and needs emergency evaluation.,emergency_form,3
Patient is unsure which tooth hurts and needs examination.,consultation_form,1
Tooth 25 cannot be restored and should be removed.,extraction_form,4
"Patient reports bad breath and plaque buildup, cleaning recommended.",cleaning_form,0
Patient reports sensitivity to cold drinks and filling is needed on tooth 20.,filling_form,5
"Patient reports loose painful tooth 16, removal may be needed.",extraction_form,4
Patient says teeth are shifting and wants orthodontic advice.,orthodontic_form,6
Patient has cavity on tooth 3 and needs composite filling.,filling_form,5
Patient has severe dental pain and needs emergency appointment.,emergency_form,3
"Dental exam showed tooth decay on tooth 21, restorative filling recommended.",filling_form,5
Scaling and root planing recommended due to gum disease.,periodontal_form,7
Patient reports sensitivity to cold drinks and filling is needed on tooth 8.,filling_form,5
Patient has general tooth discomfort and requests dental evaluation.,consultation_form,1
Patient has dental trauma after accident and needs emergency evaluation.,emergency_form,3
Patient has swelling and pain around tooth 10; extraction may be required.,extraction_form,4
Patient broke tooth 27 yesterday and reports sharp pain.,emergency_form,3
Tartar accumulation found during exam; dental cleaning is required.,cleaning_form,0
Patient woke up with swollen face and severe mouth pain.,emergency_form,3
Tooth 30 cannot be restored and should be removed.,extraction_form,4
Patient has plaque buildup and needs dental cleaning.,cleaning_form,0
Patient is due for regular hygiene cleaning appointment.,cleaning_form,0
"Patient reports loose painful tooth 16, removal may be needed.",extraction_form,4
Patient has cavity on tooth 22 and needs composite filling.,filling_form,5
Patient reports jaw pain and needs dental consultation.,consultation_form,1
Patient has dental trauma after accident and needs emergency evaluation.,emergency_form,3
Scaling and root planing recommended due to gum disease.,periodontal_form,7
Patient has gum inflammation and periodontal assessment is required.,periodontal_form,7
Tooth 4 cannot be restored and should be removed.,extraction_form,4
Patient reports jaw pain and needs dental consultation.,consultation_form,1
Patient has severe dental pain and needs emergency appointment.,emergency_form,3
Facial swelling and severe tooth pain require urgent dental care.,emergency_form,3
"Patient reports loose painful tooth 22, removal may be needed.",extraction_form,4
Scaling and root planing recommended due to gum disease.,periodontal_form,7
Tooth 14 hurts when eating sweets and may need filling.,filling_form,5
Patient reports jaw pain and needs dental consultation.,consultation_form,1
Patient broke tooth 1 yesterday and reports sharp pain.,emergency_form,3
"Patient reports bad breath and plaque buildup, cleaning recommended.",cleaning_form,0
Patient has cavity on tooth 30 and needs composite filling.,filling_form,5
Patient is unsure which tooth hurts and needs examination.,consultation_form,1
Severe nerve pain in tooth 25; root canal treatment recommended.,root_canal_form,8
Tooth 30 cannot be restored and should be removed.,extraction_form,4
Patient is unsure which tooth hurts and needs examination.,consultation_form,1
"Patient reports loose teeth and gum recession, periodontal treatment needed.",periodontal_form,7
Patient has swelling and pain around tooth 30; extraction may be required.,extraction_form,4
Patient broke tooth 8 yesterday and reports sharp pain.,emergency_form,3
"Patient reports bad breath and plaque buildup, cleaning recommended.",cleaning_form,0
Patient broke tooth 26 yesterday and reports sharp pain.,emergency_form,3
Deep pockets and bleeding gums suggest periodontal disease.,periodontal_form,7
Patient has dental trauma after accident and needs emergency evaluation.,emergency_form,3
Broken tooth 29 has poor prognosis and extraction is planned.,extraction_form,4
Braces consultation requested due to misaligned teeth.,orthodontic_form,6
Clear aligner assessment requested for teeth alignment.,orthodontic_form,6
Patient requires root canal treatment on tooth 23 because of infection.,root_canal_form,8
Bridge replacement required due to fractured dental restoration.,crown_bridge_form,2
Patient has dental trauma after accident and needs emergency evaluation.,emergency_form,3
Tooth 7 cannot be restored and should be removed.,extraction_form,4
Patient has severe dental pain and needs emergency appointment.,emergency_form,3
Facial swelling and severe tooth pain require urgent dental care.,emergency_form,3
"Dental exam showed tooth decay on tooth 14, restorative filling recommended.",filling_form,5
Large restoration on tooth 28 failed; crown treatment recommended.,crown_bridge_form,2
Patient has dental trauma after accident and needs emergency evaluation.,emergency_form,3
Patient has swelling and pain around tooth 21; extraction may be required.,extraction_form,4
Patient needs crown placement on damaged tooth 4.,crown_bridge_form,2
Consultation needed for ongoing mouth pain and sensitivity.,consultation_form,1
Patient is unsure which tooth hurts and needs examination.,consultation_form,1
Large restoration on tooth 15 failed; crown treatment recommended.,crown_bridge_form,2
Scaling and root planing recommended due to gum disease.,periodontal_form,7
Patient has bite issue and may need orthodontic treatment.,orthodontic_form,6
Patient came for general dental assessment and treatment planning.,consultation_form,1
Patient has severe dental pain and needs emergency appointment.,emergency_form,3
Tartar accumulation found during exam; dental cleaning is required.,cleaning_form,0
Tooth 9 hurts when eating sweets and may need filling.,filling_form,5
Patient has dental trauma after accident and needs emergency evaluation.,emergency_form,3
"Patient reports bad breath and plaque buildup, cleaning recommended.",cleaning_form,0
Patient has general tooth discomfort and requests dental evaluation.,consultation_form,1
"Patient says food gets stuck in tooth 18, possible cavity requiring filling.",filling_form,5
Old crown on tooth 6 is loose and needs replacement.,crown_bridge_form,2
Patient broke a crown while chewing and needs crown evaluation.,crown_bridge_form,2
Abscess found near tooth 25; endodontic treatment is needed.,root_canal_form,8
Patient needs orthodontic consultation for crowded teeth.,orthodontic_form,6
Abscess found near tooth 23; endodontic treatment is needed.,root_canal_form,8
Patient has gum inflammation and periodontal assessment is required.,periodontal_form,7
"Patient reports loose teeth and gum recession, periodontal treatment needed.",periodontal_form,7
Patient needs crown placement on damaged tooth 31.,crown_bridge_form,2
Patient requires root canal treatment on tooth 29 because of infection.,root_canal_form,8
Patient reports jaw pain and needs dental consultation.,consultation_form,1
"Patient reports loose teeth and gum recession, periodontal treatment needed.",periodontal_form,7
Patient has swelling and pain around tooth 10; extraction may be required.,extraction_form,4
Patient is due for regular hygiene cleaning appointment.,cleaning_form,0
Abscess found near tooth 4; endodontic treatment is needed.,root_canal_form,8
Patient is unsure which tooth hurts and needs examination.,consultation_form,1
Patient requires root canal treatment on tooth 10 because of infection.,root_canal_form,8
Patient broke a crown while chewing and needs crown evaluation.,crown_bridge_form,2
Facial swelling and severe tooth pain require urgent dental care.,emergency_form,3
Patient is unsure which tooth hurts and needs examination.,consultation_form,1
"Patient reports loose teeth and gum recession, periodontal treatment needed.",periodontal_form,7
Patient needs crown placement on damaged tooth 3.,crown_bridge_form,2
Patient says teeth are shifting and wants orthodontic advice.,orthodontic_form,6
Patient requires root canal treatment on tooth 6 because of infection.,root_canal_form,8
Patient says teeth are shifting and wants orthodontic advice.,orthodontic_form,6
Patient broke a crown while chewing and needs crown evaluation.,crown_bridge_form,2
Patient woke up with swollen face and severe mouth pain.,emergency_form,3
Patient has cavity on tooth 24 and needs composite filling.,filling_form,5
Facial swelling and severe tooth pain require urgent dental care.,emergency_form,3
Tooth 22 hurts when eating sweets and may need filling.,filling_form,5
Patient broke tooth 29 yesterday and reports sharp pain.,emergency_form,3
Patient came for general dental assessment and treatment planning.,consultation_form,1
Bridge replacement required due to fractured dental restoration.,crown_bridge_form,2
Patient says teeth are shifting and wants orthodontic advice.,orthodontic_form,6
Patient cannot sleep because tooth 15 has constant pulsing pain.,root_canal_form,8
Patient has gum inflammation and periodontal assessment is required.,periodontal_form,7
Patient has dental trauma after accident and needs emergency evaluation.,emergency_form,3
"Bleeding gums observed, cleaning and oral hygiene instructions recommended.",cleaning_form,0
Patient has severe dental pain and needs emergency appointment.,emergency_form,3
Deep decay reached nerve of tooth 14; root canal therapy planned.,root_canal_form,8
Consultation needed for ongoing mouth pain and sensitivity.,consultation_form,1
Tooth 16 hurts when eating sweets and may need filling.,filling_form,5
Severe nerve pain in tooth 20; root canal treatment recommended.,root_canal_form,8
Severe nerve pain in tooth 26; root canal treatment recommended.,root_canal_form,8
Consultation needed for ongoing mouth pain and sensitivity.,consultation_form,1
Patient came for general dental assessment and treatment planning.,consultation_form,1
Patient has cavity on tooth 7 and needs composite filling.,filling_form,5
Patient has severe dental pain and needs emergency appointment.,emergency_form,3
Patient requires root canal treatment on tooth 21 because of infection.,root_canal_form,8
Broken tooth 14 has poor prognosis and extraction is planned.,extraction_form,4
Patient is unsure which tooth hurts and needs examination.,consultation_form,1
Patient reports sensitivity to cold drinks and filling is needed on tooth 28.,filling_form,5
Patient requires root canal treatment on tooth 16 because of infection.,root_canal_form,8
"Patient reports bad breath and plaque buildup, cleaning recommended.",cleaning_form,0
Patient has general tooth discomfort and requests dental evaluation.,consultation_form,1
Patient has gum inflammation and periodontal assessment is required.,periodontal_form,7
Broken tooth 7 has poor prognosis and extraction is planned.,extraction_form,4
Patient has general tooth discomfort and requests dental evaluation.,consultation_form,1
Patient has cavity on tooth 31 and needs composite filling.,filling_form,5
Large restoration on tooth 12 failed; crown treatment recommended.,crown_bridge_form,2
Patient requires root canal treatment on tooth 18 because of infection.,root_canal_form,8
Patient has cavity on tooth 22 and needs composite filling.,filling_form,5
Consultation needed for ongoing mouth pain and sensitivity.,consultation_form,1
"Patient reports bad breath and plaque buildup, cleaning recommended.",cleaning_form,0
Patient has gum inflammation and periodontal assessment is required.,periodontal_form,7
Broken tooth 4 has poor prognosis and extraction is planned.,extraction_form,4
"Patient reports loose teeth and gum recession, periodontal treatment needed.",periodontal_form,7
"Patient reports loose teeth and gum recession, periodontal treatment needed.",periodontal_form,7
Patient reports jaw pain and needs dental consultation.,consultation_form,1
"Dental exam showed tooth decay on tooth 28, restorative filling recommended.",filling_form,5
Old crown on tooth 19 is loose and needs replacement.,crown_bridge_form,2
Patient has bite issue and may need orthodontic treatment.,orthodontic_form,6
Patient has bite issue and may need orthodontic treatment.,orthodontic_form,6
Abscess found near tooth 12; endodontic treatment is needed.,root_canal_form,8
Patient woke up with swollen face and severe mouth pain.,emergency_form,3
Tartar accumulation found during exam; dental cleaning is required.,cleaning_form,0
Patient cannot sleep because tooth 31 has constant pulsing pain.,root_canal_form,8
Patient has bite issue and may need orthodontic treatment.,orthodontic_form,6
Patient needs orthodontic consultation for crowded teeth.,orthodontic_form,6
Patient has dental trauma after accident and needs emergency evaluation.,emergency_form,3
Patient is unsure which tooth hurts and needs examination.,consultation_form,1
Facial swelling and severe tooth pain require urgent dental care.,emergency_form,3
Tooth 8 cannot be restored and should be removed.,extraction_form,4
Patient broke tooth 22 yesterday and reports sharp pain.,emergency_form,3
Deep pockets and bleeding gums suggest periodontal disease.,periodontal_form,7
Large restoration on tooth 22 failed; crown treatment recommended.,crown_bridge_form,2
"Bleeding gums observed, cleaning and oral hygiene instructions recommended.",cleaning_form,0
"Patient says food gets stuck in tooth 30, possible cavity requiring filling.",filling_form,5
Patient has dental trauma after accident and needs emergency evaluation.,emergency_form,3
Consultation needed for ongoing mouth pain and sensitivity.,consultation_form,1
Bridge replacement required due to fractured dental restoration.,crown_bridge_form,2
Severe nerve pain in tooth 23; root canal treatment recommended.,root_canal_form,8
Patient reports jaw pain and needs dental consultation.,consultation_form,1
Bridge replacement required due to fractured dental restoration.,crown_bridge_form,2
Tooth 26 cannot be restored and should be removed.,extraction_form,4
Scaling and root planing recommended due to gum disease.,periodontal_form,7
Patient has dental trauma after accident and needs emergency evaluation.,emergency_form,3
Patient requires root canal treatment on tooth 26 because of infection.,root_canal_form,8
Patient has bite issue and may need orthodontic treatment.,orthodontic_form,6
Large restoration on tooth 32 failed; crown treatment recommended.,crown_bridge_form,2
Patient is unsure which tooth hurts and needs examination.,consultation_form,1
Patient woke up with swollen face and severe mouth pain.,emergency_form,3
Patient woke up with swollen face and severe mouth pain.,emergency_form,3
Patient needs crown placement on damaged tooth 13.,crown_bridge_form,2
Patient came for general dental assessment and treatment planning.,consultation_form,1
Abscess found near tooth 4; endodontic treatment is needed.,root_canal_form,8
Patient has cavity on tooth 26 and needs composite filling.,filling_form,5
Periodontal charting required because of bleeding and bone loss.,periodontal_form,7
Patient has bite issue and may need orthodontic treatment.,orthodontic_form,6
Patient broke a crown while chewing and needs crown evaluation.,crown_bridge_form,2
Periodontal charting required because of bleeding and bone loss.,periodontal_form,7
"Patient reports loose teeth and gum recession, periodontal treatment needed.",periodontal_form,7
Patient says teeth are shifting and wants orthodontic advice.,orthodontic_form,6
Patient has bite issue and may need orthodontic treatment.,orthodontic_form,6
Tooth 12 extraction is needed due to severe decay.,extraction_form,4
"Patient reports loose painful tooth 29, removal may be needed.",extraction_form,4
Patient woke up with swollen face and severe mouth pain.,emergency_form,3
Clear aligner assessment requested for teeth alignment.,orthodontic_form,6
Patient is due for regular hygiene cleaning appointment.,cleaning_form,0
Large restoration on tooth 24 failed; crown treatment recommended.,crown_bridge_form,2
Tooth 31 cannot be restored and should be removed.,extraction_form,4
Patient needs orthodontic consultation for crowded teeth.,orthodontic_form,6
Patient has bite issue and may need orthodontic treatment.,orthodontic_form,6
Patient has plaque buildup and needs dental cleaning.,cleaning_form,0
Patient reports jaw pain and needs dental consultation.,consultation_form,1
Patient says teeth are shifting and wants orthodontic advice.,orthodontic_form,6
Deep decay reached nerve of tooth 23; root canal therapy planned.,root_canal_form,8
Abscess found near tooth 25; endodontic treatment is needed.,root_canal_form,8
Patient requires root canal treatment on tooth 29 because of infection.,root_canal_form,8
Patient says teeth are shifting and wants orthodontic advice.,orthodontic_form,6
Patient broke tooth 26 yesterday and reports sharp pain.,emergency_form,3
Patient has severe dental pain and needs emergency appointment.,emergency_form,3
Bridge replacement required due to fractured dental restoration.,crown_bridge_form,2
Patient has dental trauma after accident and needs emergency evaluation.,emergency_form,3
Patient needs orthodontic consultation for crowded teeth.,orthodontic_form,6
Patient has gum inflammation and periodontal assessment is required.,periodontal_form,7
"Bleeding gums observed, cleaning and oral hygiene instructions recommended.",cleaning_form,0
Patient reports jaw pain and needs dental consultation.,consultation_form,1
Deep decay reached nerve of tooth 23; root canal therapy planned.,root_canal_form,8
"Bleeding gums observed, cleaning and oral hygiene instructions recommended.",cleaning_form,0
"Patient reports bad breath and plaque buildup, cleaning recommended.",cleaning_form,0
Patient woke up with swollen face and severe mouth pain.,emergency_form,3
Patient came for general dental assessment and treatment planning.,consultation_form,1
Patient reports jaw pain and needs dental consultation.,consultation_form,1
Abscess found near tooth 21; endodontic treatment is needed.,root_canal_form,8
Clear aligner assessment requested for teeth alignment.,orthodontic_form,6
"Patient reports loose painful tooth 13, removal may be needed.",extraction_form,4
"Patient reports loose teeth and gum recession, periodontal treatment needed.",periodontal_form,7
Patient reports jaw pain and needs dental consultation.,consultation_form,1
Severe nerve pain in tooth 20; root canal treatment recommended.,root_canal_form,8
Deep decay reached nerve of tooth 3; root canal therapy planned.,root_canal_form,8
Patient broke tooth 6 yesterday and reports sharp pain.,emergency_form,3
Patient broke a crown while chewing and needs crown evaluation.,crown_bridge_form,2
Braces consultation requested due to misaligned teeth.,orthodontic_form,6
Tooth 14 hurts when eating sweets and may need filling.,filling_form,5
"Patient reports bad breath and plaque buildup, cleaning recommended.",cleaning_form,0
"Patient reports loose painful tooth 5, removal may be needed.",extraction_form,4
Severe nerve pain in tooth 1; root canal treatment recommended.,root_canal_form,8
Patient woke up with swollen face and severe mouth pain.,emergency_form,3
Clear aligner assessment requested for teeth alignment.,orthodontic_form,6
"Patient says food gets stuck in tooth 3, possible cavity requiring filling.",filling_form,5
Patient has gum inflammation and periodontal assessment is required.,periodontal_form,7
Tooth 2 cannot be restored and should be removed.,extraction_form,4
Periodontal charting required because of bleeding and bone loss.,periodontal_form,7
"Patient says food gets stuck in tooth 17, possible cavity requiring filling.",filling_form,5
Tooth 30 cannot be restored and should be removed.,extraction_form,4
Bridge replacement required due to fractured dental restoration.,crown_bridge_form,2
"Patient reports bad breath and plaque buildup, cleaning recommended.",cleaning_form,0
Patient has bite issue and may need orthodontic treatment.,orthodontic_form,6
Clear aligner assessment requested for teeth alignment.,orthodontic_form,6
Patient requires root canal treatment on tooth 1 because of infection.,root_canal_form,8
"Patient reports bad breath and plaque buildup, cleaning recommended.",cleaning_form,0
Patient has dental trauma after accident and needs emergency evaluation.,emergency_form,3
Patient is due for regular hygiene cleaning appointment.,cleaning_form,0
Broken tooth 30 has poor prognosis and extraction is planned.,extraction_form,4
Patient has severe dental pain and needs emergency appointment.,emergency_form,3
Old crown on tooth 32 is loose and needs replacement.,crown_bridge_form,2
"Bleeding gums observed, cleaning and oral hygiene instructions recommended.",cleaning_form,0
Periodontal charting required because of bleeding and bone loss.,periodontal_form,7
Patient has general tooth discomfort and requests dental evaluation.,consultation_form,1
Periodontal charting required because of bleeding and bone loss.,periodontal_form,7
Patient broke tooth 14 yesterday and reports sharp pain.,emergency_form,3
Patient has cavity on tooth 17 and needs composite filling.,filling_form,5
Patient is unsure which tooth hurts and needs examination.,consultation_form,1
Patient is due for regular hygiene cleaning appointment.,cleaning_form,0
Bridge replacement required due to fractured dental restoration.,crown_bridge_form,2
Patient has severe dental pain and needs emergency appointment.,emergency_form,3
"Patient reports loose teeth and gum recession, periodontal treatment needed.",periodontal_form,7
"Patient reports loose teeth and gum recession, periodontal treatment needed.",periodontal_form,7
Patient has dental trauma after accident and needs emergency evaluation.,emergency_form,3
"Dental exam showed tooth decay on tooth 15, restorative filling recommended.",filling_form,5
Facial swelling and severe tooth pain require urgent dental care.,emergency_form,3
Clear aligner assessment requested for teeth alignment.,orthodontic_form,6
Patient cannot sleep because tooth 32 has constant pulsing pain.,root_canal_form,8
Tartar accumulation found during exam; dental cleaning is required.,cleaning_form,0
Patient cannot sleep because tooth 21 has constant pulsing pain.,root_canal_form,8
Patient needs orthodontic consultation for crowded teeth.,orthodontic_form,6
Patient has bite issue and may need orthodontic treatment.,orthodontic_form,6
"Bleeding gums observed, cleaning and oral hygiene instructions recommended.",cleaning_form,0
Patient reports sensitivity to cold drinks and filling is needed on tooth 28.,filling_form,5
Large restoration on tooth 10 failed; crown treatment recommended.,crown_bridge_form,2
Abscess found near tooth 15; endodontic treatment is needed.,root_canal_form,8
Braces consultation requested due to misaligned teeth.,orthodontic_form,6
Tooth 25 hurts when eating sweets and may need filling.,filling_form,5
Tooth 4 hurts when eating sweets and may need filling.,filling_form,5
Patient has gum inflammation and periodontal assessment is required.,periodontal_form,7
Large restoration on tooth 27 failed; crown treatment recommended.,crown_bridge_form,2
Scaling and root planing recommended due to gum disease.,periodontal_form,7
Tooth 4 extraction is needed due to severe decay.,extraction_form,4
Tooth 21 extraction is needed due to severe decay.,extraction_form,4
"Patient says food gets stuck in tooth 32, possible cavity requiring filling.",filling_form,5
Patient has swelling and pain around tooth 3; extraction may be required.,extraction_form,4
Broken tooth 14 has poor prognosis and extraction is planned.,extraction_form,4
Patient needs crown placement on damaged tooth 15.,crown_bridge_form,2
Periodontal charting required because of bleeding and bone loss.,periodontal_form,7
Patient reports jaw pain and needs dental consultation.,consultation_form,1
Patient has bite issue and may need orthodontic treatment.,orthodontic_form,6
Tooth 19 extraction is needed due to severe decay.,extraction_form,4
Patient cannot sleep because tooth 21 has constant pulsing pain.,root_canal_form,8
Deep pockets and bleeding gums suggest periodontal disease.,periodontal_form,7
"Dental exam showed tooth decay on tooth 14, restorative filling recommended.",filling_form,5
Patient broke tooth 3 yesterday and reports sharp pain.,emergency_form,3
Periodontal charting required because of bleeding and bone loss.,periodontal_form,7
Patient requires root canal treatment on tooth 1 because of infection.,root_canal_form,8
Patient broke a crown while chewing and needs crown evaluation.,crown_bridge_form,2
Patient says teeth are shifting and wants orthodontic advice.,orthodontic_form,6
Patient has plaque buildup and needs dental cleaning.,cleaning_form,0
Patient has general tooth discomfort and requests dental evaluation.,consultation_form,1
Tooth 1 cannot be restored and should be removed.,extraction_form,4
Patient reports jaw pain and needs dental consultation.,consultation_form,1
Old crown on tooth 27 is loose and needs replacement.,crown_bridge_form,2
Severe nerve pain in tooth 14; root canal treatment recommended.,root_canal_form,8
Patient requires root canal treatment on tooth 27 because of infection.,root_canal_form,8
Patient has general tooth discomfort and requests dental evaluation.,consultation_form,1
Patient has cavity on tooth 18 and needs composite filling.,filling_form,5
Old crown on tooth 32 is loose and needs replacement.,crown_bridge_form,2
Broken tooth 31 has poor prognosis and extraction is planned.,extraction_form,4
Patient is due for regular hygiene cleaning appointment.,cleaning_form,0
Severe nerve pain in tooth 4; root canal treatment recommended.,root_canal_form,8
Patient needs orthodontic consultation for crowded teeth.,orthodontic_form,6
Patient has dental trauma after accident and needs emergency evaluation.,emergency_form,3
"Patient reports loose painful tooth 30, removal may be needed.",extraction_form,4
Tartar accumulation found during exam; dental cleaning is required.,cleaning_form,0
Patient has general tooth discomfort and requests dental evaluation.,consultation_form,1
Deep decay reached nerve of tooth 21; root canal therapy planned.,root_canal_form,8
Tooth 12 hurts when eating sweets and may need filling.,filling_form,5
Patient cannot sleep because tooth 5 has constant pulsing pain.,root_canal_form,8
Patient is due for regular hygiene cleaning appointment.,cleaning_form,0
"Patient says food gets stuck in tooth 14, possible cavity requiring filling.",filling_form,5
Patient has plaque buildup and needs dental cleaning.,cleaning_form,0
Patient has bite issue and may need orthodontic treatment.,orthodontic_form,6
Patient came for general dental assessment and treatment planning.,consultation_form,1
Patient has dental trauma after accident and needs emergency evaluation.,emergency_form,3
Patient reports sensitivity to cold drinks and filling is needed on tooth 18.,filling_form,5
Patient needs crown placement on damaged tooth 24.,crown_bridge_form,2
Patient needs crown placement on damaged tooth 25.,crown_bridge_form,2
Patient came for general dental assessment and treatment planning.,consultation_form,1
Patient requires root canal treatment on tooth 22 because of infection.,root_canal_form,8
Broken tooth 19 has poor prognosis and extraction is planned.,extraction_form,4
Patient cannot sleep because tooth 29 has constant pulsing pain.,root_canal_form,8
Periodontal charting required because of bleeding and bone loss.,periodontal_form,7
Patient came for general dental assessment and treatment planning.,consultation_form,1
"Bleeding gums observed, cleaning and oral hygiene instructions recommended.",cleaning_form,0
"Dental exam showed tooth decay on tooth 30, restorative filling recommended.",filling_form,5
Deep decay reached nerve of tooth 7; root canal therapy planned.,root_canal_form,8
Broken tooth 14 has poor prognosis and extraction is planned.,extraction_form,4
Patient has plaque buildup and needs dental cleaning.,cleaning_form,0
Abscess found near tooth 3; endodontic treatment is needed.,root_canal_form,8
Patient has plaque buildup and needs dental cleaning.,cleaning_form,0
Broken tooth 25 has poor prognosis and extraction is planned.,extraction_form,4
Tooth 22 hurts when eating sweets and may need filling.,filling_form,5
Patient is unsure which tooth hurts and needs examination.,consultation_form,1
Scaling and root planing recommended due to gum disease.,periodontal_form,7
Bridge replacement required due to fractured dental restoration.,crown_bridge_form,2
Consultation needed for ongoing mouth pain and sensitivity.,consultation_form,1
Scaling and root planing recommended due to gum disease.,periodontal_form,7
Broken tooth 18 has poor prognosis and extraction is planned.,extraction_form,4
Patient needs orthodontic consultation for crowded teeth.,orthodontic_form,6
Patient says teeth are shifting and wants orthodontic advice.,orthodontic_form,6
"Bleeding gums observed, cleaning and oral hygiene instructions recommended.",cleaning_form,0
Patient woke up with swollen face and severe mouth pain.,emergency_form,3
Patient has plaque buildup and needs dental cleaning.,cleaning_form,0
Patient has swelling and pain around tooth 24; extraction may be required.,extraction_form,4
Severe nerve pain in tooth 31; root canal treatment recommended.,root_canal_form,8
Tooth 31 hurts when eating sweets and may need filling.,filling_form,5
Patient is unsure which tooth hurts and needs examination.,consultation_form,1
Patient is unsure which tooth hurts and needs examination.,consultation_form,1
Patient came for general dental assessment and treatment planning.,consultation_form,1
Patient has severe dental pain and needs emergency appointment.,emergency_form,3
Patient says teeth are shifting and wants orthodontic advice.,orthodontic_form,6
Periodontal charting required because of bleeding and bone loss.,periodontal_form,7
Clear aligner assessment requested for teeth alignment.,orthodontic_form,6
Patient has cavity on tooth 22 and needs composite filling.,filling_form,5
Patient woke up with swollen face and severe mouth pain.,emergency_form,3
Patient woke up with swollen face and severe mouth pain.,emergency_form,3
Patient has general tooth discomfort and requests dental evaluation.,consultation_form,1
Patient needs crown placement on damaged tooth 28.,crown_bridge_form,2
Clear aligner assessment requested for teeth alignment.,orthodontic_form,6
Clear aligner assessment requested for teeth alignment.,orthodontic_form,6
Clear aligner assessment requested for teeth alignment.,orthodontic_form,6
Patient has swelling and pain around tooth 29; extraction may be required.,extraction_form,4
